year,"L1[base{eccl,maint,dom}]",L1[+charitable],L1[+charitable+admin],era
1700,0.4157736485426685,0.41026772006840584,0.31187206321170924,pre_industrial
1701,0.5068146375077067,0.5037198225317037,0.09669120758229677,pre_industrial
1702,0.2750262101635488,0.26025526767670715,0.19457999128770176,pre_industrial
1703,0.7372258901640335,0.7340685013330843,0.705078027608055,pre_industrial
1704,0.19311230848881134,0.18091695269505859,0.0737665624820234,pre_industrial
1705,0.5105600475945807,0.5002256998254726,0.26809394937251285,pre_industrial
1706,0.5961120929058319,0.5961120929058319,0.5961120929058319,pre_industrial
1707,0.5132064052237437,0.46928876784260565,0.31200958141001855,pre_industrial
1708,0.48091977659897645,0.4418012291729956,0.25201551655644616,pre_industrial
1709,0.12041508982488403,0.11472271722635374,0.09707258404750363,pre_industrial
1710,0.6087840128082157,0.5856542214465494,0.35944497731878466,pre_industrial
1711,0.31560068366842076,0.3120024288220212,0.2019351864345792,pre_industrial
1712,0.4409730787900973,0.4409730787900973,0.43191711163986213,pre_industrial
1713,0.5772482618145405,0.5670751829219722,0.39172043377826327,pre_industrial
1714,0.7029873127664235,0.7029873127664235,0.6790955502013445,pre_industrial
1715,0.2731757984938977,0.2731757984938977,0.24928589976629456,pre_industrial
1716,0.5184557215280015,0.5146238491666526,0.3313495764029004,pre_industrial
1717,0.34389061093890605,0.32659234076592336,0.20480451954804513,pre_industrial
1718,0.31441255277286173,0.30843278195786095,0.2440533512620996,pre_industrial
1719,0.2166523333182454,0.19954284162404357,0.047073733761824776,pre_industrial
1720,0.43272694217505425,0.4235640346790597,0.3800311338870772,pre_industrial
1723,0.4282287714055404,0.4246898531348918,0.2852663035998664,pre_industrial
1724,0.2633173328288839,0.25423724360439603,0.09630779820973012,pre_industrial
1725,0.502625510833086,0.49687221752928024,0.44290084701262533,pre_industrial
1726,0.5922240689995957,0.3552232604105835,0.25495822290103787,pre_industrial
1727,0.4575878980451752,0.33048974234993445,0.2573737652828627,pre_industrial
1728,0.8819432693592199,0.8778584257321399,0.6376719953689273,pre_industrial
1729,0.14210888139588185,0.14171604412871974,0.05237830228827711,pre_industrial
1730,0.3420965639698521,0.3276648595553373,0.2498347154271897,pre_industrial
1731,0.43661625620376443,0.4311616256203764,0.32389502762430944,pre_industrial
1732,0.341461321683845,0.3393082466285068,0.30030326374194305,pre_industrial
1733,0.507286043708401,0.5058395786384362,0.30024238771552847,pre_industrial
1734,0.5143781536291594,0.5128540504045892,0.3618853869918681,pre_industrial
1735,0.4929565314287152,0.4786718955000162,0.1309970129510678,pre_industrial
1736,0.5757299387897414,0.5739478679717969,0.5536638988610243,pre_industrial
1737,0.457557209382053,0.421845984629889,0.10120025426392043,pre_industrial
1738,0.5757681286316962,0.5752905357000717,0.35570723553291406,pre_industrial
1739,0.2837266631818739,0.2731432185287721,0.10890622680838147,pre_industrial
1740,0.625749640690332,0.6245740238445765,0.15440261110688913,pre_industrial
1741,0.6089552103289539,0.3030452981286943,0.17106422001688815,pre_industrial
1742,0.6059180036992227,0.5920543857239355,0.35930629225364696,pre_industrial
1743,0.4528614408758649,0.43930638977288783,0.34847234139612693,pre_industrial
1744,0.6764659032304361,0.6706872976344622,0.5654990119278369,pre_industrial
1745,0.3097773898770406,0.30194531293938265,0.22295798382342835,pre_industrial
1746,0.6905617074839812,0.6664442289852001,0.4527182538903697,pre_industrial
1747,0.4858616975552287,0.4787655762773104,0.3086299040550976,pre_industrial
1748,0.6647688740400917,0.6589346265084273,0.31658023336990115,pre_industrial
1749,0.9096874325883776,0.9068787823908017,0.7935042546971027,pre_industrial
1750,0.9057549985057114,0.905170827364767,0.8575891457233167,pre_industrial
1751,0.6187312844481055,0.6152948704804262,0.2845612385231905,pre_industrial
1752,0.36538574609640606,0.3629976827946372,0.27387648707445666,pre_industrial
1753,0.8656036965328734,0.8651546458845158,0.8584319021199747,pre_industrial
1754,0.6474061466655752,0.6449597126057767,0.5258087982047128,pre_industrial
1755,0.6781200636358211,0.6494141383662527,0.36695643558336766,pre_industrial
1756,0.670415346839462,0.6654302945780138,0.5788891938606707,pre_industrial
1757,0.5654700194222293,0.5599486203138526,0.4757384355151021,pre_industrial
1758,0.8220056171910045,0.8035140301202582,0.7055189044477526,pre_industrial
1761,0.7296886435738665,0.7198549289564594,0.59345962966207,pre_industrial
1762,0.7269905750647548,0.7200506822475439,0.5341334071719236,pre_industrial
1763,0.5201453983604211,0.5177077289816421,0.28230950706447044,pre_industrial
1764,0.8182837833237476,0.8172920664441351,0.3267801183610064,pre_industrial
1765,0.9400001046260403,0.9400001046260403,0.8824788001485689,pre_industrial
1766,0.5644449541909491,0.5619739453925225,0.5194682788787799,pre_industrial
1767,0.526315023309585,0.5172920364073519,0.47789077066595187,pre_industrial
1800,0.936899655266916,0.9317897452834225,0.9067008948651851,transition
1801,0.8110537739260119,0.8101933747212665,0.7257554356231902,transition
1802,0.8358991152071622,0.8184399497603607,0.7652090073344613,transition
1803,0.9164143872646331,0.9150786351464364,0.6569366188259742,transition
1804,0.850602598387556,0.8447929393902347,0.6894559374407486,transition
1805,0.735442018409715,0.7305304245950188,0.6552105576736769,transition
1806,0.864407071473408,0.8499104155094631,0.6942332312736239,transition
1807,0.8860036898195927,0.8844590243699937,0.7959831618593781,transition
1808,0.7982933967517596,0.7923372615861636,0.7167451974663588,transition
1809,0.8353556578226964,0.8313470160848784,0.6744413945160479,transition
1810,0.8967480279366095,0.8930638743381633,0.8248571396659998,transition
1811,0.8701723647047203,0.8674625766650802,0.6280747246501441,transition
1812,0.7815531200694328,0.7775549332352627,0.715451028718747,transition
1813,0.8437574305620982,0.8351866557199065,0.5312604027869374,transition
1814,0.8190163505357803,0.8166030299297943,0.738309315597159,transition
1815,0.9144675034327089,0.9107772452530211,0.5297642386305452,transition
1816,0.7264303258088307,0.72186857577929,0.6020814429931208,transition
1817,0.7811511079761175,0.7689145519543651,0.6318150160065539,transition
1819,0.8373513818110732,0.8122771372729196,0.7415295426888401,transition
1820,0.7191293460111918,0.7164407499110279,0.6279190281426206,early_industrial
1821,0.7538212371613188,0.7451502308387099,0.6111013414280615,early_industrial
1822,0.7741595834876482,0.7666562745546441,0.6573091017848344,early_industrial
1823,0.720821336485695,0.7161494233549646,0.6681506888008988,early_industrial
1824,0.7279800552540514,0.7214333065838596,0.6456053587511175,early_industrial
1825,0.8680432618163172,0.8544558392628397,0.7960866656524443,early_industrial
1826,0.8873972237801036,0.8804393456436264,0.6602343160693294,early_industrial
1827,0.7049210641692819,0.6935222358421803,0.6694707080719959,early_industrial
1828,0.750635341724543,0.7393009234781182,0.7150190984237275,early_industrial
1829,0.6777007093533824,0.6777007093533824,0.5813860976622995,early_industrial
1830,0.808987170059495,0.7880133344622374,0.7190545824452268,early_industrial
1831,0.767711525902788,0.7672554239847413,0.6870842821059469,early_industrial
1832,0.8208419603348305,0.8018693404791383,0.6545068068518851,early_industrial
1833,0.8105230273100645,0.8059045093766818,0.7439700545572465,early_industrial
1834,0.7333009531166865,0.7289574422911635,0.6424475862562927,early_industrial
1835,0.7510083548340167,0.7419142337987774,0.5678626143445434,early_industrial
1836,0.8309723522495516,0.8226127770370161,0.7544222426063046,early_industrial
1837,0.7657607544776338,0.760686592479338,0.6946147483706718,early_industrial
1838,0.8117311060372558,0.8055846590837032,0.6569211553716567,early_industrial
1839,0.8522158851353836,0.8508858665859351,0.7058912672206701,early_industrial
1840,0.822413996643766,0.8199676869733897,0.7139285742071508,early_industrial
1841,0.6544625698822161,0.648543057051806,0.5546731602797133,early_industrial
1842,0.8072723816289027,0.7876861827174247,0.2525521280315933,early_industrial
1843,0.8720303759551284,0.8603310673041402,0.8274617901567907,early_industrial
1844,0.8906540552507257,0.8892074947965534,0.6162860889561343,early_industrial
1845,0.813635237650218,0.8104430799895855,0.4673786661103093,early_industrial
1846,0.8275113884795352,0.826592000261672,0.6250134814137717,early_industrial
1847,0.7219353549345647,0.7205341338058338,0.5691486798935029,early_industrial
1848,0.6539145641347941,0.5876567872890566,0.557976841298794,early_industrial
1849,0.7469227454491463,0.7266620970208737,0.5319273113737292,early_industrial
1850,0.8112650476263439,0.796928420031155,0.7723845859189459,early_industrial
1851,0.8949814753829363,0.8860264038442042,0.8587754551856226,early_industrial
1852,0.8112096042873985,0.7852578674580278,0.7269589528688667,early_industrial
1853,0.8711181927824316,0.8602995904984909,0.1681391104962452,early_industrial
1854,0.942957528878223,0.9424344809254488,0.8599983066443829,early_industrial
1855,0.9335924158215769,0.9327886974915844,0.7790708318107142,early_industrial
1856,0.8222287481298315,0.8208121275212212,0.6076526781885794,early_industrial
1857,0.6804008492957457,0.6776502234732134,0.5948078338888914,early_industrial
1858,0.9389366831114246,0.9265532568348785,0.7643202452504232,early_industrial
1859,0.8707299737557028,0.8691102754827291,0.811479820233705,early_industrial
1860,0.7033287438754694,0.6977986993173813,0.5562920962979213,late_industrial
1861,0.911036032161808,0.9096149092092798,0.8250836501562695,late_industrial
1862,0.95477035923004,0.9479936520849971,0.7996784991901837,late_industrial
1863,0.9214435262873284,0.9111294491600992,0.7908689301690162,late_industrial
1864,0.8745441878329285,0.8702019207670896,0.743260969900236,late_industrial
1865,0.9340938737334926,0.9216933263999688,0.049985180820609765,late_industrial
1866,0.9415978319155095,0.9360425939515782,0.28345164555429647,late_industrial
1867,0.8432770759511291,0.8283206928560749,0.6178986010409231,late_industrial
1868,0.9252602938430672,0.9197095890233544,0.8903051358679718,late_industrial
1869,0.8532569484039713,0.8306933470898609,0.6318282606137945,late_industrial
1870,0.7295765500212954,0.7287004535940356,0.6807147840766271,late_industrial
1871,0.8662066944252106,0.8620504003690997,0.8003089142292369,late_industrial
1872,0.9541569626891423,0.9538451709380805,0.9061357089402375,late_industrial
1873,0.6413937032797021,0.6064289496493112,0.4103763063934518,late_industrial
1876,0.46113289178478145,0.4568553791052018,0.2822748706238625,late_industrial
1877,0.9393176346670848,0.9273191323727653,0.820254119584545,late_industrial
1878,0.6496556420520305,0.6224313679958128,0.26740818350030593,late_industrial
1879,0.8601932805052779,0.8195809819000556,0.6132372291587473,late_industrial
1880,0.5460262715497517,0.5296862731875087,0.37961859528614983,late_industrial
1881,0.4783886050077778,0.4360681898498976,0.360633511181053,late_industrial
1882,0.8816262937407137,0.8707211643141429,0.7521776180323684,late_industrial
1883,0.8581698474639751,0.8517498703139398,0.7802561568124634,late_industrial
1884,0.8943374215469695,0.8895733101952397,0.8171947203956973,late_industrial
1885,0.8759608242902346,0.8719032086224888,0.7796923141354081,late_industrial
1886,0.8627228173947806,0.7906015562837714,0.7210447467094059,late_industrial
1889,0.8914922517093758,0.8886002151143828,0.7941748796475053,late_industrial
1891,0.880580585575893,0.8796796172330541,0.8505403822967645,late_industrial
1892,0.6689952054367319,0.6674948385366651,0.6248844185747722,late_industrial
1893,0.9054390214205716,0.902574086325085,0.8575940966823403,late_industrial
1894,0.8089275578254819,0.8053570493190272,0.7270533716891391,late_industrial
1895,0.7707673231032086,0.7672025050417471,0.6335845175329545,late_industrial
1896,0.807363437272224,0.801732114360335,0.6935880548814799,late_industrial
1897,0.6379870585230536,0.6289135566621442,0.5588655612919036,late_industrial
1898,0.7947910204249756,0.7920002437556655,0.7282869139601748,late_industrial
1899,0.5404055617671919,0.531641543502028,0.3010899206702188,late_industrial
1900,0.7567703190152051,0.7531470775253539,0.6724244657440319,late_industrial
