year,L4,scholarship_intensity,prize_intensity,competitive_examinations,lectures_teaching,scientific_professorships,scholarships_prizes,textual_mission_index
1700,0.0190767513083939,0.0005688282138794,0.0,0.0,4.013807497792406e-05,0.0028096652484546,0.0,-0.29525473722738177
1701,0.007925629433519,0.002008032128514,0.0,0.0,0.0001311647429171,0.0,0.0,-0.4958770385254552
1702,0.0282116722666634,0.0010121457489878,0.0,0.0050272910083309,7.181844297615628e-05,0.0,0.0,-0.2711489959778646
1703,0.0001110333277025,0.0027932960893854,0.0,0.0,7.767593599502873e-05,0.0,0.0,-0.4964416791575688
1704,0.0078877926996081,0.0010121457489878,0.0,0.0,7.443799315170463e-05,0.0,0.0,-0.4977419582462435
1705,0.0138591066375831,0.002008032128514,0.0,0.0,7.07513796519032e-05,0.0,0.0,-0.4971288410721835
1706,0.0004255119345392,0.0015673981191222,0.0,0.0,0.0001134558656682,0.0,0.0,-0.4965490523022429
1707,0.0432557765466389,0.0034722222222222,0.0,0.0,0.0113856589147286,0.0,0.0,-0.2616631654315467
1708,0.0005806281216692,0.002008032128514,0.0,0.0,0.0178450608930987,0.0,0.0177604871447902,-0.07201860848946806
1709,0.0012951796708272,0.0017605633802816,0.0,0.0,0.0058321011992771,0.0,0.0,-0.3779214173811845
1710,0.0001503147484986,0.0045871559633027,0.0,0.0,0.016213308744429,0.0,0.0,-0.16085932250543591
1711,0.0002885993560415,0.002008032128514,0.0,0.007412113511224,0.0001058873358746,0.0,0.0,-0.16223771623755937
1712,0.0004033629796689,0.125,0.0,0.0,0.0002384358607534,0.0,0.0,-0.4085003102626632
1713,0.0002919505304339,0.0034722222222222,0.0,0.0,0.0001810282404055,0.0,0.0,-0.4938300976332384
1714,0.0015006868785348,0.0045871559633027,0.0,0.0,0.0003180661577608,0.0,0.0,-0.49021865751728644
1715,0.1852696782299383,0.0128205128205128,0.0,0.0,0.0002862049227246,0.0,0.0,-0.48517844308154645
1716,0.0126705505810141,0.002008032128514,0.0,0.0,7.642922653622745e-05,0.0,0.0,-0.4970111925453413
1717,0.0335327334033689,0.0017605633802816,0.0,0.0,6.937699458859442e-05,0.0,0.0,-0.4973286552112517
1718,0.0002048666227915,0.0128205128205128,0.0,0.0,7.40521327014218e-05,0.0,0.0155509478672985,-0.4398271956354891
1719,0.0026063961095815,0.0034722222222222,0.0,0.0,0.0114503816793893,0.0,0.0,-0.2603220694015524
1720,0.0739429924725568,0.1658878504672897,0.0,0.0,7.32922896511287e-05,0.0,0.005130460275579,-0.36720106903445154
1721,0.0084753684778538,0.0045871559633027,0.0,0.0,0.0028744809964867,0.0,0.0055892686042797,-0.41936818484866584
1722,0.0084753684778538,0.0045871559633027,0.0,0.0,0.0028744809964867,0.0,0.0055892686042797,-0.41936818484866584
1723,0.0002532761559478,0.0128205128205128,0.0,0.0052106595206193,7.443799315170463e-05,0.0,0.0,-0.25465227366218784
1724,0.0002702704870534,0.0128205128205128,0.0,0.0,8.120838070488874e-05,0.0,0.0,-0.4894260992208727
1725,0.0042748740920341,0.0045871559633027,0.3211009174311927,0.0,9.790483649892304e-05,0.0,0.0068533385549246,0.15520268841504836
1726,0.0002882474369191,0.0067567567567567,0.0,0.0,7.291818579553741e-05,0.0,0.0,-0.4937961441224268
1727,0.0168295268889176,0.0034722222222222,0.0,0.0,7.940289026520565e-05,0.0,0.0055582023185643,-0.47815525507546086
1728,0.0044413264952236,0.0128205128205128,0.0,0.0,7.767593599502873e-05,0.0,0.005437315519652,-0.47210542507752945
1729,0.0079262831576669,0.0045871559633027,0.0,0.0,7.60225026607876e-05,0.0,0.0,-0.49523395293369243
1730,0.0002436002119942,0.0034722222222222,0.0,0.0,0.0038725864514017,0.0,0.0114541289407657,-0.3806971703659829
1731,0.0032618239447116,0.0027932960893854,0.0,0.0,8.507742045261188e-05,0.0,0.0,-0.49628831578574495
1732,0.0058360023706842,0.0045871559633027,0.0,0.0,0.0070971611355457,0.0,0.0,-0.34975158369369536
1733,0.1338743688478529,0.1994328922495274,0.0,0.0,8.558712769599452e-05,0.0,0.0179732968161588,-0.3026372731764721
1734,0.0022820361019233,0.1112852664576802,0.0,0.0,0.0057009796049462,0.0,0.0056206841175525,-0.28682799063330205
1735,0.0117295292906394,0.142570281124498,0.0,0.0,9.926543577526303e-05,0.0,0.0,-0.399219150532633
1736,0.031866562260025,0.142570281124498,0.0,0.0072508804640563,0.0001035840066293,0.0,0.0145017609281127,-0.025844654402236697
1737,0.0090236629865445,0.0629432624113475,0.0,0.0,0.011924898511502,0.0,0.0118403247631935,-0.17143778820859992
1738,0.0642616100671741,0.002008032128514,0.0,0.0,0.0001028383381324,0.0,0.0071986836692719,-0.47343552758811963
1739,0.0053370130236409,0.1427125506072874,0.0,0.0375201000536001,0.0063426835804895,0.0,0.0187600500268,1.4817926134047834
1740,0.0018579387043186,0.0023364485981308,0.0,0.0,0.0059344700768973,0.0,0.0058508859913072,-0.35668468123445934
1741,0.002200039160716,0.0045871559633027,0.0,0.0,0.0063825961884214,0.0,0.0,-0.36455781483640415
1742,0.0025538085107716,0.0045871559633027,0.0,0.0,8.715356458079135e-05,0.0,0.0122014990413107,-0.4559709477715475
1743,0.0002790567617941,0.0067567567567567,0.0,0.0,0.0063426835804895,0.0,0.0,-0.363882696761221
1744,0.0005360466285516,0.1658878504672897,0.0,0.0,0.0059693963342861,0.0,0.0058853203295779,-0.2426153348662056
1745,0.0036350965866852,0.002008032128514,0.0,0.0,8.167265599477295e-05,0.0,0.0057170859196341,-0.4786136966472765
1746,0.0197296966002323,0.0008347245409015,0.0,0.0,7.110352673492605e-05,0.0,0.0149317406143344,-0.450167535467493
1747,0.0418716345815284,0.002008032128514,0.0,0.0,0.0108930778739184,0.0,0.005407911001236,-0.2555836856917942
1748,0.0013989828083168,0.0015673981191222,0.0,0.0,0.0108930778739184,0.0,0.0,-0.27318856459919943
1749,0.0110847520212557,0.0017605633802816,0.0,0.0,0.0055756243128632,0.0,0.0,-0.3832357783476565
1750,0.0007494977920812,0.0045871559633027,0.0,0.011566424322538,0.0116490416391275,0.0,0.023132848645076,0.34002119341189146
1751,0.0166571712951485,0.0027932960893854,0.0,0.0,0.0122141372141372,0.0,0.0,-0.2449666359695779
1752,0.0120025377785347,0.002008032128514,0.0,0.0,0.0057657950300471,0.0,0.0056845866493422,-0.36093910229156373
1753,0.0013061716330569,0.3256880733944954,0.0,0.0,9.104151493080844e-05,0.0,0.0127458120903131,-0.23183357556476655
1754,0.0864836678567783,0.142570281124498,0.0,0.0,7.60225026607876e-05,0.0,0.0053215751862551,-0.38267714111409284
1755,0.0164398164621584,0.0045871559633027,0.0,0.0,0.0108344859382203,0.0,0.0107576456124173,-0.23789838099536573
1756,0.0433841851265642,0.4957627118644068,0.0,0.0,0.0072493363283643,0.0071472329997957,0.0,0.5111451941506205
1757,0.0198256017369693,0.0027932960893854,0.0,0.0,0.0395899943577205,0.0,0.0,0.32227818933132113
1758,0.0094882763184864,0.8200934579439253,0.0,0.0,7.767593599502873e-05,0.0,0.0,0.06941950932978985
1759,0.0108583190837342,0.1651376146788991,0.0,0.0,0.0037425927851127,0.0,0.0036386318744152,-0.2964626349159454
1760,0.0108583190837342,0.1651376146788991,0.0,0.0,0.0037425927851127,0.0,0.0036386318744152,-0.2964626349159454
1761,0.0296033534514441,0.6311053984575835,0.0,0.0,0.017533654645172,0.0,0.0,0.300271595578284
1762,0.0991987899867187,0.0045871559633027,0.0,0.0,8.933357155619081e-05,0.0,0.0,-0.49495813928845966
1763,0.0014309753285615,0.0128205128205128,0.0,0.0,0.0251027336072896,0.0,0.0,0.029035501140118897
1764,0.004564142179783,0.0128205128205128,0.0,0.0,9.16254352208173e-05,0.0,0.0,-0.4892102513576242
1765,5.507631230588629e-05,0.125,0.0,0.0,0.0001171783454417,0.0,0.02460745254277,-0.33229407041053516
1766,0.0196280970554114,0.0067567567567567,0.0,0.0,7.642922653622745e-05,0.0,0.0053500458575359,-0.4766086985537972
1767,0.0078272690638267,0.4929906542056075,0.0,0.0,0.0152449617790132,0.0,0.0015201528839471,0.16208707139292508
1768,0.0094838472756715,0.732638888888889,0.0,0.0,0.0169423478400513,0.0,0.0028103420587762,0.3673067177413832
1769,0.0094412915452489,0.125,0.0,0.0,0.0074626865671641,0.0,0.0,-0.2588093322452551
1770,0.028713480395234,0.3636363636363636,0.0,0.0,0.0068027210884353,0.0,0.0,-0.10726334301069625
1771,0.0115399319832726,0.3846153846153846,0.0,0.0,0.0029585798816568,0.0,0.0029585798816568,-0.1629269915490331
1772,0.002880297664514,0.4285714285714285,0.0,0.0,0.0226628895184136,0.0,0.0028328611898017,0.2753895665462258
1773,0.0104266010024337,0.4166666666666667,0.0,0.0,0.0317460317460317,0.0,0.0026455026455026,0.4547562675106842
1774,0.1647070236493829,0.4736842105263157,0.0,0.0,0.0097799511002444,0.0,0.0024449877750611,0.038440275472711
1775,0.1655830237210631,0.5333333333333333,0.0,0.0,0.0054495912806539,0.0,0.0027247956403269,-0.009094059501278248
1776,0.0179059828343494,0.1818181818181818,0.0,0.0,0.0056925996204933,0.0,0.0037950664136622,-0.24400798611708077
1777,0.0111099050122823,0.0,0.0,0.0,0.0028328611898017,0.0,0.0028328611898017,-0.4322242045467331
1778,0.0018282837483128,0.0,0.0,0.0,0.0111731843575419,0.0,0.0111731843575419,-0.23272697472991935
1779,0.0024481380982038,0.0,0.0,0.0,0.0064724919093851,0.0,0.0097087378640776,-0.3348129889159734
1780,0.0392440631137758,0.1666666666666666,0.0,0.0,0.0,0.0,0.0088757396449704,-0.35619943706802076
1781,0.0340252489959856,0.25,0.0,0.0,0.0027855153203342,0.0,0.011142061281337,-0.233535721364466
1782,0.0009296986627567,0.2,0.0,0.0,0.0081521739130434,0.0,0.0054347826086956,-0.17521039479786468
1783,0.0087356706419068,0.25,0.0,0.0,0.0050761421319796,0.0,0.0,-0.22171574736034116
1784,0.0070970341315295,0.1666666666666666,0.0,0.0,0.0,0.0,0.0,-0.3845927588372342
1785,0.1223163840919222,0.2222222222222222,0.0,0.0,0.0148883374689826,0.0,0.0049627791563275,-0.02175716825160014
1786,0.1271965572988466,0.1818181818181818,0.0909090909090909,0.0,0.0156950672645739,0.0,0.0067264573991031,0.15044109808409675
1787,0.0082390506147544,0.25,0.0833333333333333,0.0024390243902439,0.0073170731707317,0.0,0.0097560975609756,0.12888316045569967
1788,0.0117036136262797,0.2142857142857142,0.0,0.0025445292620865,0.0127226463104325,0.0,0.0076335877862595,0.05113331676963662
1789,0.0040884039395063,0.0,0.0,0.0,0.0139860139860139,0.0,0.0023310023310023,-0.20272936298275668
1790,0.0234651578647623,0.0,0.0,0.0,0.0160183066361556,0.0,0.0022883295194508,-0.16075550191164323
1791,0.0223819750659046,0.0,0.0,0.0035460992907801,0.0212765957446808,0.0,0.0,0.10074932454696388
1792,0.0006391614942252,0.0,0.0,0.0045662100456621,0.0136986301369863,0.0,0.0,-0.010280811986681552
1793,0.0015892065499663,0.0,0.0,0.0,0.0144092219020172,0.0,0.0,-0.20141706312787733
1794,0.0033183659528357,0.25,0.0,0.0,0.0131233595800524,0.0,0.0052493438320209,-0.03817983468533834
1795,0.0030803779123725,0.25,0.0,0.0,0.0025445292620865,0.0,0.010178117048346,-0.24161274192345572
1796,0.0062121628245274,0.4,0.2,0.0,0.0,0.0,0.0124688279301745,0.20803545613160687
1797,0.0101947404003394,0.5555555555555556,0.1111111111111111,0.0,0.0157894736842105,0.0,0.0184210526315789,0.4880809592351793
1798,0.0018785865648465,0.375,0.0,0.0,0.0151515151515151,0.0,0.0101010101010101,0.10590947414995172
1799,4.903140001501587e-05,0.0,0.0,0.0028653295128939,0.0,0.0,0.0028653295128939,-0.36164026657083675
1800,0.0025157512714364,0.0,0.0,0.0020283975659229,0.0,0.0,0.0020283975659229,-0.4020493119186956
1801,0.0025642969155712,0.5,0.0,0.0,0.0,0.0,0.011049723756906,-0.11846017462314706
1802,0.000149310647164,0.0,0.0,0.0,0.0,0.0,0.0,-0.49998512321316513
1803,0.0,0.0,0.0,0.0,0.0,0.0,0.0,-0.49998512321316513
1804,5.856511086009455e-06,0.0,0.0,0.0,0.0092592592592592,0.0,0.0,-0.3081274994176191
1805,0.0065916618059745,0.5,0.0,0.0,0.0043859649122807,0.0,0.0175438596491228,-0.006805630755351723
1806,0.0167540496479843,0.6666666666666666,0.0,0.0,0.0,0.0,0.0,-0.03841566570944118
1807,0.0,0.0,0.0,0.0,0.0,0.0,0.0,-0.49998512321316513
1808,0.0024847680445431,0.0,0.0,0.0,0.0,0.0,0.0,-0.49998512321316513
1809,0.0071669823465869,0.625,0.0,0.0,0.0028169014084507,0.0056338028169014,0.0056338028169014,0.41718459731593915
1810,0.00115687331473,0.25,0.0,0.0,0.0,0.0,0.0,-0.32689657664926863
1811,0.0042540502879611,0.3333333333333333,0.0,0.0,0.0,0.0048309178743961,0.0096618357487922,0.1116124175703797
1812,0.0009370750392586,0.0,0.0,0.0,0.0,0.0,0.0,-0.49998512321316513
1813,0.0046425030395204,0.25,0.0,0.0,0.0,0.0,0.0049504950495049,-0.31106003744465793
1814,0.0695090220470501,0.2,0.0,0.0,0.0,0.0,0.0,-0.36151428596204793
1815,0.0009871440630665,0.0,0.0,0.0,0.0,0.0,0.0,-0.49998512321316513
1816,9.322968216266845e-05,0.0,0.0,0.0,0.0,0.0,0.0,-0.49998512321316513
1817,0.0148032084860679,0.5454545454545454,0.0,0.0,0.0029411764705882,0.0,0.0058823529411764,-0.04257684052445055
1819,0.00400076970249,0.0,0.0,0.0,0.0063291139240506,0.0,0.0,-0.3688419373276018
1820,0.0019570053246091,0.0,0.0,0.0,0.0,0.0,0.0,-0.49998512321316513
1821,0.0111166747725753,0.0,0.0,0.0,0.0,0.0,0.0,-0.49998512321316513
1822,0.0057330789670794,0.6666666666666666,0.0,0.0,0.0052083333333333,0.0,0.0,0.06950424767555347
1823,0.0033275129536006,0.2,0.0,0.0,0.0039525691699604,0.0,0.0,-0.2796145888477447
1824,0.0089142730054647,0.5,0.0,0.0041322314049586,0.0,0.0,0.0,0.03248690400075075
1825,0.0,0.0,0.0,0.0,0.0,0.0,0.0,-0.49998512321316513
1826,0.0010125810177825,0.0,0.0,0.0,0.0,0.0,0.0,-0.49998512321316513
1827,0.0102378365530449,0.1428571428571428,0.0,0.0,0.0043859649122807,0.0,0.0,-0.3101974552584614
1828,0.0729269679259399,0.7777777777777778,0.1111111111111111,0.0,0.0,0.0,0.0211864406779661,0.3236161312449189
1829,0.0058381633355491,0.3333333333333333,0.0,0.0,0.0,0.0,0.0,-0.2692003944613031
1830,0.0103995849022332,0.25,0.25,0.0,0.0,0.0,0.0047846889952153,0.1773987549107138
1831,0.0080796842300458,0.25,0.0,0.0,0.0,0.0,0.0043103448275862,-0.3131078657900816
1832,0.0174391252078248,0.4545454545454545,0.0909090909090909,0.0,0.0,0.0,0.0208333333333333,0.059181016453088264
1833,0.0055809321570443,0.375,0.0,0.0,0.0,0.0,0.013215859030837,-0.19807502249509934
1834,0.0068126355748373,0.2857142857142857,0.0,0.0074626865671641,0.0,0.0,0.0074626865671641,0.058146440426186
1835,0.0292330119859505,0.6,0.0,0.0,0.0,0.0,0.0129870129870129,-0.043027404715250295
1836,0.0292644235770281,0.6428571428571429,0.1428571428571428,0.0,0.0,0.0,0.0373443983402489,0.3439861301194236
1837,0.0256031731074817,0.3846153846153846,0.0,0.0,0.0,0.0,0.0383141762452107,-0.11112873282807223
1838,0.0416611607473431,0.6666666666666666,0.3333333333333333,0.0,0.0,0.0,0.0316455696202531,0.71480351136626
1839,0.0388599401183778,0.4444444444444444,0.3333333333333333,0.0,0.0,0.0,0.0323886639676113,0.5633241701701472
1840,0.0325599577578606,0.8888888888888888,0.2222222222222222,0.0,0.0,0.0,0.0351758793969849,0.6626248562562159
1841,0.001629418487345,0.5714285714285714,0.4285714285714285,0.0,0.0,0.0,0.0347826086956521,0.8451819466337372
1842,0.0259795250839626,0.75,0.125,0.0,0.0,0.0,0.03,0.35974454543814294
1843,0.0079141053888595,0.3846153846153846,0.3846153846153846,0.0,0.0,0.0,0.0427631578947368,0.6553945557474538
1844,0.0457820799760923,0.4545454545454545,0.1818181818181818,0.0,0.0,0.0,0.0452261306532663,0.31502736519752766
1845,0.0080157308718359,0.6666666666666666,0.1666666666666666,0.0,0.0044444444444444,0.0,0.0222222222222222,0.45075726042602043
1846,0.0098507143381244,0.5714285714285714,0.1428571428571428,0.0,0.0,0.0,0.0376569037656903,0.29553195856577047
1847,0.0333955383212932,0.8333333333333334,0.1666666666666666,0.0,0.0041152263374485,0.0,0.0452674897119341,0.6330493913808082
1848,0.0201725982922862,0.5,0.5,0.0,0.0,0.0,0.0198675496688741,0.8877262877379324
1849,0.008573667676603,0.5,0.0,0.0,0.0,0.0,0.00836820083682,-0.127038315279252
1850,0.0167819402946959,0.5833333333333334,0.3333333333333333,0.0,0.0,0.0,0.0300751879699248,0.6520837082428261
1851,0.0015868762087801,0.3636363636363636,0.1818181818181818,0.0,0.0,0.0,0.0099502487562189,0.1392392024366866
1852,0.0362151393621225,0.625,0.125,0.0,0.0,0.0,0.0240963855421686,0.2543147221505031
1853,0.0202238537731157,0.1818181818181818,0.0909090909090909,0.0,0.0039370078740157,0.0,0.0236220472440944,-0.03914455257382387
1854,0.0067857142568332,0.5555555555555556,0.0,0.0,0.0,0.0,0.0529100529100529,0.05391434107334514
1855,0.000126537675113,0.8333333333333334,0.0,0.0,0.0,0.0,0.0220588235294117,0.14754245423997625
1856,0.0016302844607353,0.8,0.0,0.0,0.0,0.0,0.0349344978165938,0.16565301773301142
1857,0.0079750121666694,0.1,0.0,0.0,0.0058823529411764,0.0,0.0117647058823529,-0.2712286151253617
1858,0.0106728369825073,0.1538461538461538,0.2307692307692307,0.0048076923076923,0.0,0.0,0.0288461538461538,0.36693084051186114
1859,0.0163756065354781,0.3333333333333333,0.0,0.0,0.0,0.0,0.0062893081761006,-0.2490810176101624
1860,0.0593168516319052,0.0,0.1111111111111111,0.0,0.0,0.0,0.0105820105820105,-0.2488049387134379
1861,0.0014728914953731,0.1052631578947368,0.0526315789473684,0.0093023255813953,0.0,0.0,0.0511627906976744,0.2588883750632647
1862,0.0345425843962949,0.0,0.0,0.0,0.0,0.0,0.0052356020942408,-0.48323653201247735
1863,0.0299833075559074,0.6153846153846154,0.0769230769230769,0.0046948356807511,0.0,0.0046948356807511,0.1173708920187793,1.0037117958271995
1864,0.0483842603884783,0.7083333333333334,0.0416666666666666,0.0046511627906976,0.0046511627906976,0.0,0.0837209302325581,0.6458173884803671
1865,0.0054087342646048,0.1111111111111111,0.1111111111111111,0.0111731843575419,0.0,0.0055865921787709,0.0893854748603351,0.9885774255425103
1866,0.0419389942991297,0.4333333333333333,0.0333333333333333,0.0048076923076923,0.0,0.0,0.0721153846153846,0.3126763145264644
1867,0.0072404957639409,0.2222222222222222,0.1111111111111111,0.0149253731343283,0.0,0.0,0.0199004975124378,0.6077473888420816
1868,0.0518616212778097,0.5,0.1,0.0,0.0197044334975369,0.0,0.0541871921182266,0.6234195898968006
1869,0.0131360357669716,0.2307692307692307,0.1538461538461538,0.0,0.0044052863436123,0.0,0.0220264317180616,0.12244776618586097
1870,0.0670456564939889,0.04,0.12,0.0087719298245614,0.0043859649122807,0.0,0.0394736842105263,0.37504754463868295
1871,0.0352192171463085,0.0294117647058823,0.0588235294117647,0.0082304526748971,0.0041152263374485,0.0123456790123456,0.0123456790123456,1.0254558555798605
1872,0.0247530040319964,0.0526315789473684,0.1052631578947368,0.0089686098654708,0.0044843049327354,0.0,0.0179372197309417,0.29697837195118165
1873,0.0821052569302083,0.0545454545454545,0.0545454545454545,0.0021834061135371,0.0021834061135371,0.0,0.0174672489082969,-0.15597754985793474
1876,0.0524197474245809,0.054054054054054,0.054054054054054,0.0,0.0,0.0,0.0153256704980842,-0.3078066499142122
1877,0.0794856719319637,0.1428571428571428,0.0714285714285714,0.0,0.0,0.0,0.0346320346320346,-0.1505789635456207
1878,0.1609267532122874,0.16,0.08,0.0167364016736401,0.0125523012552301,0.0,0.0292887029288702,0.8755870569119205
1879,0.2210123103014708,0.0930232558139534,0.0465116279069767,0.0043103448275862,0.0,0.0,0.0344827586206896,-0.03997077221910255
1880,0.1107538017639606,0.1111111111111111,0.0555555555555555,0.0,0.0041493775933609,0.0,0.0124481327800829,-0.18859358343962015
1881,0.0549786082940462,0.1428571428571428,0.0571428571428571,0.0,0.0,0.0,0.0284810126582278,-0.19819820563189408
1882,0.0200963851338033,0.1071428571428571,0.1071428571428571,0.0,0.0034965034965034,0.0,0.0314685314685314,-0.04312055257048011
1883,0.3197050506539073,0.5238095238095238,0.0476190476190476,0.0,0.0470588235294117,0.0117647058823529,0.3352941176470588,2.8556260990109283
1884,0.2467684936292493,0.3333333333333333,0.0555555555555555,0.0,0.0201342281879194,0.0134228187919463,0.2348993288590604,1.9803147640276002
1885,0.0370629829899954,0.1666666666666666,0.0,0.0,0.0,0.0,0.0185185185185185,-0.32535237144220847
1886,0.0330052402100835,0.0,0.0,0.0,0.0,0.0136986301369863,0.136986301369863,0.930427197954096
1889,0.2796870196438775,0.5416666666666666,0.0416666666666666,0.0,0.0173410404624277,0.0057803468208092,0.2890173410404624,1.659088587065163
1891,0.1521310073781961,0.5,0.108695652173913,0.0,0.0411392405063291,0.0094936708860759,0.2246835443037974,2.3176143883205627
1892,0.2301370248874078,0.5277777777777778,0.1388888888888889,0.0,0.0303030303030303,0.0101010101010101,0.2424242424242424,2.2721119960719425
1893,0.2498553544753166,0.4047619047619047,0.0714285714285714,0.0,0.0276816608996539,0.0069204152249134,0.2283737024221453,1.7253567464590824
1894,0.4314878047958644,0.3636363636363636,0.0,0.0,0.0,0.0,0.1098901098901099,0.10331640018692119
1895,0.3968782075393511,0.5,0.1,0.0,0.0,0.0,0.1264367816091954,0.4462565028878556
1896,0.2324708289500352,0.3571428571428571,0.2142857142857142,0.0,0.0,0.0,0.1208791208791208,0.5531078326239931
1897,0.4117998337656509,0.2222222222222222,0.0,0.0,0.0,0.0,0.1264367816091954,0.058340214490895735
1898,0.1248723033471546,0.2222222222222222,0.0,0.0,0.0,0.0,0.1022727272727272,-0.018960134265152973
1899,0.2167296000907233,0.2727272727272727,0.0909090909090909,0.0,0.0,0.0,0.1860465116279069,0.46181224212032695
1900,0.4200055528043859,0.2222222222222222,0.0,0.0,0.0116279069767441,0.0,0.1744186046511627,0.45277063192245365
