year,administrative,charitable,domestic,ecclesiastical,educational,financial,land_rent,maintenance,other,salary_stipend,era,administrative_5yr,charitable_5yr,domestic_5yr,ecclesiastical_5yr,educational_5yr,financial_5yr,land_rent_5yr,maintenance_5yr,other_5yr,salary_stipend_5yr
1700,111.59095238095237,6.142619047619048,23.491666666666667,446.4113541666666,21.126979166666665,172.2,0.21,173.7331845238095,53.19880952380952,99.36702380952381,pre_industrial,114.92649099188577,6.384520284660589,41.051953299834935,249.83978163464883,15.615417323974086,58.16255970835247,0.41327337779253015,184.07848685168173,18.752318045535986,89.49136255532517
1701,178.4691581624181,1.43730103379401,5.810791737238882,192.89140596459765,3.4942587426521867,1.2453920494171564,0.2092258643020823,16.427610697561878,1.078153688495424,39.817615299582016,pre_industrial,94.16481699138879,5.581903642999376,34.73268963119111,197.49436186637826,11.738838361391206,175.79361603616826,0.36187868085700764,188.64446321440732,20.076115332641145,101.09872264083464
1702,54.7193624322868,11.573640772568709,93.85340149559926,110.21658477268217,22.225014062603407,1.0422870756402622,0.8205942690755081,362.07466533367375,1.979990924303015,129.28944855686964,pre_industrial,80.66363372337362,5.009331687415999,37.244501461883644,178.91728442806516,9.74703163379829,140.73343441348328,0.39001536092525924,155.77015134747046,16.160841587583718,84.2417800722375
1703,31.87979498989785,3.1740537180157395,15.77489862525962,40.45810256156661,0.1091014736425675,528.6867850196156,0.20769459005044014,202.3423923025842,24.04750719395661,135.92080289736307,pre_industrial,81.91182237615432,4.81846830288693,49.61620576559825,112.01553642241961,6.91623161129788,106.29343441348328,0.3892524743273211,130.37772348027545,7.731613380837102,87.93987401290656
1704,26.658900651312944,2.719043865082493,47.291748784653784,104.60897467481276,1.779804723426619,0.49270792274339764,0.5025620811982656,24.272903879722953,0.4997466073540176,16.814009797848975,pre_industrial,46.95563876707494,4.55239054854169,48.68149801490258,92.21556426882702,6.238963212405478,110.63249922410466,2.494451258944241,128.32419629096387,7.586267556164076,102.87576375078388
1705,117.83189564485589,5.188302124973702,85.35018818523974,111.90261413843888,6.972979054164622,0.0,0.2061855670103093,46.77104518783459,11.052668490076442,117.85749351286907,pre_industrial,44.24037739559676,4.3514393796248,35.129812419620016,77.56634436728471,3.9534260723025114,110.42404180897661,2.371272067864299,67.1617523278733,7.472715910695134,90.25022751301503
1706,3.688240117021177,0.10691226206780892,1.1372529837605165,93.89154519663471,0.10791674819017805,22.940716102523968,10.735219787386683,6.159974751003904,0.35142456513029785,114.4970639889687,pre_industrial,45.170110390809185,5.092752512145529,39.01154598128137,74.35179990392244,3.9530340021272226,9.251564369933039,2.3705256906467516,33.427858726941324,2.700619196808537,67.97661934409481
1707,41.14305557489591,10.568884927984255,26.094973519186404,36.9704852649706,10.797328362088573,0.0,0.20469831367579686,56.262445518220936,1.412232696958304,66.1617673680253,pre_industrial,41.69833265693726,4.934624383205106,32.08190682791847,97.65500013009412,3.6829427629162694,9.153022785384358,2.3106597468739523,38.8137004531051,2.6020524084148375,71.5455617265084
1708,36.52845996595996,6.88061938061938,35.18356643356643,24.385380244755243,0.10714112276612275,22.824397824397824,0.20396270396270394,33.6729242979243,0.1870236245236245,24.552762052762052,pre_industrial,50.366627725513965,7.139674157043997,21.851309885181042,86.36233088646293,2.309622265487395,9.153022785384358,2.309924079952122,66.68764497204275,8.999453687669146,90.20994836167624
1709,9.300011981953336,1.9284032203803814,12.643553017839286,221.12497580567117,0.4293485273718507,0.0,0.20323236233426886,51.20211251054182,0.006912665385519349,34.65872170991691,pre_industrial,58.24207378954172,7.397166448032533,24.332635627110555,101.93362958603667,2.3093635823871517,8.948618852204778,0.20347552166287736,78.08832149367834,8.930549570533838,78.17067935076126
1710,161.1733709877394,16.21355099416816,34.19720347155256,55.43926792028287,0.10637656702025072,0.0,0.2025072324011572,186.14076778252286,43.03967488634798,211.17942668870828,pre_industrial,51.20333912892262,5.304564760689065,19.56171300232772,116.6203833048568,0.1712721591459534,13.453559755130566,0.22260173763339522,73.33224320004697,8.649487037563967,83.10428670054776
1711,43.065470437159966,1.3943737170104848,13.543881693408077,171.7480386945035,0.10662333268896189,21.918696436626067,0.20297699594046004,63.163357359181816,0.006903979453757144,54.30071893439378,pre_industrial,57.0999101733986,4.673106977842663,12.891575749795825,140.4128911556921,0.1712679975175686,8.888680190251003,0.22259381521335392,68.29435857814119,17.566664339682518,97.87966498388876
1712,5.949382271800407,0.10587649126691948,2.240360395272234,110.40425385907123,0.10687124588258089,22.524704514628947,0.30032939352838595,32.48205405006413,0.006920032108948986,90.82980411695777,pre_industrial,56.26136044995953,4.308700562749595,14.099644070373063,96.55510529311087,0.10687240144557339,17.0616167290869,0.2228272337334575,58.195648396546005,17.566672279087967,91.73233251839433
1713,66.01131518833985,3.7233304663873703,1.8328801709069722,143.34791949893182,0.10712031462419885,0.0,0.20392309186249757,8.483501188395342,44.77291013511639,98.42965346946703,pre_industrial,24.911912733247892,1.0873144057278101,11.389471668745475,85.86215008303802,1.6680970880415233,17.0616167290869,0.22330139700932367,21.667262552004257,8.960131030041364,50.28269572885245
1714,5.107263364758012,0.10637114491504214,18.68389462072546,1.8360464927649083,0.10737054701187465,40.864682694179486,0.20439945493478684,0.7085616025658853,0.0069523624127478525,3.922059382444822,pre_industrial,30.249229829260525,1.106070351605141,14.658105852262178,74.8266640274283,2.5892026646747333,12.677877441761687,0.5896751613912167,15.134006203150395,9.172025452315328,62.60046910923175
1715,4.4261324041811845,0.10662020905923346,20.646341463414636,1.9744918699186993,7.9125000000000005,0.0,0.20487804878048782,3.4988385598141702,0.006968641114982578,3.931242740998839,pre_industrial,33.778059324247444,1.6715680679800744,32.3224953820426,54.836681876145974,3.740372197763132,8.172936538835899,0.5707776810388034,10.549568769039585,9.956201700185416,49.98169324490518
1716,69.75205591722313,1.4881534463971389,29.887052610991592,116.57060841645479,4.712151215855011,0.0,2.034845817849925,30.4970756149125,1.066376090823578,115.88958583629032,pre_industrial,27.980720773568216,1.5673589828153365,70.63104379929239,48.959497432703344,3.7406247903698313,8.172936538835899,0.5712585372192613,19.02981413766356,9.638888198178746,47.71432523055402
1717,23.593529746735,2.9333650731415877,90.56230804417434,10.45434310265961,5.862718911324577,0.0,0.20584199176632031,9.559866879510086,3.9278012714593777,27.735924795324912,pre_industrial,33.230875817960005,2.188055546482656,82.05167410632058,56.08336307998452,3.819665256504191,0.0,0.5815899915149513,25.325396057280948,10.032838056037512,48.94807180909568
1718,37.024622434943716,3.2022850405636802,193.37562225715595,113.96199728171874,0.10838327765769305,0.0,0.2063273727647868,50.884728031515216,43.18634262508304,87.09281339771121,pre_industrial,37.02961492730851,3.0175282893274162,92.77350814993248,86.36938359379283,9.099393785625614,0.0,0.5820753886690214,31.111079386544077,16.50866897878053,70.03298623743895
1719,31.358038586716944,3.2098539632516396,75.78704615586634,37.45537472917078,0.5025728776836715,0.0,0.2560567264132362,32.18647120065281,1.976701651706576,10.09079227515312,pre_industrial,26.631483802410724,3.2638716802799026,112.04436514323534,67.78164955598083,8.739687604923526,0.0,2.7285728519765855,43.138997137425335,18.454131024545557,58.11691106948931
1720,23.419827950923708,4.253983923283035,74.25551168147418,153.4045944389602,34.31114264560711,0.0,0.2073050345508391,32.427255206129836,32.386123254830075,109.3558148827152,pre_industrial,25.492476272126616,3.225371423126668,119.37505042025987,70.4536493195708,8.154365655056363,0.0,5.260580075114901,59.49427289754501,19.84397030055498,63.918492912654436
1721,17.761400292734223,2.7198704011595685,126.24133757750587,23.631938227394805,2.913620312344573,0.0,12.767333134387744,90.6366643693188,10.793686319648717,56.30920999654213,pre_industrial,30.789027162641133,2.9100554826542417,91.85340948568222,76.88619261838751,8.154976604333392,0.0,5.261743128696098,58.60001096780381,12.53319459107048,70.41824329022715
1722,17.89849209531447,2.7408637873754156,127.21573442929699,23.814341920609465,2.936109161988773,0.0,12.865878107457899,91.33624568010846,10.876997651506473,56.743834011150575,pre_industrial,38.034972363430995,3.0233861997342566,96.75386355458362,108.49567000405406,8.076924358261126,0.1018122581958868,5.253292931855723,53.1797484640086,17.89170130962814,71.14145261016236
1723,63.507376887516294,1.62570533820155,55.767417584267776,146.12471377580226,0.1114380240428326,0.0,0.21214264067077482,46.41341838280923,6.632464077660562,119.59156528557479,pre_industrial,38.16786034895052,2.626008751000834,100.63287922752428,88.50290316004516,1.545185824008867,0.1018122581958868,5.254930950086655,55.2428815562821,16.78108713045474,77.60284112522673
1724,67.58776459066624,3.776507548651715,100.28931650037332,195.50276165750358,0.11231164732233762,0.509061290979434,0.21380574221136225,5.0851586816767025,28.76923524449487,13.706838874829103,pre_industrial,43.09098762338238,20.29480581563564,95.26979996191969,91.24938563592876,0.9852818897981235,0.1018122581958868,2.744906607032026,41.76810892041507,18.05266489696415,83.31416292598529
1725,24.08426787852134,2.2670966796159204,93.65059004617753,53.440760218915685,1.6524499743458183,0.0,0.21549512570548995,42.74292066749737,26.83305235896308,141.66275745803708,pre_industrial,42.136865761707114,22.966864326561986,72.8868136432587,93.82301761673232,0.8624494154791235,0.1018122581958868,3.218337178846671,27.46874137973822,16.601654799216192,75.11338704778613
1726,42.37703666489352,91.0638557243336,99.42594124948285,37.364350606812856,0.11410064129085644,0.0,0.2172114191146049,23.262801189983648,17.151575152195758,84.86581900033494,pre_industrial,47.944805081341904,22.966007271454583,66.60422214518448,68.34669531563956,1.1786761053941224,0.1018122581958868,3.3461840343576705,18.99952056992913,17.911377285444892,96.0025819738939
1727,13.127882786938152,16.10115634200714,15.300802835992076,36.68250182462726,2.3219467903937723,0.0,15.233030966531123,19.83940797672421,3.6219471627666815,15.739954620154808,pre_industrial,40.04594151666542,22.255060051071645,64.43516531609285,42.29913033887729,1.6034560139290188,0.0,3.3479285550899234,34.05372818023845,12.392168968588486,96.28396658694486
1728,92.54707348569025,1.6214200626645445,24.354460093896712,18.743102270338447,1.6925714736178263,0.0,0.8513769182257724,4.067314333763776,13.181076508804066,224.0375399161136,pre_industrial,43.37129642691964,23.185391223898968,52.38328804759808,58.99232177800013,1.2965370660684024,0.17094017094017094,3.3764107265300227,54.19924508459003,11.59617306741044,87.5962563651787
1729,28.093446767283798,0.22177144673700785,89.44403235491507,65.26493677369221,2.2362111899968213,0.0,0.22252834587262904,80.35619673322334,1.1731936602128403,15.113761940083867,pre_industrial,51.902847012931964,5.819950097627122,48.03821015423801,70.90588080915597,1.774632154278822,0.17094017094017094,3.377535505525438,100.47314413998808,9.679470697655258,118.42576456769885
1730,40.711042429792435,6.918752543752543,33.3912037037037,136.90671741452994,0.11785523504273504,0.8547008547008548,0.3579059829059829,143.4705051892552,22.853072853072856,98.22420634920636,pre_industrial,54.46349566232182,2.8651669140245373,52.92185579839429,87.95849915558522,1.9816830365036089,0.17094017094017094,0.37519575404046096,139.0429542655137,9.831376133808256,148.41488166984632
1731,85.03478959495513,4.236650092974372,77.70055178268252,96.93214576259197,2.5045760823429544,0.0,0.22283531409168084,254.6322964669739,7.568063303419841,239.0133600129356,pre_industrial,70.96841354076005,2.8045524396586536,73.45925523690138,108.89535033049575,24.256212257972116,1.4006128398402269,0.2488902196415376,170.87772761954744,7.686955120952286,130.12131118163833
1732,25.931126033887416,1.3272404239942182,39.71903105677347,121.94559355677347,3.357201201517707,0.0,0.22133220910623946,212.68845860435238,4.381474343531679,165.68554013089215,pre_industrial,95.49161320164447,3.0793091557783305,75.42364482803706,138.8561550930618,24.25828626373315,1.4006128398402269,0.2480617551259136,187.09184105794355,76.3329270774447,129.00431111118752
1733,175.0716628778815,1.318347690835128,127.04145728643216,123.42735814489113,113.06521758096036,6.14836334450028,0.2198492462311558,163.24118110393238,2.4589714445242086,132.56968747507378,pre_industrial,129.7620928797946,3.4287099654064135,83.32701565754425,128.39261894486657,25.667631022509728,1.229672668900056,0.21986898829678317,188.3286235305215,71.76378830376048,124.46866036672998
1734,150.7094450717059,1.5955550273353933,99.26598031059345,215.06896058652245,2.2465812188019965,0.0,0.21838602329450915,161.42676392520403,344.4030534426749,9.528761587829807,pre_industrial,116.21566500615506,2.839854026098426,87.61107059931096,145.24641882217847,29.463997038936593,1.229672668900056,0.21840537375430907,138.24175294617356,124.4653459065842,92.33980961678182
1735,212.0634408205431,8.665756591892956,72.90805785123966,84.58903667355372,7.16457902892562,0.0,0.21694214876033058,149.65441755214482,0.007378984651711925,75.54595262691853,pre_industrial,149.94246876504212,6.844923691629731,95.94904116881544,165.7596119990783,29.887517544962584,1.229672668900056,0.21696111790369738,99.75238426577538,127.26098065801304,67.32029752783637
1736,17.30265022675737,1.2923703964344357,99.12082649151615,181.2011451491516,21.486406164477287,0.0,0.21551724137931033,4.197943545234186,271.07585131753854,78.36910626319494,pre_industrial,125.00658075610936,6.623654014541659,84.93288571909248,142.89893524449226,10.152542471504166,0.0,0.21553583915989732,69.58145278374016,134.14840223697885,46.478197649553884
1737,194.56514482832284,21.35258875165074,81.4088839042958,224.51155944127242,5.474803731647635,0.0,0.21411092985318106,20.241615202361533,18.359648100675834,40.58797968616484,pre_industrial,106.2960428651483,7.014275774966765,87.64787604988845,120.29470180271112,10.062588647228466,3.2206119162640903,0.21412916590196168,41.557300251747435,68.05036190347799,46.121598004329
1738,50.392222833217566,0.2119993053947673,71.9606800378174,9.123974371961102,14.390342213668287,0.0,0.2127228525121556,12.386523693756272,36.89607933935324,28.359188083661344,pre_industrial,355.9240451772301,6.031314932778651,102.44751447964052,304.5241653013337,9.785068674776678,91.72477858293077,0.9794074028165621,13.647845312747037,69.03698134464288,36.08497890751672
1739,57.15675561690054,3.5486638294609305,112.84093196457327,102.04779337761676,1.7968120974235102,16.10305958132045,0.2113526570048309,21.306001265240397,13.912851775170616,7.74576336170539,pre_industrial,365.27067860640545,33.739919393875766,111.0663338202013,274.6848727036058,5.693881300744562,91.72477858293077,0.9781074779805328,14.373163446301879,14.823232969687552,36.656127724123714
1740,1460.203452380952,3.750952380952381,146.90625,1005.7363541666666,5.776979166666667,442.52083333333337,4.043333333333333,10.107142857142858,4.940476190476191,25.362857142857145,pre_industrial,352.63487585716365,31.011760612098374,105.27676363071654,252.26351071958487,4.884960941443634,91.72477858293077,0.980196460360732,21.261794937989176,11.357460708473763,68.2771435977732
1741,64.03581737263434,139.83539270192003,142.21492319432005,32.00468216051226,1.0304692943167115,0.0,0.20901761719916395,7.824534213008385,0.007109442761876325,81.22485034622986,pre_industrial,350.1722388797031,32.01645388074739,127.13783243530179,255.72006137324706,2.0286482427194423,91.72477858293077,1.1762871329309763,19.324964746220704,9.688738780808128,83.85821144260431
1742,131.38613108211382,7.711794842763735,52.46103295687207,112.40474952116767,1.4302019351429893,0.0,0.22455584175417737,54.684772660798025,1.0307867946068856,198.69305905441232,pre_industrial,353.11959192743,32.07742240675792,138.02833109669936,240.32700495528167,1.7400185480089843,119.91366804083236,10.990710751510381,19.21445180971683,25.54489722903461,96.51068136079925
1743,38.079037945914976,5.235465648639892,181.26602406074352,26.406727640272162,0.1087787200473326,0.0,1.1931762153633765,2.7023727349139044,28.55246970102507,106.26452730781692,pre_industrial,69.53422515375433,32.11393488727528,150.47821609099998,64.84959652220887,0.9481424997269455,37.662554622822256,10.271931725293152,17.81402493647608,26.728039807023304,105.19917141593221
1744,71.89352085553499,3.8535064595135267,167.29342527156132,25.082511287789558,0.3536636238712211,157.04750687082844,49.28347074990185,20.753436582721037,93.19364401630303,71.0081129526801,pre_industrial,90.55667376136824,7.902795991763031,144.27595958544336,81.4159613609357,3.842106184791503,47.751788234959974,11.148723805821419,19.62938967342628,34.52318334487491,138.00236457229548
1745,42.27661851257356,3.9335147835392092,209.155674971503,128.3493120013027,1.817598925256473,31.265266243282852,0.449438202247191,3.1050084909391207,10.85618908041966,68.80530741852188,pre_industrial,85.04930956081387,7.217432353049065,154.4335416151036,99.1514530289744,8.58275037516633,47.751788234959974,11.144474850656758,9.052839734898106,34.32567016392679,130.38414656711035
1746,169.14806041070386,18.779698224358796,111.20364066653698,114.8365063541464,15.500287719639498,50.446168060688585,4.592978019840499,16.901357897759375,38.9828271320199,245.24081612804622,pre_industrial,133.30006790216655,7.1310727842859505,147.25464289393406,118.1223683271857,8.789466585667274,57.38941352408873,11.351097895941832,9.842931145987066,28.81894315840621,150.44459701845955
1747,103.84931007934202,4.284976649193901,103.24894310517311,201.08220786136118,25.13342288701713,0.0,0.2033110659308742,1.8020229681571533,0.04322088986625727,160.6019690284866,pre_industrial,156.30729594141852,7.289589385047362,137.8805144292153,118.09561230391735,12.328119354512909,221.32354322223108,1.5346992462972573,6.484333667392813,10.427835230224982,194.43766063014112
1748,279.3328296526783,4.803667804824319,145.3715304548959,121.2613041313287,1.1423597725520431,48.18812644564379,2.226291441788743,6.652829790358703,1.018834673422183,206.5667795645629,pre_industrial,180.72751233077628,6.918541133392506,110.25584234481603,138.43496273396562,12.47277769744633,559.6420834151536,1.4849262190283348,9.996342384450362,189.18242858710693,235.01585074965686
1749,186.92966105179482,4.646089463320587,120.42278294796763,24.948731171447758,18.046927468099398,976.7181553615402,0.20147750167897915,3.960449189749775,1.2381043753969017,290.9734310110881,pre_industrial,184.4525068738943,3.5660581452855324,112.20619801743176,132.14001889854907,11.265028754652647,550.1672165326945,0.6060281575933164,8.875612617842947,185.543246813597,211.78612302679312
1750,164.37770045936233,2.078273525264929,71.03231454950654,230.0460641515441,2.540890639923591,1722.8579672078956,0.2005730659025788,20.66505207622686,904.6291558648293,271.69625801610044,pre_industrial,175.908501243611,3.038208879859421,113.0601512111773,142.8921421843997,7.816123254268243,550.1672165326945,0.6046549995989096,18.723123744288138,185.53593899804522,214.26588958458638
1751,187.77303312629397,2.0172832838239265,120.95541902961563,83.36178717706363,9.461543005671075,3.0718336483931945,0.1984877126654064,11.297709064722296,20.786918264470252,129.0921775137276,pre_industrial,123.92837711201712,2.3106763770956156,99.02172474982775,141.5785194754179,8.209931392350427,914.2371529719607,0.19828560013004976,43.79415059926754,189.71621086406623,202.1192664759066
1752,61.12928192792552,1.6457303220633437,107.51870907390085,254.8428242906143,7.888895385095106,0.0,0.19644527595884004,51.039578600383095,0.006681812107443539,173.0008018174529,pre_industrial,101.96528218505914,1.7039673229806667,104.65340708476829,149.32783144461138,15.478543912784929,742.0288335403494,0.202597493622546,44.77315324964197,190.2520564461472,174.8924123194312
1753,19.432208994708994,1.166005291005291,75.17939814814814,114.69319058641975,3.111400462962963,1868.537808641975,0.19444444444444442,132.00796406525572,21.920194003527335,145.833664021164,pre_industrial,117.20156799414596,6.128170884283225,101.47159632247738,121.94798567419369,17.76564331051104,415.60606042544896,0.3389801581189812,65.65883179818539,9.64815077659505,161.5171925630696
1754,77.11418641700492,1.6125441927458424,148.5811946226703,63.69529101741521,54.38999007027191,115.67655820348301,0.22303696914146037,8.855462441621928,3.9173322858015793,154.83916022871105,pre_industrial,89.05908219205921,6.247496925503294,90.03582847941739,125.19605725944582,20.343217159212106,432.9611456274864,0.33701846464250373,64.60827043276583,16.16328455834782,161.75976762807323
1755,240.55912950479646,24.199291331777722,55.12326073805202,93.14683529945552,13.976387628554145,90.74410163339383,0.8824863883847549,125.09344481894391,1.6096275170685332,204.82015923429262,pre_industrial,88.08791780782981,6.631746895661037,82.4755920027155,96.79586799444277,21.29841183664148,450.9104338837142,0.3439927546464653,73.11529709533622,24.508414896485554,158.8524718214374
1756,47.06060411586018,2.6139134899242715,63.77657981431567,99.60214510332435,22.3494122491764,89.84725965858041,0.18867924528301885,6.044902237624609,53.362587173234076,130.30505283874555,pre_industrial,110.04789933592807,11.169638768024276,84.42869915722683,102.83169757172564,23.133896061229507,94.36164601728686,0.34210827104391994,47.09748863302978,148.71465824388162,163.50885628173154
1757,56.2734600067785,3.5669801728520585,69.71752669039144,112.84187796559904,12.664868772241993,89.74644128113879,0.23131672597864766,93.57471191323503,41.73233350279614,158.46432278427383,pre_industrial,129.21636046107025,10.97382318967622,72.95880621873117,102.09414823967947,14.485010176319978,78.506184580197,0.6464683001359304,52.544774770152095,232.27526122077765,171.44551864719185
1758,129.23211663520033,23.85546465282148,84.94493392070484,144.87233847283406,12.288821585903085,85.79386930983847,0.18502202643171806,1.918921753723516,642.9514107405076,169.11558632263475,pre_industrial,115.36696150582443,6.259453666786948,80.00702572194186,95.35218754682958,13.897651838163167,67.56800239814514,0.8156206911423558,34.67583680442891,315.49551685083725,169.0161026994155
1759,172.95649204271584,0.6334663010055679,91.23172993019196,60.0075443571844,11.145560645724258,36.39925101803374,1.7448371146015125,36.09189312723344,421.7203471702817,194.5224720560126,pre_industrial,121.8042653929668,6.9382284753223145,71.17516908881217,95.91740536482646,13.047826672405483,66.74091782736161,1.7981414061839207,42.16247525758846,308.61268705776797,189.51239457608636
1760,171.31213472856732,0.6274437173313577,90.36435825410544,59.437031835205985,11.039595937770095,36.05319072313454,1.7282483434168825,35.748754990328024,417.7109056673664,192.67307949541095,pre_industrial,129.9778989125709,6.944704204486298,63.520624421707474,81.05862047214868,20.736167238482984,57.292139601735684,3.932010952295003,37.62334770954582,301.24499336930376,190.65493585786766
1761,79.24712355157199,6.0077875326011085,19.617296648667182,102.42823419330875,18.100286420387988,85.71183680466272,5.101282820490843,43.47809450342235,18.948438207887936,232.78651222209976,pre_industrial,131.63430599009806,2.470261761112916,76.62887508241377,73.91320386939536,18.444546163862015,40.133365739767996,3.9304167147854066,40.66269679732112,172.65591564867765,189.58505448849124
1762,97.14162760479914,3.599358818671977,31.444803354867958,38.54795350221013,51.10657160262949,42.502550153009174,10.900664456534058,70.8790741730218,4.893865060475056,164.17702919318015,pre_industrial,193.06507688761818,2.5547092793506243,62.492748196559354,86.92544102572234,17.111957282751952,70.4089177773387,3.6165722221209995,40.23594601217261,88.31304087211302,176.47105996180517
1763,137.51415202283596,1.483252435954569,150.48618722423632,109.14525545906754,0.8307162127982464,0.0,0.17705083888373663,17.1156671926,0.006022137376997844,163.76617947575286,pre_industrial,178.4306248979593,2.447351720336566,53.27719715959144,82.5215995695065,14.922339629830864,80.89494768193065,3.4094542830104144,37.138603617531786,271.6507603923894,145.4577600549017
1764,480.11034653031646,1.055703892194108,20.551095500919885,125.0687301388192,4.482616240173942,187.77701120588728,0.17561465127947815,33.95813920149093,0.005973287458485652,128.9524994225822,pre_industrial,169.618847331756,1.6368331178572226,65.87776679628328,95.3120081126749,14.303314411805493,94.77542292578195,2.526623657029428,44.96681775236567,271.24029310254696,140.50203602986795
1765,98.13987478027296,0.09065592226106535,44.28660306926586,37.417824554126916,0.09150767316466196,88.48334024609429,0.6926586478639569,20.262043017123897,1334.3995032687483,37.60657996089353,pre_industrial,188.46215185639758,3.267308709980837,90.39234110775722,139.66779009571724,6.237261064964524,149.66546178352473,0.7236644125509292,71.21723790681774,270.67904688564226,152.7618663426767
1766,35.188235720555504,1.955194520204395,82.6201448321264,166.38027690915075,15.005160330261136,155.11421302391923,0.6871296905859118,82.61916517759177,16.89610175867582,208.00789209693093,pre_industrial,193.44940162046026,4.047409512970664,73.77551567219771,135.214879724245,7.34276788450326,167.16944417998243,0.8154209384401465,93.37270906743531,270.678999570939,145.18857112621134
1767,191.35815022800693,11.751736779290047,154.0176749122377,260.3268634174218,10.776304868424633,316.9527444417231,1.8858682341415625,202.1311749452822,2.0876339759513893,225.47618075722409,pre_industrial,98.03331464142728,3.853834548931218,69.85214861734043,110.45946167204974,6.463975489156731,129.61404193880497,0.8140519260497173,86.69005433498509,270.67895300589174,120.04574845933114
1768,162.45040084314948,5.383756450903704,67.40206004643878,86.88070360170634,6.358250310491927,87.51991198228845,0.6358334683298233,127.8930229956878,0.005785563861053897,125.89970339342604,pre_industrial,89.39816265187986,4.019116442628925,64.7268854197552,111.81527740981555,8.535403486687539,130.5527407157424,2.550852466546038,93.46732409413342,3.799052352142102,128.1253428871418
1769,3.029911635151529,0.08782907199687719,0.9342602266334485,1.2916398778429639,0.08865426344129229,0.0,0.16876958932733263,0.5448655392398862,0.0057404622220181166,3.2383860881811537,pre_industrial,128.64968592374476,4.054314810669505,54.83452956617756,100.03411112736183,7.621569173680806,129.34184064785967,27.47196837598325,94.76520811073703,2.5592405304145673,115.6304092963398
1770,54.964114832535884,0.9170653907496014,18.660287081339714,44.19690324295588,10.448647660818713,93.1768341307815,9.376661350345561,54.1483918128655,0.0,78.00455209994684,pre_industrial,131.07777458419122,2.1783254274113806,27.88234505515784,76.45032085258715,6.114521462484808,135.47362923412044,59.978432146459724,74.47224589867702,5.099532665265441,95.93367291048337
1771,231.44585207988,2.131186360407293,33.15836556423817,107.47444549688214,10.435988765227457,149.05971268450548,125.29270923777197,89.10858526060987,10.69704265003815,145.53322414292103,pre_industrial,110.77536363502443,1.4203513735061353,20.322196834838913,88.65422577315252,6.718467697542247,189.8151543026585,70.60548465807469,63.04514267908097,15.08844801065573,94.01576776466219
1772,203.4985935302391,2.3717898629994267,19.256752357139135,142.40791204354846,3.2410663124446524,347.61168737302705,164.41818708652391,100.66636388498202,14.78909465020576,126.99249882794184,pre_industrial,127.17880226387649,1.6861801669498973,32.53705026336843,116.2658266936215,42.191443544200396,227.72652327733167,71.50042252942491,68.31173125423953,27.983031127361652,158.67937782235273
1773,60.93834609731569,1.5938861813774783,29.60131894484412,147.90022820453314,9.377981485779117,359.2275373249787,53.77109602640468,70.75750689770763,49.95036229081251,116.31017766432014,pre_industrial,134.62027963866623,3.0916938995697913,44.00850694139957,132.59709450919416,76.72003028052356,247.22603194099966,71.02014145389504,63.89243084641298,31.77332312584478,217.47993371509247
1774,85.04710477941175,1.4169730392156863,62.00852736928104,139.3496444801879,177.45353349673204,189.556844873366,4.6434589460784315,26.87780841503268,64.47865604575163,326.55643637663394,pre_industrial,128.08367231417287,4.190167458192854,59.98187676581095,142.29986388961342,79.64744746914349,312.62527061685705,49.114530731472094,72.92136598997475,30.37624096907835,242.37409004819273
1775,92.17150170648463,7.944634053849071,76.01757047149539,125.8532423208191,183.09158134243458,190.6743774491215,6.975255972696246,32.051889773732775,18.951459992415625,372.00733156364555,pre_industrial,118.85177143152757,3.857146984663116,70.85666939240193,133.75531500516666,81.31503053187959,323.2044109869788,17.985291513973902,77.18012500151761,28.153624994726652,249.84864689199216
1776,198.7628154574132,7.623554153522607,113.02521468629512,155.9882923989785,25.07307470832707,476.05590606379246,15.764655625657202,134.2532609784187,3.711631866205998,270.00400580842216,pre_industrial,129.25181343124115,3.548807905377502,76.28882234378088,114.14424654767686,79.863100606666,251.35890352198308,7.231072308692967,107.81445720091313,30.94599678452564,356.40412781457565
1777,157.33908911701255,0.7066874953507402,73.63071549009398,99.68516762131469,11.57898162612512,400.5073892236356,8.771990999032953,121.96015894269632,3.676014778447271,164.3652830469389,pre_industrial,143.86280339426986,16.128829593181884,81.79426476667187,115.71309036895919,45.21904743625908,226.5986427389261,6.30238051947728,192.89594853106863,30.77926345874149,427.91497031079837
1778,112.93855609588368,0.05219078494940564,56.762083701738874,49.8448859170842,2.11833185971117,0.0,0.0,223.92916789468515,63.91222123980745,649.0875822772375,pre_industrial,153.41145075121347,27.750314929917494,77.73771379601705,122.1748382653642,20.86754244759863,201.8537407366891,6.1921268665143145,239.92540547629795,142.83006268705998,385.8957798476716
1779,158.1020545945551,64.3170814782376,89.53573948373598,147.19386358659952,4.2332676446974675,65.75554095808091,0.0,452.2852650658102,63.64498941683088,684.1106488577476,pre_industrial,152.43858104294782,26.82636674400756,61.46316226101717,119.08441771635489,27.887965997911056,107.00229763458609,5.632008173931978,231.62839622854813,347.7015994214764,372.6307480458931
1780,139.9147384912027,66.05206073752711,55.73481561822126,158.16198180284405,61.33405639913233,66.94986743793686,6.423987707881418,267.1991744998795,579.2054561340082,161.91137924801157,transition,146.39039797995005,27.311461089152765,57.899139724281305,120.45054140858679,25.88359578952452,26.90081978985895,6.768443784740126,228.97265453164692,548.2199313311936,390.0295926869826
1781,193.89846691608506,3.0038132239729474,31.652457011295773,140.53618965393193,60.175192459889196,1.798690553277214,12.96406216274552,92.76821473966952,1028.069315538288,203.67884679952994,transition,133.48899200168424,28.43404043352832,64.13387360966078,152.57485635786688,28.730452558804295,58.646607707505176,8.34359635770206,199.4035992291697,753.0856372102774,294.6431037540351
1782,127.09817380202367,3.132159221076747,55.810602806414664,106.51578608247422,1.5571305841924397,0.0,14.454169053073693,108.68145045819014,1006.2676743270332,251.35950625238638,transition,116.57996276432716,16.504033089154493,59.75657707639956,171.39066797818106,31.138324290983,288.91260334877336,8.34359635770206,117.27131345453502,851.9989960072835,172.32839399288306
1783,48.43152620455463,5.665087506827195,87.93575312863624,210.4664606634846,16.352615706110043,158.7289395882311,7.87576286480967,76.08389138229916,1088.240750635226,172.15513761250028,transition,125.83327314956693,3.717783199144661,58.46778561648252,159.71197532131595,76.01517850204425,486.31811780945173,7.058798816125777,96.33199295785128,794.7787160679597,180.59250262299855
1784,73.55690840776974,4.6670447563684485,67.64925681742993,241.2729216881705,16.272626305591,1217.0855191644216,0.0,41.6238361926367,558.211783401862,72.53710005198732,transition,137.56446739154882,3.362738049435722,65.59398358050626,158.51409396171746,121.32789754540292,515.7707129619246,9.450541283885576,140.91129195038354,699.2485577950865,234.23214279225107
1785,186.18129041740156,2.120811287477954,49.2908583186361,99.76851851851852,285.71832745443857,1053.9774397413287,0.0,162.5025720164609,293.1040564373898,203.23192239858906,transition,141.80238462350536,2.9004926091887926,69.50469890268592,170.87519010463944,124.54880799904814,577.013478862388,11.520232869763536,168.1740179047643,566.4017307011698,346.9910818035405
1786,252.55443812599458,1.2285874754282506,67.2834468314144,134.54678285593937,286.7387876766826,149.06166631564167,24.922774501544513,315.6647097023308,550.4185241739212,471.8770476457924,transition,155.64578086129467,2.215952371069078,83.688381610292,191.1930282041773,125.40497099327324,576.6903604853712,10.659515006855836,172.91339141526038,364.44383865135063,475.0890256804749
1787,148.28775996180627,0.8209320198421015,75.36417941731293,168.32126679708423,17.661682852418547,306.21382950231725,24.802626982463494,244.99508023009386,342.03353885744895,815.1542013088334,transition,173.02156731112726,2.092175971175915,111.99459118837869,236.6235694633877,123.5113665450169,333.27325665248696,11.989007775522364,187.1275776516944,256.8489959838493,595.7601111944933
1788,117.64850739350115,2.242386316228619,158.85416666666669,312.0556511611737,20.633430677235435,157.11334770314747,3.5721735502711724,99.7807589347796,78.45129038613081,812.6448569971724,transition,164.30114944803262,4.482522437279957,136.74765976799398,266.0917120636326,74.88641087965718,153.1417235940284,12.664799786541648,179.17581783977045,201.4846126118902,735.1231964117452
1789,160.43584065693264,4.048162756902637,209.18030470786337,468.4256279842226,6.804604064309276,0.0,6.647463843332642,112.69476737480683,20.23757006435541,675.8925276220793,transition,185.6756081345805,6.671361071625287,140.95143479936263,250.38637648304197,25.527109619427712,168.77590955572683,7.73818423201476,123.4800117091308,94.48493638258867,830.4640358341605
1790,142.5792011019284,14.072543617998164,173.0562012167126,247.10923151974288,42.59354912764003,153.31977444903583,3.3789600550964187,122.74377295684114,16.282139577594123,900.0473484848485,transition,218.9263809743199,8.330689077246259,127.22285633322556,269.5084021340816,22.214742444506356,179.44082026837228,2.7776588355220624,85.96881764729973,56.60874537978034,778.5779131189381
1791,359.426731558734,12.172780647154903,88.30232198825763,56.02010495298637,39.94228137553526,227.23259612413372,0.2896967289100782,37.185679049132574,15.420143027413589,948.5812447578688,transition,416.0840667860824,10.703536458453176,97.70173097972747,273.72340155880005,19.00407745746699,277.36092604640334,4.007399603971045,89.34571741983396,70.35661745133076,715.0918072057941
1792,314.54162416050326,9.117572047946952,6.721287086627561,263.9313950522826,1.0998469778117828,359.5383830655445,0.0,57.439109920938535,152.65258384340729,555.7235877327213,transition,614.7802878799254,11.188320652878284,57.742005508240275,217.32936145182575,19.25177982440887,370.2367495862894,4.792339309980048,96.8916899499375,67.11088010829191,665.9461394069242
1793,1103.4369364523136,14.106623222263208,11.248539899176196,333.13064828476575,4.580105742038608,646.713876593303,9.720877392516087,116.6652577974507,147.19065074388294,495.2143274314521,transition,621.2840498779372,8.934148513711621,26.3982399254447,208.17949592814108,12.429020467421696,573.765099630504,5.713590232600083,98.04132415183759,134.1330666506044,623.9206891209318
1794,1153.9169461261476,6.472083729028174,9.381677350427351,186.45542744935108,8.043115899018677,464.37911769943025,10.572162373377653,150.4246300253245,4.0088833491611275,430.1641886277303,transition,605.6706796562044,7.243540863072556,13.38745352024265,237.61620519144859,8.541476084386595,785.4875857909759,7.34220013176588,106.06471465780052,276.36778388123093,568.3047390441822
1795,175.098011091987,2.80168292216485,16.337373302734747,201.35990390131954,8.479752342704149,1170.961524670109,7.985214668196595,128.49194396634155,351.39307228915663,689.9200970548862,transition,602.1753375066895,11.384316009253846,15.600123068604992,209.42477756674376,12.272546002581365,765.4013972923126,10.524902437169057,111.09773497041108,345.02786623054453,576.520937653387
1796,281.3598804500703,3.7197423939595824,23.248389962247387,203.20365126952402,20.504559460359758,1285.8450269264933,8.432746224739063,77.30263157894736,726.5937291805462,670.501494374121,transition,421.7053226261837,14.481793947891177,16.479706477310987,164.0220087080106,12.0766089871176,660.3760195887264,12.081848151823953,111.2572109627218,369.77411151633896,684.0853981648717
1797,297.0649134129289,29.821447778853397,17.78463482843928,122.97425692875838,19.75519656878563,259.10744057222763,15.913511527015885,82.60421148399125,495.9529955899753,596.8045807787458,transition,227.41031785282175,14.08569476121771,18.10274467864975,153.94663963680622,10.488230771379055,591.2050455612741,10.701295624511516,135.26018606100743,420.4109926053892,812.863175127047
1798,201.08686204978446,29.59401291544987,15.64645694270616,106.11680399109999,3.6004206647197887,121.58698807537199,17.505605965790572,117.46263775900432,270.921877172855,1033.036629988875,transition,226.97548292383766,18.5179835455163,23.385745272117873,154.5148034812555,11.535643134696631,864.6723194538665,19.631641251999696,172.0319914663625,441.60146615149097,1001.516119006794
1799,182.44192225933796,4.491587795660829,17.496868357121166,136.07858209332926,0.10122482032594392,118.5242475621689,3.6693997368154667,270.43950551675266,257.1932887944124,1074.053073438607,transition,203.42243742377724,18.10743190421724,21.317114463258925,139.69625364266793,8.428372888652493,607.5033140685679,20.339992623042228,201.38317531758895,364.4548324637275,1077.0787718053045
1800,172.92383644706652,24.963126843657815,42.75237627007538,204.200723123566,13.716814159292033,2538.297894133071,52.63694280563749,312.35097099311696,457.3454400196656,1633.1848164536216,transition,156.08416685400633,16.103515524134718,17.958975908187483,132.93655220457313,4.51120265550378,628.1307721638643,19.647052618273328,204.05243863074207,272.548587369995,1049.0381339918179
1801,163.5946529497682,1.6669841874642788,12.905235917952625,129.110902076586,4.968208230139074,0.0,11.974503079951736,224.05855083507967,340.86056074172853,1048.314758366673,transition,207.19006785866895,10.657263894364931,17.290871836602797,131.29575894565144,3.7911185225598225,659.0233888934196,17.512967167150954,188.0863589900045,218.364211935424,1018.2591730051001
1802,60.37356056407415,19.801865878440793,0.9939420530820863,89.17574973828438,0.16934540304205922,362.2447310487099,12.448811503171378,95.95052804975676,36.42177012131288,456.60139171131226,transition,209.20225313913608,11.198881305911508,15.73493862270629,112.10056740650714,3.772325105844107,656.3371264447958,17.348819554456618,161.06292110444411,205.22163717601893,914.4456624804164
1803,456.61636707309776,2.36275476660092,12.305936584782737,97.91283769649154,0.0,276.0500717231486,6.835178710178709,37.632239555316474,0.0,879.1418250552865,transition,195.84772858187063,7.590675920245144,8.707889843430136,120.05549404908156,2.886939270880988,149.7129519365559,8.35191363515808,122.8445967900996,172.86823503152695,708.9518864603667
1804,192.50284866167334,7.199674853393717,9.717202287638623,40.10262439760785,0.007257736747372698,105.0929353190501,2.848661673343784,135.3223160889508,191.4804149973872,554.9855208151889,transition,210.46361427136995,11.66509613114027,7.523455226434876,119.70694671444762,6.987492165414496,194.54649810011935,6.49595408579046,92.3906885673908,129.93933291229095,634.6658674228315
1805,106.15121366073949,6.922099915325994,7.617132373694609,243.97535633643804,9.289884984476432,5.177021591871295,7.652413209144792,121.2593494213943,295.57842929720573,605.7159363533727,transition,221.36272428808076,8.105813922883524,7.585375944648878,131.21160103439863,6.953623084806084,122.09755189037737,4.006191785156185,73.20058295743945,180.96249199033326,691.7246802084369
1806,236.67408139726479,22.03908524193991,6.983062832976328,127.36816540341627,25.470972702806613,224.1677308178173,2.694705333113638,71.78900972153568,126.21605014554842,676.8846631789971,transition,146.2088141166481,8.907297673330731,16.774832158514073,111.67006835519098,7.4851222250280625,67.24227739776161,2.639156043120443,97.12808807123157,250.79112259843086,598.4953362228603
1807,114.86911064762822,2.0054548371570675,1.3035456441520938,146.69902133803947,0.0,0.0,0.0,0.0,291.5375655115247,741.895455639339,transition,175.0476044920206,9.1877559353909,26.617418983412808,142.98520114980448,10.559532461959439,80.00990496078694,9.302267406058757,89.60253533456725,310.8783208568918,634.4707940422438
1808,80.84681621593455,6.370173518836955,58.25321765410871,0.20517430045333754,2.6574957011098954,1.7736992600698245,0.0,157.26976512427703,349.1431530404878,412.99510512740346,transition,189.76190946743156,9.744863213787905,32.27250861771974,122.82086098536692,9.311220892573447,228.24316545034327,8.162119336720504,83.95459977494762,350.0585612675869,699.4578731904045
1809,336.6968005385358,8.60196616369456,58.9301364121323,196.6782883706752,15.379308921404258,168.9310731341767,36.16421848803536,97.69455240562922,491.9164062896916,734.8628099121069,transition,214.0978083864199,6.148333978054117,37.241579683669606,112.40072861950257,5.490653330415737,183.40961928677982,14.113480771331314,87.04691865401064,407.84045846131096,661.3322088837001
1810,179.7227385377943,9.707636307311029,35.892580545229244,143.15365551425032,3.048327137546468,746.343324039653,1.9516728624535316,93.01967162329616,491.4796313506816,930.651332094176,transition,218.10232101174682,7.484081034969451,38.210807749535626,92.84388421336115,5.897724742372007,219.09524385063187,20.15881431143108,170.9287484077001,539.1651434154015,591.9794093998838
1811,358.3535759922065,4.05643906327096,31.828418162725665,75.26750357409445,6.368134892018066,0.0,32.45151250616768,87.25060411685074,415.12553611416854,486.25634164547506,transition,313.7620090475636,9.363645633923822,33.24224892217254,121.14958680424311,7.074425224457649,237.0880503187584,23.386202291305093,161.93511127101607,565.6763798226098,585.2335802711848
1812,134.89167377426276,8.684190121733735,6.149685973482205,48.91479930733245,2.035357059781344,178.4281228192603,30.226667700498822,419.40914876844744,948.1609902819778,395.1314582202579,transition,267.0210503224445,8.278176250828462,45.55531161598285,87.89819409014262,22.285788002717304,209.86372810929183,19.45489510266324,159.82808402601034,538.8069244449912,532.8393559426844
1813,559.1452563950187,15.767996513608814,33.410423517293296,141.73368725486313,8.540998111538107,91.73773160070257,16.136939899370073,112.30157944085683,481.69933507652894,379.26595948390855,transition,252.46625470382978,6.543817002625009,38.85535361756472,63.59062782397511,21.73154001875473,77.36117061439211,19.43918935414878,141.2241497013511,440.5793636192303,359.18509256231346
1814,102.99200691294017,3.1746192482177578,120.49544988118384,30.421324800172826,91.43612281270254,32.809462086843816,16.507682544826096,87.15941618060057,357.5691294015986,472.89168826960474,transition,239.36669547180355,7.963043989394106,37.260257721428715,118.4186398448586,20.503498656499026,77.36117061439211,15.550182332518332,182.88664655247845,586.3009346538245,324.9342058802373
1815,106.94876044472066,1.0358400662937643,2.392790553138595,21.615824183412748,0.27708721773358197,83.83053656515435,1.8731441198812238,0.0,0.34182722187694226,62.38001519232097,transition,296.04972247820854,13.693240284094358,57.46724064194932,164.05240092944564,29.129693271436384,46.01274045759203,14.860776825188841,155.6979175268565,564.4605244880597,444.9381225242863
1816,292.8557798320753,11.152573997116445,23.852938682045632,349.40756367851185,0.2279280807395471,0.0,13.006477398015436,295.56308837248747,1143.7333912871397,315.00190823509456,transition,219.36906938071888,22.996877673431165,51.533988975331724,181.86437807045405,29.409132202246496,128.45431971333073,11.633388845314826,167.13617087343098,660.2944019420327,442.53670882087835
1817,418.30680880628773,37.335171595234996,107.18460057608524,277.08360473026767,45.16633013446814,21.68597203525989,26.779640163851383,283.46550364033754,838.9589394531534,995.1510414405026,transition,244.06742357448402,23.737714235579848,127.79131765453094,194.8894564265948,12.123311476860874,146.111737855937,31.70554598788603,173.9606438999844,761.2675125770772,448.1845449308008
1819,175.74199090757045,62.28618346029285,3.744165184205325,230.79357295990513,9.938192765588653,503.94562787939606,0.0,169.49284617372928,960.8687223463943,367.25889096686893,transition,278.21880012072677,27.12324646532867,130.67595263168772,227.17784477362915,16.67391998588797,151.2690235957484,34.811246256522665,235.98634234823012,874.9289759155993,545.1695574416449
1820,226.48377788176575,6.878802058961161,501.78209327717985,95.54671658087662,5.00701918577445,121.09655279987521,116.86846825768211,121.28178131336765,862.434682576821,501.1308688192169,early_industrial,270.2195395791483,28.362931627077966,128.0384458504329,168.8875279222211,19.279821944968173,172.89022983401927,33.18063608074409,267.59821991737465,761.9146797199068,645.1918291629039
1821,277.70564317593437,17.96350121503788,16.815965438922508,183.05776591858452,23.030129762869077,109.61696526421119,17.401645463064437,310.1284922412287,568.6491439144868,547.3050777465415,early_industrial,222.88592290138482,24.431825303679055,212.72933428408425,148.0030795311022,12.764977361128796,201.41130570703916,30.0006637376034,281.5408444254478,931.1120779888792,577.308283585187
1822,252.859477124183,17.350999805862937,10.665404775771695,57.955979421471554,13.257437876140555,108.10603119135443,4.8534265191225,453.62247621821007,578.661910308678,815.11326684139,early_industrial,230.41739836304708,15.6594358744494,255.93423482253638,161.06309918652514,15.794750677487155,177.1886182801669,30.109041598274842,297.57663937391925,909.0903145660768,615.3922364802967
1823,181.63872541747028,17.67963997824044,530.6390427443417,172.6613627746732,12.592107215271252,164.29135140035936,10.879778448147965,353.1786261807032,1684.945930798015,655.733313551918,early_industrial,243.21528426703316,27.80719126836264,163.87088564367025,177.18109674244783,14.793346840332266,538.3428192425083,61.002674255313764,361.13596888182747,974.1874395601787,630.2835346602552
1824,213.39936821588196,18.424236314144572,219.76866787646605,296.09367123701986,25.08705934738045,382.8321907450348,0.5418893033571932,249.67182091608697,850.7599052323823,557.6786554424169,early_industrial,347.309572298513,29.25853464951614,168.4879777907851,173.80161588115823,10.921381290443016,553.8565067265788,65.52360355196262,339.52816053425283,1148.413667649485,665.3242756126248
1825,290.4732074016962,67.61757902852736,41.46534738284931,176.13670436049,0.0,1926.8675576115825,271.3366315428767,439.0784288529084,1187.9203075473313,575.5873597190097,early_industrial,309.43899850672256,31.807918400687708,216.7437173539392,184.8057077775549,13.676371679079569,558.8668306218982,64.55291824813813,331.6471828677953,1233.485568855982,622.9987346277452
1826,798.1770833333334,25.220218120805367,39.90142617449664,166.16036161213648,3.670302013422819,187.18540268456377,40.00629194630872,202.08945050335572,1439.7802843610177,722.5087825083892,early_industrial,288.6759362230391,35.53736787690677,117.02865143954406,185.61225855923118,57.90423560694196,539.4160496895812,66.57572252791746,379.1029758952477,1158.1976919210415,624.126440066238
1827,63.506608165230894,30.097918561720803,251.94410259154228,112.9764389034548,27.032389819323313,133.15765066795086,0.0,414.2175878859222,1004.0214163411634,603.4855619169922,early_industrial,307.6017275541044,31.852520614077854,92.14724578554379,213.67825157102857,56.621085114839445,465.4513662691353,66.46734466724602,428.96368415154,1255.5947400549476,610.577350908979
1828,77.82341399905313,36.326887359335736,32.06371317236607,176.69411668305474,233.7314268545832,67.03744673877418,20.993799847044684,590.457591317965,1308.5065461233112,661.3718407443824,early_industrial,289.4601695021194,30.480753193017005,90.9251569247094,200.51476474682113,62.64636067546278,94.07087071033071,30.82601607816897,422.6815170050557,1188.4298395108938,702.9997877451086
1829,308.02832487120827,0.0,95.36163960646469,436.4236362960069,18.671306886867896,13.008773642805332,0.0,498.9753621975487,1337.7451459019137,489.93320965612145,early_industrial,196.1585912481693,25.814089636326912,96.82716913391779,242.46935737569657,68.59745475083109,94.22527625038062,23.510903266127194,485.39083067056134,1289.6738989022465,692.8306831960867
1830,199.7654171417712,60.758741923223106,35.35490307867731,110.31927023945268,30.126377803116682,69.96507981755987,93.12998859749145,407.6675931204865,852.095804827062,1037.699543899658,early_industrial,263.91374398144956,30.15310973940501,51.51347190956507,272.20661919931797,72.7123286239508,105.52455813651747,25.325427102958635,442.95571237464003,1243.297206718618,725.7846011296208
1831,331.66919206358284,1.8869003373549087,69.41148722053862,375.93332475651357,33.425772390264356,187.95743038481328,3.430727886099834,515.6360188308842,1946.0005813177806,671.6632597632797,early_industrial,381.46983148895663,32.81468918937602,60.664081204694426,290.4020455895144,37.961595485545025,107.72834924734279,28.09379774837687,663.0248888830031,2415.040664657162,724.566961187642
1832,402.2823718316321,51.79301907711129,25.375616469778645,261.6627480215621,47.60675918492181,189.65406009863517,9.072619184157205,202.04199640631572,772.1379554230225,768.2551515846619,early_industrial,449.9177159686451,39.344453840968086,56.99803693207093,268.17533825032535,44.46902769377366,119.97623303593295,59.588952339978164,883.7043107520612,2977.314451197438,705.9868528666316
1833,665.6038515365886,49.634784609190774,77.81675964801288,267.67124863403694,59.97776116255439,78.05640229290083,34.83565307413585,1690.8034738597803,7167.22383581603,655.2836410344893,early_industrial,523.0154473122511,33.099561111515825,74.47194109118843,311.9532545235225,57.43131360263253,106.67746063620461,43.73703619409862,873.5103447265561,3007.6755910709026,644.0515145234949
1834,650.2677472696508,32.648823257960316,77.03141824334718,325.2900996000615,51.208467928011075,74.24819258575603,157.47577295800647,1602.3724715428395,4149.114078603292,397.03266805106904,early_industrial,519.4436877359433,40.41627411587959,85.56159831034324,288.32141337013866,77.68092470424776,89.00348258601073,83.90617667931338,849.428197244469,3089.1081389209203,645.7434602653188
1835,565.2540738598013,29.534278275961817,122.72442387426479,329.20885160543827,94.93780734741105,3.471217818918137,13.870407868093723,356.69776299296115,1003.9015041943882,728.0228521839747,early_industrial,486.42533050089,33.700805957793065,90.16707017827233,325.4685335945328,86.54208271226523,73.27096733246734,85.29831058560013,878.0381106365845,3267.8877875499866,613.8156932512633
1836,313.81039418204324,38.47046535917372,124.85977331631271,257.7741189895942,134.67382789834048,99.58754013384396,204.2764303121736,395.22528142044797,2353.16332056787,680.1229884723995,early_industrial,441.6830332264931,27.42782989049612,85.24389452697935,300.12178873191726,99.31353569416794,65.59804783582973,78.33117997077296,612.9730847882801,2070.198234800354,604.8292623437662
1837,237.19058565636576,18.215678286678692,48.40297580942404,447.39834914353327,91.9125492250092,110.99148383091816,16.03328871559099,345.0915633668936,1666.0361985683521,608.6163165143844,early_industrial,415.02360589656035,21.84648746242727,110.39729707935199,242.0778975709549,116.78245624122773,81.15500143857783,48.172793327964676,350.3080717747183,1558.2581054954007,651.449698270855
1838,441.89236516460414,18.269904272706043,53.200881391547966,140.9375243209588,123.83502607206785,39.69180480971281,0.0,365.4783446182582,1178.7760720678652,610.3514864970036,early_industrial,417.0206233814018,18.5937715606113,101.41857006531329,286.5911380151834,133.12103491658794,92.25171500926277,49.75377145291708,345.7204520397002,1893.1051289861375,693.3271448628329
1839,516.9706106199872,4.742111117616065,202.7984310052105,35.07064379525008,138.5530706633101,152.0329605994965,6.68383974396503,289.04740647503075,1589.4134320785279,630.1348476865132,early_industrial,441.2673211355042,16.386523442237014,217.41887862105222,322.67861403819063,107.69659068607466,106.2096817251982,26.609094045066456,358.342308402953,1757.9682143264865,682.841490828939
1840,575.2391612840086,13.270698766881972,77.83078880407125,551.7750538265806,176.63070072421215,58.95478567234292,21.775298492855743,333.75966431787043,2678.136621648072,937.4100851438637,early_industrial,732.1648620447502,25.126657807060184,219.1542032518233,303.7869467419309,105.73949730989209,96.01280946043906,25.806282455794406,329.17108440478796,1426.2448302633381,688.4784235928554
1841,435.0438829525552,27.434224767302275,704.8613160950075,438.21149910463026,7.551606745774052,169.37737371352105,88.55304327292048,458.3345632367121,1677.4787472696141,627.69471830293,early_industrial,676.3644409702149,33.06832852101771,217.69228083757056,317.96283230164164,88.81647769353702,126.86022956511542,25.82120159406498,331.3695711573711,1823.33061762017,707.0528319885871
1842,1691.6782902025957,61.91635011079455,57.079598963279516,352.94001266223484,82.12708234409622,60.0071225071225,12.019230769230768,199.23544337606836,7.419278252611585,636.8009803339663,early_industrial,721.836273484403,32.90893785875695,186.8579836520891,353.1293907700807,86.0778624408302,97.94369704760022,25.854488447464064,281.2971493447443,1650.9657519172924,743.8313746717732
1843,162.89025979192775,57.97825784249368,45.89126932028406,211.81695211951225,39.21992799029261,193.92890533309463,0.07459569135286746,376.47077838117406,3164.205008852022,703.2235284756619,early_industrial,756.8372094528402,31.650977089794832,181.13043825929896,255.8751844290984,52.68234069719441,124.47551517708337,28.34809642109,273.11761467121545,921.5795035052248,710.9031535203258
1844,744.3297731909278,3.9451578063122525,48.626945077803114,210.9034361374455,124.859994399776,7.450298011920478,6.850274010960439,38.68529741189648,727.5891035641425,814.0275611024442,early_industrial,900.3782589563192,27.215656847165082,48.5511621793414,233.047123668271,62.43849997571897,139.13498340938523,22.900389165842633,305.5225292502744,1052.558441627133,761.6669883115719
1845,750.2438411261942,6.980894922071393,49.19306184012066,65.50402212166918,9.653092006033182,191.61387631975867,34.24333836098542,292.86199095022624,-968.7946204122675,772.7689793866265,early_industrial,672.653329072127,15.856197801235865,98.71475295013737,204.08346790985365,70.41374232468782,174.42089191595196,20.98455618835224,365.6412542353629,1250.2403884532775,778.8170252710703
1846,1152.7491304699506,5.257623554153522,41.96493569521961,324.0711953004934,56.33240313839683,242.67471487503033,61.31450699668365,620.3591361320067,2332.3734378791555,881.5138922591603,early_industrial,663.6605733964061,56.912572568973985,178.26232004874365,251.88782275238069,78.59999841476572,161.22719055325484,27.538360724068504,386.47180718383663,826.5449925390054,824.2343569537649
1847,553.0536407816344,5.1190548811484575,307.8975528172594,208.12173387014784,122.00329408894041,236.4366650399561,2.440065881778808,499.8290683015108,995.8290123833343,722.5511651314584,early_industrial,626.8820902282101,67.78537556449398,181.55458365588777,227.37363769420045,58.562920267646234,185.69944049377372,26.168305921876414,493.7194288850159,874.83590252344,742.8951330560197
1848,117.92648141332353,263.2601316811843,443.6291048133154,450.8387263321474,80.15120844068213,127.96039851960906,32.84361836993416,480.62354312354313,1045.7280292806608,930.3101868891342,early_industrial,507.8866201832855,84.52815439645687,191.2507107419579,269.9024858753257,77.8651130740492,160.58075952262595,283.9184802678762,598.7734781722245,1541.620829500848,793.5143882539633
1849,560.4373573499477,58.30917278391217,65.08826311352375,88.33251084654454,24.674603664178647,129.81154771451486,0.0,574.9234059177926,969.0436534863159,407.33144161371916,early_industrial,307.84644337392626,93.50255925558474,187.7643566533793,225.00943322116314,68.3752691864182,534.053026607883,271.6673650367025,567.4505953151095,1075.2901381534432,1154.7408190014917
1850,155.26649090157156,90.69478908188586,97.67369727047148,278.1482630272953,106.16405603804797,66.02047146401986,1322.9942100909843,818.1322373862697,2365.1300144747725,1025.865255376344,early_industrial,230.37626020662645,107.23124766974766,133.24384592736544,246.6196633795891,64.56143370440188,499.74118738189617,275.58020937477403,504.51081189133504,876.142115892984,1385.496019202868
1851,152.54824642315418,50.12964784979297,24.533165252326484,99.60593202968064,8.883183700241872,2110.0360503013158,0.0589308408149879,463.74472184643133,0.7199811421309392,2687.646045996802,early_industrial,1063.6559161782832,67.97218640059648,60.44080589866426,211.39898487652636,73.56745455706081,589.1013619992606,269.4536872399307,497.0663986048754,666.9965100368515,1267.152262174773
1852,165.70272494513534,73.76249695196294,35.294999187190115,316.1728846622775,102.93411667885883,64.87746891002195,22.004287572136878,185.13015118263837,0.08890108103714542,1876.3271661383403,early_industrial,1078.8310485753436,57.117818286767076,51.824519527157975,235.96167933553323,79.10812506743378,599.9436925170799,272.0513622159613,423.51168706017904,1631.850316292289,1304.7862754659634
1853,4284.324761271607,66.96482533542851,79.61390466980943,274.7353338168339,125.1813127039768,574.7612716064306,2.211007695716991,443.4014766912446,0.0,338.5914017486603,early_industrial,1234.2442536630033,39.95380600415897,38.02606448581867,216.3384141335204,58.02880960155524,905.9552844987857,19.930238557835754,298.6978757485025,1661.8239172792914,1209.813759150053
1854,636.3130193352508,4.037332214765101,22.00683125599233,211.14598314157877,52.37795621604346,184.02320030361136,12.988374880153401,207.14984819431126,5793.312684763503,595.5015080696708,early_industrial,1311.0108043940845,30.640815392484605,55.89616173624112,222.05356993828423,57.07264186928437,514.871556251705,25.627365108660893,247.0023330604166,1819.617995526472,782.705390158093
1855,932.3325163398692,4.874727668845316,28.681422063775006,180.03193701723112,0.7674787086551792,1596.078431372549,62.38859180035651,194.0631808278867,2514.9980194097843,551.0026737967914,early_industrial,1427.7927156786736,20.866209344774425,61.77393880659788,180.62570096422536,50.91844679107951,552.0504195263014,69.10251554094381,753.6213692412471,2744.8100824755484,446.2093854684639
1856,536.3810000785606,3.564694791421164,113.8836515044387,128.18171105349987,4.10234503888758,154.61740906591248,28.544563594940687,205.26700840600205,789.6903723780343,552.1042010370021,early_industrial,822.350698442124,26.66463664362907,54.98855935617795,148.04331894819285,42.42256633960574,505.09673575052614,563.5669165361845,728.0727382516304,3326.185642667173,402.18624497346843
1857,749.6122813680809,24.889466713412023,64.68388453897394,109.03353979198317,72.16314128783452,250.7717852830042,239.3800397335515,2718.225332086791,4626.049335826419,193.84714269019517,early_industrial,820.7265779256504,29.388227410317008,109.35975316935469,132.31956355833364,67.64695976896476,604.8403579421699,610.0754606657981,883.1826007773849,3692.2002716722445,306.1379225142264
1858,1257.1146750888581,95.95696182970175,45.68700741770978,111.8234237366713,82.70191044660794,339.99285272755367,2474.5330126719205,315.65832174316176,2906.877800958121,118.47569927368258,early_industrial,740.9039363072395,32.5808987522606,132.05681159202348,124.44078922976387,112.19652370036184,472.42484270528837,627.0043367565061,1011.389871491321,3299.2534043923406,244.21418364996498
1859,628.1924167528833,17.655286048204772,293.862800321876,132.52720619228262,178.49992336283862,682.7413112618308,245.5310955282216,982.6991608230829,7623.385829788864,115.25989577346054,early_industrial,815.6618673971193,34.928281913341166,130.07719501131334,124.88068695283373,114.54785795893486,1444.8540270319418,633.5475313604652,1115.0428792704954,3867.036899872329,166.0744264560364
1860,533.2193082478145,20.838084378563284,142.16671417711896,140.63806537438236,223.51529836564043,934.0008551881413,147.03297225389585,835.0995343975674,550.2636830102622,241.3839794754846,late_industrial,1035.9497937898718,46.865769746603306,131.33717270520273,137.35373158404883,186.3371910993857,2852.2367908487295,595.436595326714,635.8192954524368,3354.137236522531,157.55315351826565
1861,910.1706555279595,15.301610596823963,103.98556860088807,130.38119966884923,15.859016331752839,5016.763330699179,61.26053661473621,723.532047301874,3628.607849777978,161.40541506735906,late_industrial,939.255753318628,40.944615739455664,146.69704079586194,142.2116687834344,208.3737590506515,3096.1877535479975,173.49047541353875,622.0396161971554,3305.5447735193056,195.13116693635033
1862,1851.0519133318428,84.57690587972277,70.98377300842088,171.3987629480587,431.1098069900886,7287.685604366942,48.82535956479618,322.1074129964975,2061.5510190774276,151.24077800134137,late_industrial,970.8106166391029,42.790668812647425,118.85930862010767,156.29400069414106,232.5889062935994,3777.419309317995,126.43424534538619,509.33145471879186,1781.7354727957652,211.8603030341613
1863,773.6444727326398,66.35119179396355,122.48634787100583,136.113109733599,192.88475020293706,1559.7476662238948,364.80241310604384,246.7599254667552,2663.915485941997,306.365766364106,late_industrial,1975.2140767412595,54.4283360484078,90.79603455051812,147.29957618242057,194.77962150284557,3611.2036478713912,99.08429222649265,406.80982869342245,1671.6836410073215,197.75695990779406
1864,785.9667333552584,26.885551414163558,154.6741394431046,202.93886574581597,299.57565957757805,4088.8990901118173,10.249945187458891,419.1583534312651,4.339326171161295,198.90557626251552,late_industrial,2923.7331111909834,60.99194739143636,101.01365518181393,163.59848861116598,264.263228002036,2627.5693799533947,89.40890391121732,289.88986076169175,1309.0217792326964,198.51927332366185
1865,5555.236608758596,79.02642055736519,1.8503438291711907,95.66594281577996,34.468874411871155,102.92254795512125,10.283206659428158,322.4914042707203,0.004524068041983352,170.86726384364823,late_industrial,2725.6509869236493,56.311099918169546,115.97380092816584,175.4304094358592,183.96409492989363,1171.7484676175445,89.53356138244729,278.40138121658646,1339.2014983520787,213.70225629857651
1866,5652.765827776582,48.11966731196673,155.07367175736715,211.87576181257617,363.27704882770485,98.5919911091991,12.883595038359502,138.93220764322075,1815.298540904854,165.2169821466982,late_industrial,2606.868718230334,49.826538147935,108.28481367048005,169.87850031723033,208.78741580620164,908.935606668874,31.663501673067394,281.93888314033484,1696.5589612931567,223.04957308416073
1867,860.64129199517,61.172668513388736,145.78450174018042,230.55836707152497,29.614141629377084,8.581042687690887,49.44864692094609,264.66501527097097,2212.449614674338,227.15569287591447,late_industrial,2569.3613682127016,58.02922288706422,83.327204634261,156.84205882811037,156.7781438920804,136.70217887170764,29.655780640874365,252.89526237390336,1992.633637716876,213.09420035414252
1868,179.73312926606152,33.9283829427908,84.04141158257688,108.35356414045458,317.0013545844769,245.68336148054323,75.45211455914433,264.4474350854972,4450.7028006473865,353.1023502920273,late_industrial,1519.7553245266129,43.34570043362227,380.8634398407929,153.2045524756625,235.730223931986,832.2579974326696,34.126341381527595,221.24758601026014,1992.670729449036,241.9626301415441
1869,598.4299832670989,67.89897510980965,29.886094262009337,137.75665830021612,39.529300006972036,227.73195112598478,0.21134002649376002,273.9402495991076,1484.7127082897578,149.12871261242418,late_industrial,464.38363929500855,38.78281035284124,360.5933826453752,174.9696696418194,205.9606118115424,1644.281289322323,38.47279280906115,281.4938630394987,1640.2198052630636,291.2813433992594
1870,307.206390328152,5.608808290155441,1489.5315198618307,77.47841105354058,429.229274611399,3580.701640759931,32.6360103626943,164.25302245250433,0.1899827288428325,315.2094127806563,late_industrial,354.85011755425904,26.95734692118892,339.9523037558471,146.60387496459182,232.51368457535688,2693.096828479672,32.9330913656375,262.4451502898588,1207.636630023083,337.43435891739875
1871,375.9074016185614,25.305216908061546,53.723385780278555,320.70134764336075,214.42898822548713,4158.708450557466,34.61585217602723,440.16359278941337,53.043919974992185,411.81054843527494,late_industrial,464.3821030170303,46.116864024900636,429.3542908173389,152.2476354972286,230.0386761878753,2694.3706327754217,44.84500399976446,342.13060268904854,326.56079788152397,423.9261092080959
1872,312.97368329142216,2.0453513551271305,42.57910729253981,88.72939368538698,162.37950544844927,5252.658738474434,21.750139703827884,169.42145152277172,49.533738474434195,457.9207704666108,late_industrial,491.2085545704972,36.12686754558765,826.870874651035,139.35196893219896,266.1248150434605,2746.195295557797,54.339812719712164,321.42420729130157,56.40556512484402,453.30525309795564
1873,727.3930565799179,129.72596846134937,531.0513468900361,136.57236680363854,304.6263126470692,252.0523829592948,135.0116777297791,662.8746970814457,45.3236399395919,785.5611017455134,late_industrial,523.8852669492394,45.55266848410073,548.643864424403,142.68688987556635,250.15268933050638,2500.092821700455,161.90177255398797,303.4079509705029,65.96675311763923,447.72690827936793
1876,732.5622410344334,17.94899271324475,2017.46901343049,73.27832547506786,219.95999428489785,486.8552650378626,47.685383626232316,170.4082726103729,133.93654450635805,296.0244320617231,late_industrial,622.7020885259534,53.83435217814417,575.5297060919617,81.54087571216624,286.1377457933648,1668.779269460195,172.39315519342662,346.4556482663669,56.82393487161109,398.243122531904
1877,470.589952221863,52.73781298272084,98.39646872867047,94.15301577037755,349.36864604662856,2350.189271473219,570.4458095340733,74.17174084851098,47.99592269281891,287.3176886877178,late_industrial,624.2153318088006,66.04292789716199,579.1541331889972,75.89163929494059,322.3271305062113,622.9043043518849,181.1468010780181,331.77036591995056,51.82515985014989,405.8490734569328
1878,869.9915095021315,66.71363537827877,188.1525941180721,14.971276826360285,394.35427053977884,2.140689356167353,87.07276537322059,655.4020792687332,7.329828744851506,164.39161969795504,late_industrial,549.9040267793667,47.84672908793305,558.4555597174226,56.22839034941755,313.92516841539396,608.7611888711369,154.88642459638976,321.32261948611756,49.487405546442034,332.5055848329763
1879,320.5398997056579,63.08822995021622,60.70124277771721,60.483211599258695,343.3264290126821,23.283912932882735,65.51836912678513,95.99503979069007,24.539863367128167,495.95052509175474,late_industrial,502.0029980514617,99.5799767264564,776.1283589407385,57.080699647536015,341.80354404035637,870.117216421587,145.4714615478751,332.43898339210693,24.059998954229037,312.65668754141325
1880,355.83653143274853,38.74497441520468,427.55847953216374,38.25612207602339,262.61650219298247,181.33680555555554,3.7097953216374266,610.6359649122807,33.63486842105263,418.843658625731,late_industrial,483.23839677075813,95.96436856636305,766.0114153149085,52.73834964094252,284.70428275669013,793.4340533739456,31.38229964106042,368.79946061209296,19.73776473041346,321.9162556941575
1881,493.0570973949083,276.61523090586144,3105.833009547069,77.53987196566017,359.3518724097099,1793.6354027901125,0.6105683836589698,225.99009214031972,6.799511545293074,196.77994560390763,late_industrial,481.37219110591167,98.07872254717361,899.8024204742935,84.92216425138388,975.5724427653098,922.623686449889,13.967746566416306,372.59732724164934,18.27179898144316,1268.267686611883
1882,376.7669458183453,34.659772182254194,47.81175059952038,72.44126573741008,63.87233962829736,1966.773456235012,0.0,255.97412694844124,26.384751573741006,333.6155294514389,late_industrial,618.5427512939314,98.70965435540835,907.1165461499925,149.15931651947804,1593.1487967229211,2255.9521821535955,1.4761960497923667,551.4485575983945,13.398420403958482,1416.7511286415024
1883,860.6604811778992,77.28540528233151,857.1076199149969,175.8903498785671,3848.6950705828776,648.0888547358834,0.0,674.3914124165149,0.0,4896.148774286582,late_industrial,688.8449738235811,97.18583470601227,857.7555511781391,171.7996614189151,1597.4873537609603,2673.6217369303345,1.5602689169290558,553.1794253636019,13.631629741554809,2010.597759065889
1884,1006.3927006457565,66.24288899138992,97.27187115621157,381.6689729397294,3431.2081988007385,6689.926391451414,3.0606165436654367,990.2511915744158,0.17297047970479704,1238.3677352398524,late_industrial,723.0736742940943,179.60051737585007,267.99776397832113,189.5830972214901,1588.6506361603313,2737.9484363596857,2.3555321341366557,705.45418155675,12.271727432496196,2861.293655993087
1885,707.3476440809969,31.125876168224302,180.75350467289718,151.4578465732087,284.3092873831776,2269.6845794392525,4.130159657320872,619.2903037383178,34.80091510903427,3388.0768107476633,late_industrial,932.4830850975522,181.39020988220005,300.7487562318556,204.1485094257504,2419.341096735658,2867.1046343303037,2.406382725852632,910.1241244116376,16.997448057918934,3813.5706939226548
1886,664.2005997474748,688.6886442550506,157.0440735479798,166.45705097853534,315.16828440656565,2115.268899936869,4.58688446969697,987.3638731060606,0.0,4450.259430239899,late_industrial,1085.841763540484,175.9971159040713,882.3521230152519,259.93562965110965,3348.934256316045,8468.680952343802,10.088973684830496,1265.1932441357853,241.55533669141172,4672.271402298653
1889,1423.8139998356344,43.60823471400394,211.56671186719262,145.2683267587114,4217.324642504931,2612.5544460881,0.2542529585798816,1279.3238412228795,50.0133547008547,5095.0007190992765,late_industrial,1037.1382511994022,168.12089823917609,1795.079935602173,221.21916246837554,3486.7437054365523,7620.471722795852,10.496260857345607,1282.571559606255,248.28713755656744,5340.507039722298
1891,1627.4538733925576,50.31993539168789,3765.124453831978,454.8259510053633,8496.660868484812,28655.97044480338,38.412954794889316,2449.7370110372535,1122.789443167464,9189.652316166574,late_industrial,1185.174175291762,180.33535224867157,1922.68478476683,271.82297506194493,5038.030007475396,9619.787113907778,66.79532867420872,1522.6869606882315,264.55552654793763,6040.884638921567
1892,762.8751389403483,26.861800666913673,4660.910934090816,188.08663702605904,4120.255444403278,2448.880243711663,5.097052406240994,1077.142768926763,33.83197480548351,4579.545922358075,late_industrial,1182.3194104801728,48.52472452857025,1929.1883653057903,282.77074394035714,5691.27299610706,9196.781133123073,66.83546134010986,1560.2459166015567,272.31272693846734,5632.713804049245
1893,1447.5272645427947,92.19814621570191,818.777750496184,404.4769095410554,8040.740797577396,12266.261534998876,285.6254987416365,1819.8673091482005,116.14286006588506,6889.964806744009,late_industrial,1151.835247657925,46.587022586274976,2058.658462422797,289.7008011646941,5603.078009977927,8677.42462667767,67.74406884160994,1532.8499583863004,268.6663394883378,5053.702033498017
1894,649.9267756895288,29.635505654543973,189.56197624277928,221.19589537059636,3581.3832275648847,0.23899601334309656,4.7875477992026685,1175.1586526726874,38.786001952648284,2409.4052558782846,late_industrial,955.8614190655308,43.26729635303047,1337.8215867731953,231.77495081004122,4182.1606837058835,3052.3496226685475,61.01532341795151,1208.3831978384808,50.27025280877095,3654.7862649135177
1895,1271.393185724396,33.91972500252755,858.9171974522294,179.91861288039632,3776.349711859266,15.771913861085837,4.797290466080276,1142.344050146598,31.78141745020726,2199.94186634314,late_industrial,850.6988060904996,44.03639154270867,427.4527580700269,215.6931870877041,3636.8388351873596,2587.046963617843,60.94421119599143,1194.6363995540573,63.01392040138451,2793.487668606661
1896,647.5847304305875,33.72130422546537,160.94007558396657,165.19669923209906,1392.074237124593,530.5954247577695,4.769227676597114,827.4032082981547,30.80900976962972,2195.07347324408,late_industrial,673.3744452181829,30.51052799659579,298.2629566593929,168.09537313371334,2248.5553633209033,751.9470767420546,4.744043890836926,1124.114396157099,47.55786070739363,1851.0867236304548
1897,237.06207406519175,30.70727661530468,109.0667905749745,107.67781841437336,1393.6462018106602,122.36694845814098,4.741491296440635,1008.4087775046467,97.55031276855128,273.0529408237904,late_industrial,671.9104950863025,29.468944161564036,280.2684776083123,159.7765006638336,1653.0950120847788,764.4943505356916,4.706149495262774,1089.446165494151,45.56183695014397,1396.9566157764757
1898,560.9054601812113,24.568828485137498,172.82874344301382,166.4878397711016,1099.323438245112,3090.7621006199333,4.624662215863933,1467.257292163408,38.8625615959307,2177.960081862979,late_industrial,525.8547021763477,27.542590989775874,125.80481812179491,159.2504484864972,1460.9163091550786,771.9076361979668,3.746691402046719,1134.2920284171003,47.11706396884343,1276.900966923483
1899,642.6070250301271,24.427586479385216,99.58958098737628,179.6015330211976,604.081471384263,62.975364981528685,4.5980758213319115,1001.8174993579487,28.805883166399973,138.75471660838815,late_industrial,495.4221951127878,25.997912680853503,117.021003756252,157.76388580009674,1478.1268271626998,832.2356890580161,3.4910573334091195,1211.0142334468367,51.194077518646864,1047.357840343334
1900,541.1142211746219,24.287959143586725,86.59890001964251,177.2883519937144,2815.456197210764,52.83834217246121,0.0,1366.5733647613436,39.557552543704574,1599.6636220781772,late_industrial,581.5422354619865,24.428124702703105,119.67240815001117,174.45924159533786,1506.2870356133797,1068.8586025913078,3.074246012398614,1278.5493854275667,35.74199910201205,1305.459473516515
