year,metric,delta,abs_delta_robust_z,is_change_point
1894,amount_median,102.46875,73.33822563959177,True
1895,amount_median,89.50729166666667,63.951614707115894,True
1896,amount_median,-80.78333333333333,57.63377603802599,True
1897,amount_median,-78.94895833333334,56.30533258772543,True
1886,amount_median,-65.525,46.58378190968825,True
1885,amount_median,62.48125000000001,44.379516286872644,True
1891,amount_sum,217759.5078125,39.64449152774494,True
1880,amount_sum,-215516.93333333332,39.22812961359677,True
1898,amount_median,53.66979166666667,37.99831063889277,True
1891,amount_sum_real,135845.02159999998,36.111758540530424,True
1892,amount_sum,-194020.39739583334,35.237029681960024,True
1879,amount_sum,189288.8427083333,34.358557557673514,True
1892,amount_sum_real,-121053.04689999999,32.093368240731586,True
1876,amount_sum,-171890.19687500002,31.128282019424898,True
1880,amount_sum_real,-117391.64660000001,31.098711628102276,True
1873,amount_sum,163485.56354166666,29.567857045855888,True
1899,amount_median,-41.75,29.366068502726126,True
1879,amount_sum_real,103340.24100000001,27.281504452810186,True
1893,amount_sum,151079.01875,27.26442731123104,True
1894,amount_sum,-137663.45208333334,24.773660084275285,True
1883,amount_median,35.28385416666667,24.683324199636516,True
1893,amount_sum_real,92222.9,24.26136575327901,True
1876,amount_sum_real,-90045.3474,23.669811452882474,True
1873,amount_sum_real,86317.1017,22.65699560780489,True
1894,amount_sum_real,-85060.2309,22.315553877863284,True
1900,amount_median,31.714583333333337,22.098479519082904,True
1889,data_rows_per_page,-37.4,16.54975605536333,True
1893,data_rows_per_page,-34.95,15.406140138408313,True
1894,n_data_rows,-294.0,12.945666666666668,True
1885,entry_ratio,0.15849999999999997,12.911857142857263,True
1818,n_data_rows,-290.0,12.756333333333334,True
1883,amount_sum,68050.1703125,11.84908633321285,True
1883,entry_ratio,-0.1403000000000001,11.317584415584532,True
1891,n_data_rows,255.0,11.099666666666668,True
1893,amount_median,16.41770833333333,11.020573745281698,True
1889,entry_ratio,-0.13690000000000002,11.019753246753355,True
1809,n_data_rows,251.0,10.910333333333334,True
1873,n_data_rows,249.0,10.815666666666665,True
1889,amount_sum,60692.3875,10.483022211749475,True
1891,amount_median,15.10416666666665,10.069314693135736,True
1883,amount_sum_real,39035.429,9.812448561902773,True
1889,amount_sum_real,38771.7142,9.740807755605738,True
1884,amount_median,14.310416666666661,9.494485670348102,True
1851,amount_sum,-54750.567708333336,9.379849280386626,True
1894,data_rows_per_page,-21.799999999999997,9.267956747404847,True
1819,amount_median,-13.533333333333331,8.93172654830141,True
1851,amount_sum_real,-34075.8982,8.465141602388195,True
1884,entry_ratio,-0.1067999999999999,8.383071428571503,True
1892,n_data_rows,-195.0,8.259666666666666,True
1833,amount_sum,48111.92395833333,8.147302292638463,True
1817,n_data_rows,192.0,8.117666666666667,True
1860,amount_sum,47791.20104166667,8.087756084146811,True
1701,n_data_rows,-188.0,7.928333333333334,True
1850,amount_sum,46436.78125,7.836291161907951,True
1885,data_rows_per_page,18.6,7.77425432525952,True
1885,n_data_rows,-179.0,7.502333333333333,True
1886,data_rows_per_page,18.0,7.494185121107269,True
1850,amount_sum_real,28907.583300000002,7.061116319647154,True
1876,n_data_rows,-169.0,7.029,True
1818,amount_sum,-41653.410416666666,6.9481987240651435,True
1894,entry_ratio,0.08989999999999998,6.902675324675392,True
1768,n_data_rows,-166.0,6.887,True
1818,amount_median,10.6,6.807424017894589,True
1833,amount_sum_real,27741.118199999997,6.7442342171585725,True
1892,amount_median,-10.389583333333327,6.655041521040118,True
1898,amount_sum,39634.681249999994,6.573396483252874,True
1860,amount_sum_real,27101.9127,6.57058754503588,True
1857,amount_sum,39480.50520833332,6.5447717787356,True
1767,n_data_rows,158.5,6.532,True
1889,n_data_rows,157.0,6.460999999999999,True
1885,amount_sum,-38869.352083333346,6.4313035807664605,True
1810,n_data_rows,-151.0,6.177,True
1759,data_rows_per_page,-15.154000000000002,6.1657235294117685,True
1846,amount_sum,37156.78020833334,6.113343258549519,True
1881,amount_sum,37082.034895833334,6.0994658593036,True
1800,data_rows_per_page,14.633,5.92253010380623,True
1723,data_rows_per_page,14.511,5.86558269896194,True
1891,entry_ratio,-0.07740000000000002,5.807707792207853,True
1721,data_rows_per_page,-14.225000000000001,5.732083044982702,True
1801,data_rows_per_page,-14.070999999999998,5.660198615916956,True
1809,amount_sum,34023.863541666666,5.5316782158416595,True
1898,amount_sum_real,23110.28069999999,5.486220134025725,True
1891,data_rows_per_page,13.649999999999999,5.463683391003461,True
1770,data_rows_per_page,13.582999999999998,5.4324089965397935,True
1857,amount_sum_real,22881.164400000005,5.423978361975796,True
1892,data_rows_per_page,13.5,5.3936660899654,True
1846,amount_sum_real,22625.1766,5.354436673780042,True
1883,data_rows_per_page,13.399999999999999,5.346987889273358,True
1807,amount_median,8.333333333333332,5.16591751712568,True
1869,entry_ratio,-0.06979999999999997,5.141967532467582,True
1808,amount_median,-8.295312500000001,5.138383056060395,True
1885,amount_sum_real,-21791.576400000005,5.127980705220931,True
1834,amount_sum,-31292.760937499996,5.024614963954286,True
1881,amount_sum_real,20759.035300000003,4.847480418779552,True
1769,n_data_rows,-119.5,4.686,True
1768,data_rows_per_page,-11.857,4.626743252595157,True
1860,amount_median,7.25,4.381373968964071,True
1815,amount_sum,-27206.424479166664,4.2659356489745885,True
1843,n_data_rows,108.0,4.141666666666667,True
1886,amount_sum,-26500.618749999994,4.134894014842651,True
1818,amount_sum_real,-18007.0229,4.0998682738584185,True
1847,amount_sum,-26294.43020833333,4.096612541169745,True
1844,n_data_rows,-107.0,4.094333333333333,True
1743,data_rows_per_page,-10.686,4.080141522491351,True
1834,amount_sum_real,-17899.0095,4.070525335703698,True
1816,amount_sum,26100.32135416667,4.060573812099764,True
1761,data_rows_per_page,10.583,4.032062975778548,True
1739,data_rows_per_page,-10.582999999999998,4.0320629757785476,True
1859,amount_sum,-25918.09479166667,4.026741178634974,True
1893,n_data_rows,105.0,3.9996666666666667,True
1808,data_rows_per_page,10.357,3.9265702422145337,True
1819,entry_ratio,0.05570000000000008,3.906844155844204,True
1893,entry_ratio,0.05480000000000007,3.82800649350654,True
1886,entry_ratio,0.05469999999999997,3.819246753246791,True
1869,amount_sum,24207.206250000003,3.709093388240422,True
1895,amount_sum,23623.5625,3.6007326487474276,True
1819,amount_sum,23570.2578125,3.59083596887046,True
1777,n_data_rows,-95.5,3.55,True
1883,n_data_rows,-95.0,3.5263333333333335,True
1847,amount_sum_real,-15829.9153,3.5084348622356734,True
1850,amount_median,6.042708333333334,3.507060534041661,True
1816,amount_median,6.022916666666665,3.492727526911784,True
1731,n_data_rows,-94.0,3.479,True
1819,n_data_rows,94.0,3.479,True
1842,amount_sum,-22614.950520833332,3.413471258688864,True
1778,n_data_rows,-92.5,3.408,True
1859,amount_sum_real,-15167.212099999997,3.3284048010346043,True
1886,amount_sum_real,-15048.873500000002,3.2962569173357656,True
1811,amount_sum,-21591.677083333336,3.2234877860807245,True
1823,amount_sum,21451.98125,3.1975515127905703,True
1791,amount_median,5.572916666666666,3.1668402069061923,True
1818,data_rows_per_page,-8.667000000000002,3.1377086505190337,True
1882,amount_sum,-21050.55416666667,3.1230215694775216,True
1861,amount_sum,-20994.24270833334,3.1125666451046854,True
1835,amount_sum,-20980.474479166667,3.1100104016873447,True
1734,data_rows_per_page,8.600000000000001,3.1064342560553655,True
1858,amount_sum,-20834.976041666654,3.0829968025824512,True
1818,entry_ratio,-0.04620000000000002,3.074668831168866,True
1864,amount_sum,-20774.431249999994,3.0717559070919256,True
1881,n_data_rows,85.0,3.053,True
1838,n_data_rows,-84.0,3.005666666666667,True
1776,n_data_rows,83.5,2.9819999999999998,True
1726,data_rows_per_page,8.332999999999998,2.981803460207613,True
1733,data_rows_per_page,8.286000000000001,2.959864705882355,True
1758,entry_ratio,0.04479999999999995,2.9520324675324954,True
1895,amount_sum_real,13779.431199999992,2.9514000116195622,True
1752,entry_ratio,-0.04469999999999996,2.9432727272727557,True
1770,n_data_rows,81.5,2.8873333333333333,True
1882,entry_ratio,-0.04399999999999993,2.8819545454545707,True
1779,data_rows_per_page,7.999999999999998,2.826365051903115,True
1842,amount_sum_real,-13272.6461,2.813726687318747,True
1859,entry_ratio,-0.04290000000000005,2.7855974025974377,True
1803,amount_median,-5.033333333333335,2.7760771704180076,True
1791,n_data_rows,-79.0,2.769,True
1861,amount_median,-5.0,2.7519373689361104,True
1800,n_data_rows,78.5,2.7453333333333334,True
1809,amount_sum_real,12783.160199999998,2.6807528665584726,True
1802,amount_sum,-18616.70208333333,2.6711465831240067,True
1839,n_data_rows,76.0,2.6270000000000002,True
1897,amount_sum,-18377.74583333335,2.626781375826797,True
1869,amount_sum_real,12517.1145,2.6084788475809257,True
1858,amount_sum_real,-12448.753500000006,2.5899078869853454,True
1843,amount_sum,18101.111979166668,2.575420851523575,True
1740,data_rows_per_page,7.433,2.56169965397924,True
1820,data_rows_per_page,-7.433,2.56169965397924,True
1815,amount_median,-4.7333333333333325,2.5588189570809443,True
1803,amount_sum,17981.671875,2.553245306916749,True
1861,amount_sum_real,-12297.7006,2.548872831123838,True
1801,n_data_rows,-74.0,2.5323333333333333,True
1802,amount_median,-4.672916666666666,2.515065566895008,True
1805,amount_median,4.6625,2.5075218789319162,True
1731,amount_median,4.654166666666667,2.5014869285614427,True
1817,amount_sum,17672.157291666666,2.495780065262288,False
1835,amount_sum_real,-12038.600699999999,2.4784857093260393,False
1820,entry_ratio,-0.03920000000000001,2.4614870129870416,False
1849,amount_median,-4.56875,2.4396286872640847,False
1779,n_data_rows,72.0,2.437666666666667,False
1851,n_data_rows,-72.0,2.437666666666667,False
1864,amount_sum_real,-11691.348300000001,2.384151064760844,False
1897,amount_sum_real,-11604.523000000001,2.3605640893655218,False
1859,amount_median,-4.433333333333334,2.3415607437438837,False
1793,amount_median,-4.427604166666666,2.337411715364182,False
1828,amount_sum,16685.900520833333,2.312669198372216,False
1832,entry_ratio,-0.0374000000000001,2.3038116883117232,False
1882,amount_sum_real,-11391.6979,2.3027479874089845,False
1730,n_data_rows,69.0,2.295666666666667,False
1800,amount_sum,16535.07083333333,2.284665786230825,False
1880,entry_ratio,0.03710000000000002,2.2775324675324953,False
1854,amount_sum,-16472.714583333334,2.2730885709141013,False
1745,entry_ratio,0.03700000000000003,2.268772727272756,False
1793,entry_ratio,0.03700000000000003,2.268772727272756,False
1803,entry_ratio,-0.03699999999999992,2.2687727272727463,False
1735,data_rows_per_page,-6.800000000000001,2.266226643598617,False
1824,amount_sum,-16242.621354166666,2.2303688939453497,False
1816,amount_sum_real,11120.3824,2.229042373689603,False
1758,data_rows_per_page,6.6960000000000015,2.2176813148788947,False
1849,n_data_rows,-67.0,2.201,False
1852,amount_sum,16069.617708333331,2.1982486099579273,False
1815,amount_sum_real,-10969.9692,2.188181098836171,False
1737,data_rows_per_page,6.600000000000001,2.1728702422145347,False
1823,amount_sum_real,10900.4878,2.169305770190805,False
1843,amount_sum_real,10881.1405,2.1640498794646468,False
1833,amount_median,4.186458333333334,2.162775339018594,False
1819,amount_sum_real,10835.786699999999,2.151729058636105,False
1793,n_data_rows,65.5,2.13,False
1872,entry_ratio,-0.0354000000000001,2.1286168831169165,False
1827,amount_median,-4.115104166666667,2.11110107647141,False
1823,n_data_rows,65.0,2.106333333333333,False
1848,n_data_rows,65.0,2.106333333333333,False
1839,amount_sum,15510.454166666663,2.0944329263795085,False
1852,data_rows_per_page,-6.3770000000000024,2.0687778546712825,False
1815,n_data_rows,-64.0,2.059,False
1877,n_data_rows,-64.0,2.059,False
1861,entry_ratio,0.03410000000000002,2.014740259740285,False
1759,entry_ratio,-0.03359999999999996,1.9709415584415781,False
1810,amount_sum,-14824.65520833333,1.9671057987121177,False
1840,amount_sum,-14739.290624999994,1.9512567994270034,False
1861,data_rows_per_page,-6.125,1.9511487889273367,False
1854,amount_sum_real,-10090.474800000002,1.9492575042949098,False
1754,amount_median,-3.8770833333333337,1.938727806514749,False
1769,amount_median,-3.848958333333334,1.9183598490143998,False
1857,n_data_rows,-61.0,1.9169999999999998,False
1708,data_rows_per_page,-6.046999999999997,1.9147397923875429,False
1820,amount_median,3.8395833333333327,1.9115705298476158,False
1777,data_rows_per_page,-5.969000000000001,1.8783307958477526,False
1857,amount_median,3.7791666666666677,1.867817139661681,False
1870,entry_ratio,0.032399999999999984,1.865824675324696,False
1701,data_rows_per_page,5.917000000000002,1.8540581314878912,False
1852,amount_sum_real,9686.562699999999,1.839530676232434,False
1840,n_data_rows,-59.0,1.8223333333333334,False
1808,entry_ratio,0.03159999999999996,1.7957467532467712,False
1828,amount_sum_real,9504.500100000001,1.790071520126918,False
1841,amount_median,-3.6541666666666677,1.777292884104572,False
1791,data_rows_per_page,-5.75,1.7761055363321807,False
1764,amount_median,3.6520833333333336,1.775784146511953,False
1766,entry_ratio,0.030999999999999917,1.7431883116883253,False
1807,n_data_rows,-57.0,1.7276666666666667,False
1791,entry_ratio,-0.03080000000000005,1.7256688311688562,False
1751,entry_ratio,0.03059999999999996,1.708149350649368,False
1898,entry_ratio,0.03049999999999997,1.6993896103896284,False
1771,data_rows_per_page,-5.582999999999998,1.6981529411764706,False
1811,data_rows_per_page,5.5710000000000015,1.692551557093427,False
1839,amount_sum_real,9140.567600000002,1.6912055568298379,False
1767,data_rows_per_page,5.550000000000001,1.6827491349480983,False
1865,amount_median,-3.5114583333333336,1.6739443590102057,False
1817,entry_ratio,0.030200000000000005,1.6731103896104103,False
1802,amount_sum_real,-9009.4136,1.655576239441955,False
1801,amount_sum,-13071.422916666666,1.641596363156617,False
1730,entry_ratio,0.02980000000000005,1.6380714285714528,False
1749,entry_ratio,-0.02980000000000005,1.6380714285714528,False
1852,n_data_rows,55.0,1.633,False
1814,amount_sum,12914.216145833332,1.6124089659801617,False
1779,amount_sum_real,8848.4335,1.6118443587823263,False
1741,amount_median,3.4156250000000004,1.6045424297497555,False
1844,amount_sum,-12853.815625,1.6011948561687197,False
1855,n_data_rows,54.0,1.5856666666666666,False
1877,amount_sum,-12600.613541666666,1.5541847322855002,False
1750,data_rows_per_page,-5.25,1.5427145328719734,False
1840,amount_sum_real,-8567.307400000002,1.5354735958401569,False
1825,entry_ratio,-0.02859999999999996,1.532954545454561,False
1867,amount_sum,-12447.502083333333,1.5257576809380804,False
1897,entry_ratio,-0.02849999999999997,1.5241948051948215,False
1802,entry_ratio,0.02839999999999998,1.5154350649350823,False
1779,amount_sum,12201.60625,1.4801040534671346,False
1827,amount_sum,-12197.00885416667,1.4792504896069172,False
1731,data_rows_per_page,-5.079000000000001,1.4628948096885825,False
1829,amount_sum,-12058.402083333334,1.4535164143491317,False
1867,amount_median,-3.2,1.4483880889137424,False
1868,amount_median,3.2,1.4483880889137424,False
1756,n_data_rows,-51.0,1.4436666666666667,False
1736,entry_ratio,-0.02739999999999998,1.4278376623376787,False
1841,amount_sum,11911.012499999997,1.4261517004400652,False
1754,data_rows_per_page,-5.0,1.4260190311418695,False
1860,data_rows_per_page,5.0,1.4260190311418695,False
1870,amount_sum,11869.317708333328,1.4184105424853943,False
1785,entry_ratio,-0.027100000000000013,1.4015584415584605,False
1726,n_data_rows,50.0,1.3963333333333332,False
1817,amount_sum_real,7994.6497,1.3799053101003815,False
1855,amount_sum,11646.144791666666,1.3769757078198848,False
1871,amount_median,3.0999999999999996,1.3759686844680548,False
1803,amount_sum_real,7926.3982,1.3613640962929567,False
1718,entry_ratio,0.026599999999999957,1.3577597402597539,False
1811,amount_sum_real,-7900.5222,1.354334617842213,False
1851,data_rows_per_page,4.831000000000003,1.3471328719723206,False
1831,entry_ratio,0.02640000000000009,1.340240259740285,False
1811,entry_ratio,0.02639999999999998,1.3402402597402752,False
1844,entry_ratio,-0.02629999999999999,1.3314805194805357,False
1792,entry_ratio,-0.0262,1.3227207792207964,False
1800,amount_sum_real,7766.748199999998,1.317993550819884,False
1826,amount_median,3.010416666666668,1.3110929679854615,False
1803,n_data_rows,48.0,1.3016666666666665,False
1824,amount_sum_real,-7679.8253,1.2943800613923786,False
1844,amount_sum_real,-7573.732100000001,1.2655587650880646,False
1884,amount_sum,11026.264583333337,1.2618872180141252,False
1801,amount_median,2.935416666666667,1.2567784146511953,False
1823,amount_median,-2.923958333333333,1.2484803578917933,False
1866,amount_median,2.9072916666666666,1.2364104571508456,False
1792,amount_median,2.9046874999999996,1.2345245351600722,False
1840,entry_ratio,0.0250999999999999,1.2263636363636439,False
1828,amount_median,-2.8869791666666664,1.2217002656228153,False
1758,amount_median,-2.883333333333333,1.2190599748357327,False
1853,entry_ratio,0.02499999999999991,1.2176038961039046,False
1822,amount_median,2.8791666666666664,1.216042499650496,False
1866,amount_sum,10754.802083333328,1.211486820092246,False
1834,n_data_rows,46.0,1.2069999999999999,False
1845,amount_median,-2.854166666666665,1.1979376485390734,False
1740,amount_sum_real,7271.9520999999995,1.183577160247076,False
1825,amount_median,2.8249999999999993,1.176815322242415,False
1856,n_data_rows,-45.0,1.1596666666666666,False
1884,amount_sum_real,7165.549800000008,1.1546718937855094,False
1841,amount_sum_real,7142.812000000002,1.1484949392671386,False
1733,entry_ratio,-0.02410000000000001,1.13876623376625,False
1863,entry_ratio,-0.02410000000000001,1.13876623376625,False
1873,entry_ratio,0.02410000000000001,1.13876623376625,False
1795,data_rows_per_page,4.350000000000001,1.1226107266436,False
1759,n_data_rows,-44.0,1.1123333333333334,False
1859,n_data_rows,-44.0,1.1123333333333334,False
1869,n_data_rows,44.0,1.1123333333333334,False
1844,amount_median,-2.7270833333333337,1.1059046553893472,False
1713,entry_ratio,-0.023700000000000054,1.1037272727272924,False
1852,amount_median,-2.720833333333333,1.1013784426114916,False
1849,amount_sum,-10127.778125,1.0950720040253838,False
1867,amount_sum_real,-6874.109,1.0754990377309592,False
1801,amount_sum_real,-6864.259199999999,1.0728232394296706,False
1807,data_rows_per_page,-4.231999999999999,1.06753044982699,False
1896,amount_sum,-9965.974999999977,1.0650312363871115,False
1705,entry_ratio,-0.0232,1.059928571428586,False
1855,amount_sum_real,6787.379600000002,1.05193811454554,False
1825,data_rows_per_page,-4.196999999999999,1.0511930795847755,False
1711,entry_ratio,0.02310000000000001,1.0511688311688465,False
1773,data_rows_per_page,-4.139000000000003,1.024119723183393,False
1865,n_data_rows,-42.0,1.0176666666666667,False
1770,amount_median,2.604166666666667,1.0168891374248568,False
1896,amount_sum_real,-6638.406399999993,1.011468030330886,False
1877,amount_sum_real,-6616.3240000000005,1.0054691218851972,False
1745,data_rows_per_page,4.096,1.0040480968858139,False
1900,entry_ratio,0.022299999999999986,0.9810909090909219,False
1862,amount_sum,-9470.807291666664,0.9730971772148017,False
1816,entry_ratio,-0.022199999999999998,0.9723311688311825,False
1835,n_data_rows,-41.0,0.9703333333333333,False
1768,amount_sum_real,-6423.1246,0.9529845408449823,False
1882,data_rows_per_page,3.982999999999997,0.9513017301038055,False
1738,entry_ratio,0.02180000000000004,0.937292207792225,False
1845,entry_ratio,0.021600000000000064,0.9197727272727462,False
1739,entry_ratio,-0.021599999999999953,0.9197727272727365,False
1824,entry_ratio,0.021599999999999953,0.9197727272727365,False
1853,amount_median,2.4635416666666643,0.9150493499231073,False
1809,data_rows_per_page,-3.8850000000000016,0.905557093425607,False
1750,entry_ratio,0.021199999999999997,0.8847337662337791,False
1753,data_rows_per_page,3.8329999999999984,0.8812844290657438,False
1765,entry_ratio,-0.021100000000000008,0.8759740259740397,False
1858,n_data_rows,39.0,0.8756666666666666,False
1829,amount_sum_real,-6126.9555,0.8725271940283902,False
1837,amount_median,-2.4000000000000004,0.8690328533482456,False
1849,amount_sum_real,-6113.075199999999,0.8687564694287665,False
1846,amount_median,2.393749999999999,0.8645066405703892,False
1797,data_rows_per_page,3.7880000000000003,0.860279238754326,False
1785,n_data_rows,38.5,0.852,False
1827,amount_sum_real,-6021.3776,0.8438458842075227,False
1810,amount_sum_real,-5999.616499999998,0.8379342601731091,False
1740,entry_ratio,0.02059999999999995,0.8321753246753331,False
1854,n_data_rows,-38.0,0.8283333333333333,False
1882,amount_median,2.3203125,0.8113236404305884,False
1870,amount_sum_real,5896.134700000002,0.809822377225817,False
1750,amount_median,2.3161458333333336,0.8083061652453516,False
1756,data_rows_per_page,-3.6610000000000014,0.8009979238754339,False
1826,amount_sum,8533.518229166672,0.7990777759427173,False
1751,amount_sum_real,-5848.474099999999,0.7968748907267625,False
1863,amount_sum,8501.760416666664,0.7931815420720031,False
1806,data_rows_per_page,-3.625,0.7841937716262982,False
1749,amount_sum_real,5801.4385,0.7840971918313463,False
1707,data_rows_per_page,3.6189999999999998,0.7813930795847756,False
1754,n_data_rows,37.0,0.7809999999999999,False
1766,n_data_rows,37.0,0.7809999999999999,False
1820,n_data_rows,37.0,0.7809999999999999,False
1810,data_rows_per_page,-3.6149999999999984,0.7795259515570933,False
1876,data_rows_per_page,3.605999999999998,0.7753249134948095,False
1884,data_rows_per_page,3.6000000000000014,0.7725242214532884,False
1878,entry_ratio,-0.01990000000000003,0.7708571428571575,False
1881,data_rows_per_page,-3.5829999999999984,0.7645889273356399,False
1741,amount_sum_real,-5725.638199999999,0.7635052697641833,False
1862,amount_median,2.25,0.7604037466797147,False
1754,entry_ratio,-0.01970000000000005,0.7533376623376787,False
1753,entry_ratio,0.019600000000000062,0.7445779220779394,False
1855,amount_median,-2.222916666666668,0.7407901579756755,False
1841,n_data_rows,36.0,0.7336666666666667,False
1862,amount_sum_real,-5615.2088,0.7335060006488433,False
1735,entry_ratio,-0.019399999999999973,0.7270584415584509,False
1866,amount_sum_real,5590.7853,0.7268711085889521,False
1819,data_rows_per_page,3.5,0.7258460207612463,False
1772,amount_sum_real,5584.2178,0.7250869804499332,False
1843,amount_median,2.1999999999999993,0.7241940444568706,False
1842,amount_median,2.189583333333334,0.7166503564937792,False
1767,amount_sum_real,5519.9737000000005,0.7076344175910131,False
1877,data_rows_per_page,-3.4559999999999995,0.7053076124567478,False
1878,amount_sum,7974.379166666673,0.6952666372268155,False
1706,data_rows_per_page,-3.429000000000002,0.6927044982698978,False
1732,data_rows_per_page,-3.429000000000002,0.6927044982698978,False
1755,entry_ratio,-0.019000000000000017,0.6920194805194934,False
1892,entry_ratio,0.019000000000000017,0.6920194805194934,False
1761,n_data_rows,35.0,0.6863333333333334,False
1732,amount_median,-2.1458333333333335,0.6849668670487906,False
1808,amount_sum,-7899.293749999997,0.6813260934016815,False
1816,data_rows_per_page,3.400000000000002,0.6791678200692057,False
1814,amount_sum_real,5405.7366999999995,0.6766007752282983,False
1804,data_rows_per_page,3.3889999999999993,0.6740332179930798,False
1872,amount_sum,7793.369791666664,0.6616599897981991,False
1768,amount_sum,-7793.001041666668,0.6615915267628497,False
1871,amount_sum,-7773.601041666661,0.657989674869182,False
1789,amount_median,-2.1,0.6517746400111841,False
1735,n_data_rows,-34.0,0.639,False
1830,n_data_rows,-34.0,0.639,False
1878,data_rows_per_page,3.306000000000001,0.6352903114186861,False
1899,entry_ratio,-0.018299999999999983,0.630701298701308,False
1774,amount_median,2.070833333333333,0.6306523137145249,False
1771,entry_ratio,0.018199999999999994,0.6219415584415686,False
1868,entry_ratio,0.018199999999999994,0.6219415584415686,False
1781,amount_sum_real,-5189.8988,0.6179662155241805,False
1772,amount_median,-2.0458333333333334,0.6125474626031036,False
1702,amount_sum_real,-5168.5597,0.612169232079743,False
1762,amount_median,2.0406250000000004,0.6087756186215575,False
1761,amount_median,-2.0401041666666675,0.6083984342234032,False
1769,amount_sum_real,-5118.8378999999995,0.5986617996469024,False
1845,data_rows_per_page,-3.2250000000000014,0.5974809688581326,False
1737,n_data_rows,33.0,0.5916666666666667,False
1866,n_data_rows,33.0,0.5916666666666667,False
1759,amount_median,1.9994791666666671,0.5789780511673426,False
1843,entry_ratio,0.017699999999999938,0.5781428571428621,False
1740,amount_sum,7302.8828125,0.570594966358499,False
1704,data_rows_per_page,-3.1430000000000007,0.5592048442906583,False
1772,amount_sum,7240.177083333332,0.5589528658769167,False
1778,amount_sum_real,-4950.72,0.5529908630556878,False
1799,data_rows_per_page,-3.1240000000000023,0.5503359861591711,False
1827,n_data_rows,32.0,0.5443333333333333,False
1730,data_rows_per_page,-3.110999999999997,0.5442678200692033,False
1781,amount_sum,-7126.112499999997,0.537775353738801,False
1877,entry_ratio,0.017199999999999993,0.5343441558441651,False
1776,amount_sum_real,4871.606599999999,0.5314989036931485,False
1826,amount_sum_real,4871.330899999997,0.5314240069854316,False
1833,entry_ratio,0.017100000000000004,0.5255844155844257,False
1792,n_data_rows,-31.5,0.5206666666666667,False
1855,entry_ratio,0.017000000000000015,0.5168246753246865,False
1817,amount_median,-1.9124999999999996,0.5159882566755204,False
1755,data_rows_per_page,3.0420000000000016,0.5120598615916967,False
1838,amount_sum,-6956.632291666669,0.5063092398561009,False
1757,amount_median,1.8833333333333329,0.4948659303788615,False
1767,amount_sum,6844.860677083334,0.4855574459568669,False
1807,entry_ratio,-0.016599999999999948,0.48178571428571915,False
1810,amount_median,1.8645833333333321,0.4812872920452947,False
1811,amount_median,-1.8645833333333321,0.4812872920452947,False
1868,amount_sum,-6782.247916666667,0.473932606282926,False
1839,data_rows_per_page,2.929000000000002,0.45931349480968997,False
1876,amount_median,-1.8291666666666666,0.45563875297078127,False
1872,amount_median,-1.8249999999999993,0.4526212777855439,False
1842,n_data_rows,-30.0,0.44966666666666666,False
1850,n_data_rows,30.0,0.44966666666666666,False
1860,n_data_rows,30.0,0.44966666666666666,False
1834,data_rows_per_page,-2.897000000000002,0.4443764705882367,False
1776,amount_sum,6619.293749999999,0.4436781334071953,False
1778,amount_sum,-6576.885416666666,0.43580449754513845,False
1838,amount_median,-1.8000000000000007,0.4345164266741231,False
1718,data_rows_per_page,-2.8569999999999993,0.4257051903114188,False
1721,entry_ratio,-0.015899999999999914,0.42046753246753377,False
1726,entry_ratio,0.015899999999999914,0.42046753246753377,False
1878,amount_sum_real,4458.208200000001,0.41919502579966106,False
1863,amount_sum_real,4441.368200000001,0.4146202686072617,False
1719,entry_ratio,0.015800000000000036,0.4117077922078041,False
1725,entry_ratio,-0.015699999999999936,0.402948051948055,False
1725,n_data_rows,-29.0,0.4023333333333333,False
1733,n_data_rows,29.0,0.4023333333333333,False
1806,n_data_rows,-29.0,0.4023333333333333,False
1821,n_data_rows,29.0,0.4023333333333333,False
1863,n_data_rows,29.0,0.4023333333333333,False
1741,data_rows_per_page,-2.8000000000000043,0.39909861591695744,False
1855,data_rows_per_page,2.8000000000000007,0.3990986159169558,False
1706,entry_ratio,0.015600000000000058,0.39418831168832535,False
1742,amount_median,-1.7406249999999996,0.39151740528449563,False
1863,amount_median,-1.739583333333333,0.39076303648818644,False
1753,amount_median,1.7388020833333329,0.3901972598909544,False
1856,amount_median,-1.7354166666666666,0.3877455613029496,False
1769,amount_sum,-6294.685677083333,0.3834105972147053,False
1738,data_rows_per_page,2.75,0.3757595155709347,False
1865,data_rows_per_page,2.75,0.3757595155709347,False
1871,entry_ratio,0.015300000000000091,0.3679090909091073,False
1755,amount_median,1.7052083333333328,0.36586886620998127,False
1872,amount_sum_real,4248.686400000002,0.3622762988688755,False
1717,data_rows_per_page,2.7139999999999986,0.3589553633217991,False
1724,data_rows_per_page,-2.7139999999999986,0.3589553633217991,False
1785,amount_sum_real,4224.5206,0.3557114136337156,False
1746,n_data_rows,28.0,0.355,False
1771,n_data_rows,28.0,0.355,False
1808,n_data_rows,-28.0,0.355,False
1812,amount_sum,6112.624479166667,0.3496086657466989,False
1751,amount_sum,-6091.280208333334,0.3456458357302056,False
1749,amount_sum,6075.579166666667,0.34273074157249334,False
1777,amount_sum_real,-4174.314699999999,0.3420724705146016,False
1785,amount_sum,6050.122916666667,0.3380044713524858,False
1703,data_rows_per_page,-2.6670000000000016,0.33701660899654096,False
1727,data_rows_per_page,-2.6670000000000016,0.33701660899654096,False
1782,data_rows_per_page,2.6670000000000016,0.33701660899654096,False
1853,amount_sum,6019.9078125000015,0.33239466051949434,False
1878,amount_median,1.6500000000000004,0.3258873200055922,False
1879,amount_median,-1.6500000000000004,0.3258873200055922,False
1860,entry_ratio,0.014700000000000046,0.31535064935066126,False
1881,entry_ratio,-0.014700000000000046,0.31535064935066126,False
1825,n_data_rows,-27.0,0.30766666666666664,False
1899,amount_sum_real,-4038.2650999999896,0.3051132136189317,False
1748,entry_ratio,0.014500000000000068,0.29783116883118255,False
1761,entry_ratio,0.014500000000000068,0.29783116883118255,False
1776,entry_ratio,0.014500000000000068,0.29783116883118255,False
1869,amount_median,-1.6083333333333334,0.2957125681532223,False
1870,amount_median,1.6083333333333334,0.2957125681532223,False
1838,amount_sum_real,-3988.8745000000017,0.2916957550330137,False
1850,data_rows_per_page,-2.5450000000000017,0.28006920415225034,False
1899,amount_sum,-5724.720833333326,0.27758951722582603,False
1741,amount_sum,-5695.655729166666,0.27219321823189324,False
1738,n_data_rows,-26.0,0.26033333333333336,False
1758,n_data_rows,26.0,0.26033333333333336,False
1862,n_data_rows,-26.0,0.26033333333333336,False
1880,n_data_rows,-26.0,0.26033333333333336,False
1842,data_rows_per_page,2.5,0.25906401384083083,False
1871,amount_sum_real,-3863.7711000000018,0.2577101446444389,False
1701,entry_ratio,-0.014000000000000012,0.25403246753247594,False
1839,entry_ratio,-0.013999999999999901,0.2540324675324662,False
1784,n_data_rows,-25.5,0.23666666666666666,False
1868,amount_sum_real,-3756.5121,0.228572146918812,False
1826,data_rows_per_page,2.433,0.2277896193771629,False
1742,entry_ratio,-0.013700000000000045,0.2277532467532578,False
1820,amount_sum,5446.782812499998,0.22598685811961866,False
1763,amount_median,-1.5041666666666664,0.220275688522298,False
1777,amount_sum,-5415.45078125,0.22016967584692682,False
1786,n_data_rows,25.0,0.213,False
1799,n_data_rows,-25.0,0.213,False
1865,entry_ratio,0.013500000000000068,0.21023376623377904,False
1765,amount_median,-1.4645833333333336,0.19160967426254724,False
1789,entry_ratio,0.01319999999999999,0.1839545454545512,False
1715,data_rows_per_page,2.3389999999999986,0.1839121107266433,False
1702,data_rows_per_page,-2.3329999999999984,0.1811114186851207,False
1702,amount_sum,-5164.858854166668,0.1736441600168948,False
1706,n_data_rows,-24.0,0.16566666666666666,False
1716,n_data_rows,24.0,0.16566666666666666,False
1732,n_data_rows,-24.0,0.16566666666666666,False
1753,n_data_rows,-24.0,0.16566666666666666,False
1705,data_rows_per_page,2.2860000000000014,0.15917266435986258,False
1747,data_rows_per_page,-2.2860000000000014,0.15917266435986258,False
1840,amount_median,1.418750000000001,0.15841744722494122,False
1832,amount_median,-1.4104166666666664,0.15238249685446636,False
1763,data_rows_per_page,-2.2639999999999993,0.1489034602076125,False
1853,amount_sum_real,3446.499600000003,0.14435409976271613,False
1813,entry_ratio,-0.012700000000000045,0.1401558441558543,False
1764,entry_ratio,-0.012699999999999934,0.1401558441558446,False
1708,entry_ratio,0.012600000000000056,0.13139610389611495,False
1802,data_rows_per_page,2.2139999999999986,0.1255643598615914,False
1808,amount_sum_real,-3359.149599999999,0.12062458427838764,False
1702,n_data_rows,23.0,0.11833333333333333,False
1822,n_data_rows,-23.0,0.11833333333333333,False
1845,n_data_rows,23.0,0.11833333333333333,False
1775,amount_median,-1.3624999999999998,0.11768153222424131,False
1701,amount_sum_real,3332.9584999999997,0.11350950570939458,False
1813,amount_median,-1.3541666666666679,0.11164658185376837,False
1822,data_rows_per_page,2.151,0.09615709342560576,False
1710,data_rows_per_page,2.1430000000000007,0.09242283737024284,False
1764,data_rows_per_page,2.1389999999999993,0.09055570934256058,False
1805,amount_sum,4681.601041666665,0.08392132150750131,False
1702,entry_ratio,0.01200000000000001,0.07883766233766897,False
1786,amount_sum,4641.532291666666,0.07648205846294762,False
1786,amount_sum_real,3194.6911999999993,0.0759477880639893,False
1787,n_data_rows,-22.0,0.071,False
1750,amount_sum_real,-3152.1592,0.06439353789135742,False
1810,entry_ratio,-0.011800000000000033,0.06131818181819021,False
1858,amount_median,-1.2770833333333336,0.055823290926883866,False
1845,amount_sum,-4525.165625000005,0.05487713584990818,False
1714,data_rows_per_page,-2.0539999999999985,0.05087923875432486,False
1775,n_data_rows,-21.5,0.04733333333333333,False
1769,entry_ratio,-0.011600000000000055,0.04379870129871147,False
1770,amount_sum_real,3075.9906999999994,0.04370159055113983,False
1804,amount_sum,-4420.571874999998,0.03545800200953704,False
1799,amount_median,1.2479166666666668,0.03470096463022503,False
1752,amount_sum_real,3032.9229,0.032001784861661865,False
1787,amount_sum_real,-3010.2504999999983,0.025842596918136902,False
1787,data_rows_per_page,-2.0,0.02567301038062313,False
1719,n_data_rows,-21.0,0.023666666666666666,False
1798,amount_median,-1.2166666666666668,0.012069900740947812,False
1712,entry_ratio,-0.011199999999999988,0.008759740259744239,False
1815,entry_ratio,0.011199999999999988,0.008759740259744239,False
1821,amount_sum,-4263.667708333331,0.006326787069718012,False
1793,data_rows_per_page,1.9580000000000002,0.006068166089965768,False
1820,amount_sum_real,2915.7880999999998,0.0001809256704357872,False
1743,amount_sum_real,-2914.4560999999994,-0.0001809256704357872,False
1788,amount_sum_real,-2903.8753000000015,-0.003055307552937465,False
1840,data_rows_per_page,1.9319999999999986,-0.006068166089965768,False
1787,amount_sum,-4195.5140624999985,-0.006326787069718012,False
1778,entry_ratio,-0.010999999999999899,-0.008759740259744239,False
1771,amount_median,1.1833333333333336,-0.012069900740947812,False
1842,entry_ratio,-0.01090000000000002,-0.017519480519473888,False
1718,n_data_rows,-20.0,-0.023666666666666666,False
1752,n_data_rows,20.0,-0.023666666666666666,False
1861,n_data_rows,20.0,-0.023666666666666666,False
1879,n_data_rows,20.0,-0.023666666666666666,False
1788,amount_sum,-4084.0666666666675,-0.027018385715412662,False
1745,amount_sum_real,2803.9083999999993,-0.030212332183392636,False
1859,data_rows_per_page,1.875,-0.032674740484428796,False
1869,data_rows_per_page,-1.8729999999999976,-0.03360830449827077,False
1809,entry_ratio,-0.010699999999999932,-0.03503896103896236,False
1746,amount_sum_real,-2781.7403999999988,-0.03623449473927796,False
1734,amount_median,1.1479166666666671,-0.03771843981546183,False
1713,amount_median,1.1479166666666667,-0.03771843981546215,False
1744,data_rows_per_page,1.8570000000000029,-0.04107681660899493,False
1710,entry_ratio,-0.010599999999999943,-0.04379870129870174,False
1797,entry_ratio,0.010499999999999954,-0.05255844155844112,False
1801,entry_ratio,0.010499999999999954,-0.05255844155844112,False
1867,entry_ratio,0.010499999999999954,-0.05255844155844112,False
1738,amount_median,-1.125,-0.05431455333426547,False
1736,amount_median,1.1244791666666671,-0.05469173773241975,False
1770,amount_sum,3882.323958333333,-0.06447443499602176,False
1856,data_rows_per_page,-1.8000000000000007,-0.06768339100345962,False
1720,n_data_rows,19.0,-0.071,False
1724,n_data_rows,-19.0,-0.071,False
1832,n_data_rows,19.0,-0.071,False
1833,n_data_rows,-19.0,-0.071,False
1837,n_data_rows,19.0,-0.071,False
1703,amount_sum_real,-2651.4147000000003,-0.0716387960118111,False
1766,amount_median,-1.1010416666666671,-0.07166503564937766,False
1845,amount_sum_real,-2632.0681999999997,-0.0768944694098369,False
1724,entry_ratio,0.010199999999999987,-0.07883766233765924,False
1711,amount_sum_real,-2611.9991999999997,-0.08234641727766706,False
1812,amount_median,1.0791666666666675,-0.08750678037187147,False
1744,entry_ratio,-0.010099999999999998,-0.08759740259739861,False
1792,data_rows_per_page,-1.75,-0.09102249134948073,False
1841,data_rows_per_page,-1.75,-0.09102249134948073,False
1774,n_data_rows,18.5,-0.09466666666666666,False
1794,n_data_rows,18.5,-0.09466666666666666,False
1838,entry_ratio,-0.010000000000000009,-0.09635714285713799,False
1804,amount_median,1.0583333333333331,-0.10259415629805703,False
1841,entry_ratio,-0.009899999999999909,-0.10511688311688709,False
1711,data_rows_per_page,1.7139999999999986,-0.10782664359861632,False
1813,data_rows_per_page,-1.7139999999999986,-0.10782664359861632,False
1812,amount_sum_real,2501.316899999999,-0.11241438924894342,False
1732,entry_ratio,-0.00979999999999992,-0.11387662337662646,False
1824,n_data_rows,-18.0,-0.11833333333333333,False
1831,n_data_rows,18.0,-0.11833333333333333,False
1884,n_data_rows,18.0,-0.11833333333333333,False
1886,n_data_rows,18.0,-0.11833333333333333,False
1800,amount_median,1.03125,-0.12220774500209715,False
1757,entry_ratio,-0.009700000000000042,-0.12263636363635612,False
1823,data_rows_per_page,1.6670000000000016,-0.12976539792387445,False
1849,data_rows_per_page,1.6670000000000016,-0.12976539792387445,False
1744,amount_sum_real,2432.2748999999994,-0.13117035041744848,False
1780,amount_median,-1.015625,-0.13352327694673577,False
1795,amount_median,1.0057291666666668,-0.14068978051167344,False
1824,data_rows_per_page,-1.6359999999999992,-0.14423564013840845,False
1900,amount_sum_real,-2371.6742000000086,-0.1476331466282197,False
1873,data_rows_per_page,1.626999999999999,-0.14843667820069234,False
1714,entry_ratio,0.009399999999999964,-0.14891558441558397,False
1774,amount_sum_real,-2365.4764000000014,-0.1493168420039373,False
1762,data_rows_per_page,-1.625,-0.14937024221453266,False
1858,data_rows_per_page,1.625,-0.14937024221453266,False
1745,amount_median,-0.9822916666666668,-0.1576630784286314,False
1701,amount_sum,3374.906770833334,-0.15868276271126752,False
1753,amount_sum_real,2328.516599999999,-0.159357347400591,False
1742,data_rows_per_page,1.6000000000000014,-0.16103979238754237,False
1720,data_rows_per_page,-1.596,-0.16290692041522467,False
1732,amount_sum_real,-2312.9571,-0.16358424375065816,False
1789,n_data_rows,17.0,-0.16566666666666666,False
1816,n_data_rows,17.0,-0.16566666666666666,False
1882,n_data_rows,-17.0,-0.16566666666666666,False
1832,data_rows_per_page,1.5829999999999984,-0.16897508650519083,False
1804,amount_sum_real,-2281.8351999999995,-0.1720388242652741,False
1783,entry_ratio,0.009099999999999997,-0.1751948051948021,False
1780,amount_sum_real,-2267.2307,-0.17600628515698383,False
1752,amount_sum,3274.2666666666664,-0.17736785290567472,False
1873,amount_median,0.9541666666666666,-0.178031035928981,False
1830,amount_median,0.9499999999999993,-0.18104851111421846,False
1750,amount_sum,-3244.304166666667,-0.18293076462546745,False
1837,entry_ratio,0.009000000000000008,-0.18395454545454146,False
1852,entry_ratio,-0.008999999999999897,-0.1839545454545512,False
1836,amount_sum,3236.8125,-0.18432168595382062,False
1774,data_rows_per_page,1.5420000000000016,-0.18811314878892638,False
1794,data_rows_per_page,1.5419999999999998,-0.1881131487889272,False
1734,amount_sum_real,2212.9131000000007,-0.19076221337989724,False
1836,amount_median,-0.9333333333333336,-0.19311841185516562,False
1889,amount_median,-0.9166666666666643,-0.20518831259611536,False
1805,data_rows_per_page,1.5,-0.20771799307958458,False
1831,data_rows_per_page,1.5,-0.20771799307958458,False
1767,entry_ratio,-0.00869999999999993,-0.21023376623376933,False
1703,n_data_rows,-16.0,-0.213,False
1705,n_data_rows,16.0,-0.213,False
1727,n_data_rows,-16.0,-0.213,False
1739,n_data_rows,16.0,-0.213,False
1747,n_data_rows,-16.0,-0.213,False
1784,amount_median,0.9041666666666668,-0.21424073815182446,False
1751,amount_median,-0.9005208333333332,-0.21688102893890696,False
1715,entry_ratio,-0.008599999999999941,-0.2189935064935087,False
1759,amount_sum_real,-2108.4878,-0.21913040769364142,False
1756,amount_median,0.8947916666666673,-0.22103005731860723,False
1837,data_rows_per_page,1.4609999999999985,-0.22592249134948147,False
1723,entry_ratio,-0.008500000000000063,-0.22775324675323835,False
1835,data_rows_per_page,1.4500000000000028,-0.23105709342560402,False
1900,amount_sum,-2974.858333333337,-0.23295674323537385,False
1706,amount_median,-0.8778645833333334,-0.23328855025863282,False
1723,n_data_rows,15.5,-0.23666666666666666,False
1780,amount_sum,-2943.0677083333358,-0.23885906915584265,False
1867,data_rows_per_page,-1.429000000000002,-0.2408595155709331,False
1812,data_rows_per_page,1.4289999999999985,-0.2408595155709348,False
1848,amount_sum,2929.98333333333,-0.24128834652033815,False
1774,amount_sum,-2919.916145833333,-0.2431574454049134,False
1743,amount_sum,-2916.1296875,-0.24386044860688272,False
1857,entry_ratio,-0.008299999999999974,-0.24527272727272684,False
1745,amount_sum,2906.9541666666664,-0.24556399845682692,False
1742,amount_sum_real,2008.0465999999997,-0.2464162807407442,False
1879,data_rows_per_page,-1.4170000000000016,-0.2464608996539783,False
1846,data_rows_per_page,1.4000000000000021,-0.25439619377162515,False
1769,data_rows_per_page,-1.3930000000000007,-0.25766366782006866,False
1710,n_data_rows,15.0,-0.26033333333333336,False
1757,n_data_rows,15.0,-0.26033333333333336,False
1780,n_data_rows,15.0,-0.26033333333333336,False
1738,amount_sum_real,-1950.6372000000001,-0.26201212786433814,False
1772,entry_ratio,0.008099999999999996,-0.2627922077922056,False
1793,amount_sum,2810.771614583333,-0.2634214885268798,False
1746,amount_sum,-2809.8531249999996,-0.26359201757043865,False
1836,amount_sum_real,1942.1890999999996,-0.2643071401111975,False
1848,amount_sum_real,1920.2435000000005,-0.27026888544620414,False
1737,entry_ratio,0.007999999999999896,-0.2715519480519547,False
1719,amount_sum_real,-1910.0493999999999,-0.2730382163425842,False
1866,entry_ratio,-0.007900000000000018,-0.2803116883116843,False
1879,entry_ratio,-0.007900000000000018,-0.2803116883116843,False
1711,amount_sum,-2717.608854166667,-0.2807183166210015,False
1783,data_rows_per_page,1.3329999999999984,-0.2856705882352947,False
1871,data_rows_per_page,1.3329999999999984,-0.2856705882352947,False
1872,data_rows_per_page,-1.3329999999999984,-0.2856705882352947,False
1795,entry_ratio,-0.007800000000000029,-0.2890714285714237,False
1703,amount_sum,-2658.020833333334,-0.29178157567658786,False
1719,data_rows_per_page,1.3100000000000023,-0.29640657439446244,False
1754,amount_sum_real,-1812.6255999999994,-0.2995043820053435,False
1813,amount_sum,-2583.0791666666664,-0.3056954305218381,False
1753,amount_sum,2580.232291666667,-0.3062239883625484,False
1734,n_data_rows,14.0,-0.30766666666666664,False
1741,n_data_rows,-14.0,-0.30766666666666664,False
1750,n_data_rows,-14.0,-0.30766666666666664,False
1751,n_data_rows,-14.0,-0.30766666666666664,False
1773,n_data_rows,14.0,-0.30766666666666664,False
1797,n_data_rows,-14.0,-0.30766666666666664,False
1826,n_data_rows,-14.0,-0.30766666666666664,False
1846,n_data_rows,14.0,-0.30766666666666664,False
1709,amount_sum_real,1774.5281,-0.3098539551726492,False
1854,data_rows_per_page,1.2729999999999997,-0.313677508650519,False
1796,amount_sum,2532.7963541666686,-0.3150310616260644,False
1737,amount_median,-0.7630208333333339,-0.31645771005172624,False
1796,amount_median,0.7624999999999993,-0.31683489444988183,False
1705,amount_median,0.7614583333333333,-0.3175892632461905,False
1829,data_rows_per_page,-1.2630000000000017,-0.31834532871972226,False
1744,amount_sum,2503.723958333333,-0.32042871440883347,False
1710,amount_sum_real,1733.9681,-0.32087249149828534,False
1740,amount_median,-0.7562500000000001,-0.32136110722773664,False
1895,entry_ratio,0.007399999999999962,-0.32411038961039096,False
1751,data_rows_per_page,1.25,-0.3244134948096884,False
1821,amount_sum_real,-1719.5540999999994,-0.3247882011284068,False
1831,amount_median,-0.75,-0.3258873200055922,False
1744,amount_median,0.7489583333333334,-0.32664168880190136,False
1749,amount_median,-0.7473958333333335,-0.32777324199636515,False
1805,amount_sum_real,1698.499100000001,-0.3305080059197345,False
1721,n_data_rows,-13.5,-0.3313333333333333,False
1864,entry_ratio,-0.007300000000000084,-0.3328701298701206,False
1704,entry_ratio,-0.007299999999999973,-0.3328701298701303,False
1787,entry_ratio,0.007299999999999973,-0.3328701298701303,False
1821,entry_ratio,0.007299999999999973,-0.3328701298701303,False
1756,amount_sum_real,-1684.0244000000002,-0.3344402053219212,False
1705,amount_sum_real,1647.058,-0.34448250367566874,False
1817,data_rows_per_page,-1.2000000000000028,-0.34775259515570783,False
1858,entry_ratio,0.007099999999999995,-0.35038961038960903,False
1797,amount_sum_real,-1623.2232999999997,-0.35095744222992525,False
1759,amount_sum,-2319.7791666666662,-0.354580358542579,False
1714,n_data_rows,13.0,-0.355,False
1744,n_data_rows,13.0,-0.355,False
1762,n_data_rows,-13.0,-0.355,False
1811,n_data_rows,-13.0,-0.355,False
1726,amount_sum_real,1602.9784999999997,-0.35645714795490646,False
1774,entry_ratio,-0.007000000000000006,-0.35914935064934844,False
1771,amount_sum_real,1591.1138,-0.3596803143243042,False
1795,amount_sum,2289.9890625000007,-0.3601112628263535,False
1788,amount_median,-0.7000000000000002,-0.3620970222284356,False
1747,amount_median,-0.692708333333333,-0.36737760380260065,False
1755,amount_sum_real,1557.6346000000003,-0.368775279347806,False
1830,data_rows_per_page,-1.154,-0.36922456747404836,False
1733,amount_sum_real,1544.7985999999996,-0.37226230923626447,False
1734,entry_ratio,-0.006800000000000028,-0.3766688311688272,False
1797,amount_sum,-2200.772135416668,-0.37667549776254944,False
1832,amount_sum,2189.294791666667,-0.3788064097378176,False
1743,amount_median,-0.6750000000000007,-0.380201873339857,False
1778,amount_median,0.6749999999999998,-0.3802018733398576,False
1798,data_rows_per_page,1.1240000000000023,-0.38322802768165964,False
1732,amount_sum,-2162.429166666667,-0.3837943479997136,False
1734,amount_sum,2155.1255208333337,-0.38515036091597443,False
1784,entry_ratio,-0.006700000000000039,-0.3854285714285665,False
1733,amount_median,0.6666666666666665,-0.3862368237103316,False
1829,amount_median,0.6666666666666661,-0.38623682371033186,False
1775,entry_ratio,-0.00660000000000005,-0.3941883116883059,False
1806,amount_median,0.6541666666666686,-0.395289249266041,False
1730,amount_sum_real,1452.5210999999995,-0.3973304301876671,False
1771,amount_sum,2088.751822916667,-0.3974734655309636,False
1748,amount_median,0.6499999999999999,-0.39830672445127935,False
1714,amount_median,-0.6479166666666667,-0.39981546204389773,False
1711,n_data_rows,12.0,-0.4023333333333333,False
1783,n_data_rows,12.0,-0.4023333333333333,False
1805,n_data_rows,12.0,-0.4023333333333333,False
1813,n_data_rows,-12.0,-0.4023333333333333,False
1871,n_data_rows,12.0,-0.4023333333333333,False
1872,n_data_rows,-12.0,-0.4023333333333333,False
1788,entry_ratio,0.00649999999999995,-0.402948051948055,False
1742,amount_sum,2056.9046874999995,-0.40338628331490045,False
1727,amount_median,-0.6333333333333334,-0.41037662519222706,False
1848,amount_median,0.6322916666666663,-0.4111309939885367,False
1731,entry_ratio,-0.006400000000000072,-0.4117077922077847,False
1779,entry_ratio,-0.006400000000000072,-0.4117077922077847,False
1854,entry_ratio,-0.006399999999999961,-0.4117077922077944,False
1781,data_rows_per_page,1.0500000000000007,-0.4177698961937712,False
1727,amount_sum_real,-1367.6441,-0.42038813008192294,False
1778,data_rows_per_page,-1.0419999999999998,-0.4215041522491349,False
1719,amount_sum,-1948.1421875000003,-0.42357939757185364,False
1848,data_rows_per_page,1.0329999999999977,-0.4257051903114196,False
1793,amount_sum_real,1332.3706000000002,-0.42997053494095466,False
1787,amount_median,-0.6041666666666661,-0.43149895148888634,False
1703,amount_median,-0.60234375,-0.4328190968824271,False
1832,amount_sum_real,1321.3179999999993,-0.4329730860896907,False
1738,amount_sum,-1888.1729166666664,-0.43471344044364957,False
1754,amount_sum,-1886.5265625000002,-0.4350191066226625,False
1728,entry_ratio,0.006099999999999994,-0.43798701298701254,False
1857,data_rows_per_page,-1.0,-0.44110899653979224,False
1895,data_rows_per_page,-1.0,-0.44110899653979224,False
1709,amount_sum,1844.1250000000005,-0.44289148539508727,False
1757,amount_sum_real,1271.2855,-0.44656492333605124,False
1777,entry_ratio,0.005999999999999894,-0.4467467532467616,False
1710,amount_sum,1815.1958333333332,-0.44826254589717635,False
1708,n_data_rows,-11.0,-0.44966666666666666,False
1715,n_data_rows,-11.0,-0.44966666666666666,False
1788,n_data_rows,-11.0,-0.44966666666666666,False
1836,n_data_rows,11.0,-0.44966666666666666,False
1755,amount_sum,1787.622395833333,-0.4533818983752314,False
1756,amount_sum,-1786.0760416666672,-0.4536689983073698,False
1729,entry_ratio,0.005900000000000016,-0.45550649350649125,False
1796,entry_ratio,0.005900000000000016,-0.45550649350649125,False
1788,data_rows_per_page,0.968,-0.45604602076124556,False
1789,amount_sum,1749.7263020833325,-0.4604177806966747,False
1705,amount_sum,1687.4421874999998,-0.47198160317385585,False
1827,data_rows_per_page,-0.9329999999999998,-0.4723833910034602,False
1823,entry_ratio,0.005700000000000038,-0.47302597402597,False
1781,n_data_rows,10.5,-0.47333333333333333,False
1758,amount_sum_real,1167.7195000000002,-0.4746996800693065,False
1807,amount_sum,-1667.15625,-0.4757479404109266,False
1789,amount_sum_real,1160.8029000000006,-0.47657864477221307,False
1777,amount_median,0.5406250000000004,-0.47751544806374935,False
1851,amount_median,0.5406250000000004,-0.47751544806374935,False
1825,amount_sum_real,1144.5862000000016,-0.4809840761832568,False
1764,amount_sum_real,1138.6501000000007,-0.4825966780935777,False
1767,amount_median,0.5302083333333334,-0.485059136026842,False
1723,amount_sum_real,1112.8822,-0.4895967900803965,False
1741,entry_ratio,0.00550000000000006,-0.4905454545454488,False
1870,data_rows_per_page,-0.8889999999999993,-0.4929217993079587,False
1712,amount_median,-0.5166666666666666,-0.4948659303788622,False
1704,n_data_rows,10.0,-0.497,False
1717,n_data_rows,-10.0,-0.497,False
1812,n_data_rows,10.0,-0.497,False
1867,n_data_rows,-10.0,-0.497,False
1763,entry_ratio,-0.005400000000000071,-0.49930519480518815,False
1735,amount_median,-0.5093750000000004,-0.5001465119530265,False
1726,amount_sum,1525.4229166666664,-0.5020625009811495,False
1718,amount_sum_real,-1058.9054000000006,-0.5042601365187986,False
1825,amount_sum,1513.54583333333,-0.504267629594315,False
1702,amount_median,0.5,-0.50693583111981,False
1757,amount_sum,1498.643750000001,-0.507034387175435,False
1709,data_rows_per_page,0.8569999999999993,-0.507858823529412,False
1712,data_rows_per_page,-0.8569999999999993,-0.507858823529412,False
1733,amount_sum,1492.8932291666665,-0.5081020430699253,False
1814,amount_median,0.4979166666666668,-0.5084445687124284,False
1783,amount_median,0.49583333333333357,-0.5099533063050468,False
1715,amount_sum_real,1028.7973999999995,-0.5124392807912904,False
1757,data_rows_per_page,-0.8389999999999986,-0.5162608996539798,False
1790,entry_ratio,0.0052000000000000934,-0.5168246753246669,False
1896,data_rows_per_page,0.8329999999999984,-0.5190615916955024,False
1747,amount_sum_real,-1003.1958000000004,-0.5193942156925329,False
1764,amount_sum,1426.085416666665,-0.520505746470175,False
1758,amount_sum,1409.0645833333328,-0.5236658764069504,False
1796,amount_sum_real,984.1346999999987,-0.5245723572792341,False
1807,amount_sum_real,-973.4941000000017,-0.5274629844396516,False
1791,amount_sum_real,-949.8809999999994,-0.533877723101163,False
1747,entry_ratio,-0.0050000000000000044,-0.5343441558441554,False
1814,entry_ratio,-0.0050000000000000044,-0.5343441558441554,False
1834,entry_ratio,-0.0050000000000000044,-0.5343441558441554,False
1849,entry_ratio,-0.0050000000000000044,-0.5343441558441554,False
1785,data_rows_per_page,-0.8000000000000007,-0.534465397923875,False
1727,amount_sum,-1348.3869791666662,-0.5349314301941077,False
1766,amount_sum_real,940.7302999999993,-0.536363603780527,False
1720,amount_sum_real,939.6534999999999,-0.5366561274470811,False
1708,amount_median,0.45833333333333326,-0.5371105829721796,False
1730,amount_sum,1332.2447916666665,-0.5379284285763135,False
1739,amount_sum_real,924.7910000000002,-0.5406936766615724,False
1821,data_rows_per_page,0.782,-0.5428674740484428,False
1711,amount_median,-0.4500000000000002,-0.5431455333426534,False
1798,n_data_rows,9.0,-0.5443333333333333,False
1802,n_data_rows,-9.0,-0.5443333333333333,False
1828,n_data_rows,9.0,-0.5443333333333333,False
1795,amount_sum_real,908.0107000000007,-0.545252215742072,False
1865,amount_sum,1258.018750000003,-0.5517094187173669,False
1836,data_rows_per_page,-0.7630000000000017,-0.55173633217993,False
1876,entry_ratio,-0.0047999999999999154,-0.5518636363636439,False
1710,amount_median,0.43333333333333335,-0.5552154340836014,False
1828,data_rows_per_page,0.75,-0.5578044982698961,False
1717,amount_sum_real,-860.7952999999998,-0.5580787591353031,False
1766,amount_sum,1217.495312500001,-0.5592331001656791,False
1724,amount_sum_real,-843.9047999999998,-0.5626672351660762,False
1704,amount_sum_real,-838.0379000000003,-0.5642610381929221,False
1813,amount_sum_real,-834.152399999999,-0.5653165737672139,False
1718,amount_median,-0.41874999999999996,-0.5657765972319307,False
1795,n_data_rows,8.5,-0.568,False
1725,amount_median,-0.4125000000000001,-0.5703028100097862,False
1772,data_rows_per_page,0.7220000000000013,-0.5708743944636672,False
1748,amount_sum_real,-809.2316000000001,-0.5720865624275665,False
1716,data_rows_per_page,-0.7139999999999986,-0.5746086505190318,False
1770,entry_ratio,0.0045000000000000595,-0.5781428571428523,False
1780,entry_ratio,0.0045000000000000595,-0.5781428571428523,False
1781,entry_ratio,0.0044999999999999485,-0.5781428571428621,False
1877,amount_median,-0.40000000000000036,-0.5793552355654968,False
1718,amount_sum,-1088.9734374999998,-0.5830947887660045,False
1723,amount_sum,1079.81640625,-0.584794905794261,False
1783,amount_sum,1078.5322916666664,-0.585033317677955,False
1712,amount_sum_real,751.0209,-0.5879000908420318,False
1880,amount_median,-0.3875000000000002,-0.5884076611212078,False
1881,amount_median,0.3875000000000002,-0.5884076611212078,False
1730,amount_median,-0.38749999999999984,-0.5884076611212081,False
1715,amount_sum,1043.5229166666668,-0.5915332446696987,False
1740,n_data_rows,8.0,-0.5916666666666667,False
1742,n_data_rows,8.0,-0.5916666666666667,False
1870,n_data_rows,-8.0,-0.5916666666666667,False
1768,amount_median,0.38229166666666714,-0.5921795051027539,False
1783,amount_sum_real,731.125,-0.5933050143351586,False
1830,amount_sum_real,725.7498000000014,-0.5947652420584708,False
1846,entry_ratio,0.0042999999999999705,-0.5956623376623408,False
1799,amount_sum,1020.3718750000007,-0.5958315242195663,False
1880,data_rows_per_page,0.6670000000000016,-0.5965474048442899,False
1847,amount_median,-0.3760416666666666,-0.5967057178806098,False
1747,amount_sum,-998.942708333333,-0.5998101162060627,False
1784,amount_sum,991.1434895833336,-0.6012581384134753,False
1728,amount_median,0.3666666666666666,-0.6034950370473928,False
1727,entry_ratio,-0.0041999999999999815,-0.6044220779220801,False
1720,amount_sum,947.7750000000003,-0.6093100392552888,False
1739,amount_sum,943.8843749999996,-0.6100323822977526,False
1784,amount_sum_real,662.0208000000002,-0.6120778727659777,False
1839,amount_median,-0.3541666666666661,-0.6125474626031041,False
1714,amount_sum_real,658.7663000000002,-0.6129619907756371,False
1716,entry_ratio,0.0040999999999999925,-0.6131818181818195,False
1805,entry_ratio,0.0040999999999999925,-0.6131818181818195,False
1708,amount_sum_real,-655.4417000000003,-0.6138651521629203,False
1798,amount_sum,918.7567708333336,-0.6146976353210005,False
1715,amount_median,0.3500000000000001,-0.6155649377883406,False
1716,amount_median,-0.3500000000000001,-0.6155649377883406,False
1765,data_rows_per_page,-0.625,-0.616152249134948,False
1717,amount_sum,-891.46875,-0.619763996636101,False
1724,amount_sum,-859.2781250000003,-0.6257405875440678,False
1803,data_rows_per_page,-0.602999999999998,-0.6264214532871981,False
1706,amount_sum_real,-599.9802999999997,-0.6289318052834982,False
1704,amount_sum,-837.4265624999998,-0.6297976025837686,False
1726,amount_median,0.32916666666666683,-0.6306523137145255,False
1748,amount_sum,-807.1156250000004,-0.635425206070015,False
1713,amount_sum_real,-564.5135,-0.6385667220525828,False
1763,amount_sum_real,562.5883999999996,-0.6390896950378019,False
1790,amount_sum,786.4559895833336,-0.6392609249848593,False
1786,entry_ratio,-0.0037999999999999146,-0.6394610389610473,False
1735,amount_sum_real,-554.5702000000001,-0.6412679205793752,False
1712,amount_sum,766.2380208333334,-0.6430146429760075,False
1837,amount_sum,766.2281250000015,-0.6430164802608543,False
1720,entry_ratio,0.0036999999999999256,-0.6482207792207867,False
1826,entry_ratio,0.0036999999999999256,-0.6482207792207867,False
1851,entry_ratio,0.0036999999999999256,-0.6482207792207867,False
1791,amount_sum,-729.2320312500015,-0.6498852663604264,False
1763,amount_sum,726.3166666666675,-0.6504265401462619,False
1837,amount_sum_real,515.9108000000015,-0.6517701395938545,False
1809,amount_median,0.2953125000000014,-0.6551692995945747,False
1709,entry_ratio,-0.0036000000000000476,-0.6569805194805164,False
1865,amount_sum_real,493.22580000000016,-0.6579327504554687,False
1790,amount_sum_real,486.36119999999937,-0.659797588829753,False
1762,amount_sum_real,-484.54269999999997,-0.6602916028412955,False
1720,amount_median,0.2875000000000001,-0.6608270655668951,False
1714,amount_sum,667.4031249999994,-0.6613645737346477,False
1708,amount_sum,-661.9125000000004,-0.6623839767271044,False
1772,n_data_rows,6.5,-0.6626666666666666,False
1707,amount_median,0.2830729166666668,-0.6640331329512094,False
1776,data_rows_per_page,-0.5199999999999996,-0.6651643598615918,False
1717,entry_ratio,-0.0034999999999999476,-0.6657402597402654,False
1728,amount_sum_real,439.9737,-0.6723992247717018,False
1706,amount_sum,-597.2921874999997,-0.6743815434769727,False
1728,data_rows_per_page,0.5,-0.6745,False
1729,data_rows_per_page,0.5,-0.6745,False
1752,data_rows_per_page,-0.5,-0.6745,False
1847,data_rows_per_page,0.5,-0.6745,False
1864,data_rows_per_page,0.5,-0.6745,False
1898,data_rows_per_page,-0.5,-0.6745,False
1900,data_rows_per_page,-0.5,-0.6745,False
1856,amount_sum,596.0161458333387,-0.6746184565230272,False
1713,amount_sum,-592.1041666666665,-0.6753447642327933,False
1848,entry_ratio,-0.0033000000000000806,-0.6832597402597346,False
1799,entry_ratio,-0.0032999999999999696,-0.6832597402597442,False
1822,amount_sum,-539.7833333333328,-0.685058779316292,False
1725,data_rows_per_page,-0.4759999999999991,-0.6857027681660904,False
1707,n_data_rows,-6.0,-0.6863333333333334,False
1709,n_data_rows,6.0,-0.6863333333333334,False
1712,n_data_rows,-6.0,-0.6863333333333334,False
1895,n_data_rows,-6.0,-0.6863333333333334,False
1701,amount_median,0.25,-0.6879843422340278,False
1782,amount_median,0.25,-0.6879843422340278,False
1762,amount_sum,-506.2854166666666,-0.6912780852224627,False
1775,amount_sum_real,-364.21519999999873,-0.6929797914439336,False
1735,amount_sum,-495.4729166666666,-0.6932855606657755,False
1831,amount_sum,-477.56354166667006,-0.6966106594419673,False
1792,amount_sum,475.9750000000022,-0.6969055920095063,False
1797,amount_median,0.2375000000000007,-0.6970367677897382,False
1773,amount_sum,457.9684895833343,-0.7002487251869598,False
1862,entry_ratio,0.0030999999999999917,-0.700779220779223,False
1806,amount_sum_real,-323.2981,-0.7040953376147835,False
1704,amount_median,0.22734374999999996,-0.7043918635537538,False
1830,amount_sum,430.56770833333576,-0.7053360218793953,False
1748,data_rows_per_page,-0.4289999999999985,-0.7076415224913502,False
1749,data_rows_per_page,0.4289999999999985,-0.7076415224913502,False
1766,data_rows_per_page,-0.4250000000000007,-0.7095086505190308,False
1789,data_rows_per_page,-0.42299999999999827,-0.7104422145328727,False
1709,amount_median,-0.21666666666666656,-0.7121241437159236,False
1728,amount_sum,392.4421874999998,-0.7124145001995278,False
1729,amount_sum_real,-288.5229999999997,-0.7135423470471709,False
1835,amount_median,0.20833333333333393,-0.718159094086397,False
1794,amount_median,-0.20572916666666696,-0.7200450160771703,False
1736,data_rows_per_page,-0.40000000000000213,-0.7211782006920405,False
1775,amount_sum,-342.28255208333394,-0.7217272619423697,False
1794,amount_sum,322.8950520833314,-0.7253267930551773,False
1794,amount_sum_real,-236.34059999999954,-0.7277182264840268,False
1707,amount_sum_real,-231.7581,-0.7289631091938943,False
1780,data_rows_per_page,-0.3829999999999991,-0.729113494809689,False
1729,amount_sum,-301.8156250000002,-0.7292404515272135,False
1746,data_rows_per_page,-0.3810000000000002,-0.7300470588235293,False
1773,amount_sum_real,226.22190000000046,-0.7304670742039037,False
1765,n_data_rows,-5.0,-0.7336666666666667,False
1829,n_data_rows,5.0,-0.7336666666666667,False
1847,n_data_rows,5.0,-0.7336666666666667,False
1896,n_data_rows,5.0,-0.7336666666666667,False
1854,amount_median,-0.18645833333333073,-0.7340008388088934,False
1831,amount_sum_real,-206.8094999999994,-0.7357406500068572,False
1827,entry_ratio,0.0027000000000000357,-0.7358181818181805,False
1707,amount_sum,-223.9729166666666,-0.7436929209302311,False
1721,amount_sum_real,167.32110000000011,-0.746468075298801,False
1856,amount_sum_real,163.00399999999718,-0.7476408594006609,False
1815,data_rows_per_page,-0.34299999999999997,-0.7477847750865052,False
1782,amount_sum,200.24869791666606,-0.7480976179524189,False
1862,data_rows_per_page,0.33899999999999864,-0.7496519031141875,False
1799,amount_sum_real,147.5108999999993,-0.7518497175157174,False
1835,entry_ratio,0.0025000000000000577,-0.7533376623376592,False
1773,amount_median,-0.15833333333333321,-0.754368796309241,False
1782,n_data_rows,4.5,-0.7573333333333333,False
1721,amount_sum,147.8377604166667,-0.7578283619979451,False
1765,amount_sum_real,-125.02530000000024,-0.7579581593402664,False
1834,amount_median,0.14895833333333286,-0.7611581154760245,False
1792,amount_sum_real,-110.95390000000043,-0.761780798197578,False
1847,entry_ratio,-0.0023999999999999577,-0.7620974025974083,False
1782,amount_sum_real,106.47989999999936,-0.7629962057794544,False
1752,amount_median,0.14505208333333375,-0.7639869984621835,False
1798,amount_sum_real,102.09580000000096,-0.764187191112423,False
1796,data_rows_per_page,0.29999999999999716,-0.7678564013840844,False
1716,amount_sum,-89.36458333333303,-0.7686846364106409,False
1776,amount_median,-0.13750000000000018,-0.7694561722354257,False
1829,entry_ratio,-0.0022999999999999687,-0.7708571428571477,False
1765,amount_sum,-75.18541666666533,-0.771317175498731,False
1844,data_rows_per_page,0.2920000000000016,-0.7715906574394457,False
1716,amount_sum_real,-74.22369999999955,-0.7717589304201591,False
1713,data_rows_per_page,0.2859999999999978,-0.77439134948097,False
1760,amount_sum_real,-63.40059999999994,-0.7746991355608392,False
1868,data_rows_per_page,-0.28500000000000014,-0.7748581314878893,False
1725,amount_sum_real,57.1232,-0.7764044550857543,False
1731,amount_sum,47.478125000000546,-0.776461379671821,False
1833,data_rows_per_page,0.28100000000000236,-0.7767252595155699,False
1719,amount_median,0.125,-0.7785085977911367,False
1725,amount_sum,31.769791666666606,-0.779377827618368,False
1768,entry_ratio,-0.0021999999999999797,-0.779616883116887,False
1838,data_rows_per_page,0.2740000000000009,-0.7799927335640134,False
1790,data_rows_per_page,0.2729999999999997,-0.7804595155709344,False
1761,amount_sum,23.207291666665697,-0.7809675625070032,False
1743,n_data_rows,-4.0,-0.7809999999999999,False
1864,n_data_rows,4.0,-0.7809999999999999,False
1737,amount_sum,18.570833333333212,-0.7818283788074062,False
1761,amount_sum_real,-35.02440000000024,-0.7824078187581646,False
1739,amount_median,-0.11874999999999991,-0.7830348105689922,False
1736,amount_sum,10.201041666666242,-0.7833823349911267,False
1736,amount_sum_real,-28.325800000000527,-0.7842275615449226,False
1806,amount_sum,-3.670833333333576,-0.7845947495917169,False
1700,amount_sum,0.0,-0.7852762855707376,False
1722,amount_sum,0.0,-0.7852762855707376,False
1760,amount_sum,0.0,-0.7852762855707376,False
1822,amount_sum_real,23.877599999999802,-0.7854359602945208,False
1722,amount_sum_real,21.710599999999886,-0.7860246478738515,False
1775,data_rows_per_page,-0.26099999999999923,-0.7860608996539796,False
1737,amount_sum_real,-19.422499999999673,-0.786646233499263,False
1731,amount_sum_real,16.424700000000485,-0.7874606163443563,False
1707,entry_ratio,-0.002100000000000102,-0.7883766233766167,False
1773,entry_ratio,-0.0020999999999999908,-0.7883766233766264,False
1785,amount_median,-0.10833333333333339,-0.7905784985320845,False
1784,data_rows_per_page,-0.25,-0.7911955017301038,False
1700,amount_sum_real,0.0,-0.7919225530698908,False
1743,entry_ratio,-0.0020000000000000018,-0.7971363636363659,False
1856,entry_ratio,-0.0020000000000000018,-0.7971363636363659,False
1786,data_rows_per_page,0.23199999999999932,-0.7995975778546717,False
1864,amount_median,0.09375,-0.8011396616804138,False
1721,amount_median,0.08749999999999991,-0.8056658744582695,False
1717,amount_median,-0.08125000000000004,-0.8101920872361248,False
1782,entry_ratio,0.0018000000000000238,-0.8146558441558446,False
1800,entry_ratio,0.0018000000000000238,-0.8146558441558446,False
1723,amount_median,-0.07395833333333335,-0.8154726688102895,False
1724,amount_median,0.07395833333333335,-0.8154726688102895,False
1853,data_rows_per_page,-0.1819999999999986,-0.8229366782006928,False
1729,amount_median,0.0625,-0.8237707255696911,False
1728,n_data_rows,3.0,-0.8283333333333333,False
1729,n_data_rows,3.0,-0.8283333333333333,False
1748,n_data_rows,-3.0,-0.8283333333333333,False
1749,n_data_rows,3.0,-0.8283333333333333,False
1790,n_data_rows,3.0,-0.8283333333333333,False
1796,n_data_rows,3.0,-0.8283333333333333,False
1878,n_data_rows,-3.0,-0.8283333333333333,False
1898,n_data_rows,-3.0,-0.8283333333333333,False
1900,n_data_rows,-3.0,-0.8283333333333333,False
1843,data_rows_per_page,-0.1670000000000016,-0.8299384083044976,False
1897,data_rows_per_page,-0.16599999999999682,-0.8304051903114202,False
1806,entry_ratio,-0.0016000000000000458,-0.8321753246753234,False
1812,entry_ratio,-0.0015999999999999348,-0.8321753246753331,False
1850,entry_ratio,-0.0015999999999999348,-0.8321753246753331,False
1824,amount_median,0.044791666666666785,-0.8365949951069481,False
1746,entry_ratio,-0.0015000000000000568,-0.8409350649350626,False
1756,entry_ratio,0.0015000000000000568,-0.8409350649350626,False
1814,data_rows_per_page,-0.14300000000000068,-0.841141176470588,False
1866,data_rows_per_page,0.14300000000000068,-0.841141176470588,False
1786,amount_median,0.01249999999999929,-0.8599804277925351,False
1821,amount_median,-0.006249999999999645,-0.8645066405703905,False
1798,entry_ratio,-0.0011999999999999789,-0.8672142857142905,False
1746,amount_median,0.0010416666666666075,-0.8682784845519363,False
1700,amount_median,0.0,-0.8690328533482456,False
1722,amount_median,0.0,-0.8690328533482456,False
1760,amount_median,0.0,-0.8690328533482456,False
1779,amount_median,0.0,-0.8690328533482456,False
1781,amount_median,0.0,-0.8690328533482456,False
1790,amount_median,0.0,-0.8690328533482456,False
1713,n_data_rows,2.0,-0.8756666666666666,False
1736,n_data_rows,-2.0,-0.8756666666666666,False
1745,n_data_rows,-2.0,-0.8756666666666666,False
1755,n_data_rows,2.0,-0.8756666666666666,False
1764,n_data_rows,-2.0,-0.8756666666666666,False
1853,n_data_rows,-2.0,-0.8756666666666666,False
1868,n_data_rows,-2.0,-0.8756666666666666,False
1794,entry_ratio,0.0010999999999999899,-0.8759740259740298,False
1828,entry_ratio,-0.0010999999999999899,-0.8759740259740298,False
1863,data_rows_per_page,0.036000000000001364,-0.8910868512110721,False
1703,entry_ratio,0.0007999999999999119,-0.9022532467532578,False
1700,data_rows_per_page,0.0,-0.9078910034602077,False
1722,data_rows_per_page,0.0,-0.9078910034602077,False
1760,data_rows_per_page,0.0,-0.9078910034602077,False
1899,data_rows_per_page,0.0,-0.9078910034602077,False
1830,entry_ratio,0.0006999999999999229,-0.9110129870129972,False
1763,n_data_rows,1.0,-0.9229999999999999,False
1804,n_data_rows,1.0,-0.9229999999999999,False
1814,n_data_rows,-1.0,-0.9229999999999999,False
1897,n_data_rows,-1.0,-0.9229999999999999,False
1836,entry_ratio,-0.000500000000000056,-0.9285324675324662,False
1804,entry_ratio,0.00039999999999995595,-0.9372922077922153,False
1896,entry_ratio,-0.00029999999999996696,-0.9460519480519547,False
1762,entry_ratio,9.999999999998899e-05,-0.9635714285714334,False
1822,entry_ratio,9.999999999998899e-05,-0.9635714285714334,False
1700,n_data_rows,0.0,-0.9703333333333333,False
1722,n_data_rows,0.0,-0.9703333333333333,False
1760,n_data_rows,0.0,-0.9703333333333333,False
1899,n_data_rows,0.0,-0.9703333333333333,False
1700,entry_ratio,0.0,-0.9723311688311729,False
1722,entry_ratio,0.0,-0.9723311688311729,False
1760,entry_ratio,0.0,-0.9723311688311729,False
