year,rank,term,tfidf
1700,1,ye,0.4808720378566716
1700,2,pro,0.2663580185254325
1700,3,mich,0.23373028480503194
1700,4,ann,0.23048323060080772
1700,5,pro mich,0.20264671037354484
1700,6,1701,0.1978448396410855
1700,7,mr,0.18356147899112776
1700,8,hutchins,0.14604129116602532
1700,9,batts,0.1335284785099
1700,10,2th,0.1335284785099
1700,11,1700,0.13191227192497654
1700,12,anno,0.12721701943530822
1700,13,ann mich,0.12254783776889965
1700,14,southn,0.10445216183392396
1700,15,ye coll,0.1001618255288698
1701,1,ye,0.39068291552826734
1701,2,1701,0.32372487612242473
1701,3,ann,0.27870563336336923
1701,4,1700,0.26380724725693866
1701,5,mich,0.21339192111467367
1701,6,hutchins,0.18585854834566853
1701,7,ann mich,0.15317475426722446
1701,8,6r,0.15074699843253642
1701,9,comoners,0.13826511579435308
1701,10,anno,0.13390387259379874
1701,11,cista,0.11960576431953432
1701,12,ye lease,0.11306024882440231
1701,13,red,0.10857762423520805
1701,14,hutchins ye,0.10790829204080825
1701,15,southn,0.10444531384887165
1702,1,ye,0.5324038104068274
1702,2,mr,0.24170742093270411
1702,3,mich,0.21075415551385324
1702,4,pro,0.20997713993819306
1702,5,pro mic,0.1810740101082791
1702,6,ann,0.17600792633645332
1702,7,reed mr,0.15542103420009376
1702,8,reed,0.13767084478999234
1702,9,anno,0.12728934411895398
1702,10,mic,0.12531367865090393
1702,11,ye college,0.12364653312044141
1702,12,cudlington,0.1163584413259056
1702,13,1700,0.09770485919226635
1702,14,pro anno,0.09548223880810205
1702,15,pro sexquianno,0.09325262052005626
1703,1,ye,0.3304370551096901
1703,2,15r,0.28957495236707514
1703,3,ann,0.26940274528271135
1703,4,pro,0.2348670320061647
1703,5,mich,0.23409909544332008
1703,6,mr,0.18305523431163415
1703,7,ann 15r,0.15785816487329812
1703,8,anno,0.15424255075433058
1703,9,mich 15r,0.1506648458082762
1703,10,mic,0.1349764826361859
1703,11,5s,0.12244298628265221
1703,12,item,0.10937229759289169
1703,13,et officiarijs,0.10486367322821391
1703,14,officiarijs,0.10486367322821391
1703,15,ye yard,0.10163525622930958
1704,1,pro,0.4355204951361111
1704,2,ye,0.3501363756418406
1704,3,anno,0.2620949078130849
1704,4,pro anno,0.2574557092978991
1704,5,mr,0.23625332470104504
1704,6,pro mic,0.19529721250686122
1704,7,ann,0.17984197171125654
1704,8,pro biennio,0.17538730933465574
1704,9,biennio,0.1714080543241269
1704,10,mic,0.1351569566215904
1704,11,cuddington,0.1179084043632483
1704,12,vol,0.11723813601327651
1704,13,5s,0.10898373512454157
1704,14,officiarys,0.08173780134340618
1704,15,merton,0.07900704084852478
1705,1,ye,0.3465367010899016
1705,2,pro,0.32796750407606956
1705,3,anno,0.2685304017578091
1705,4,mr,0.21910087760515465
1705,5,pro mic,0.21009717946428164
1705,6,mic,0.17771036432877496
1705,7,biennio,0.16763423524725624
1705,8,pro anno,0.16617969401451946
1705,9,sum,0.13938704461641707
1705,10,2th,0.13388001594659146
1705,11,vol,0.12612264858195996
1705,12,mich,0.11207834061906298
1705,13,george,0.1087091035388305
1705,14,dimidio,0.10752181068058758
1705,15,ann,0.10748372960151323
1706,1,anno,0.331441383521844
1706,2,pro,0.3084215917512832
1706,3,ye,0.2833774943157735
1706,4,2s,0.2361011238746621
1706,5,pro anno,0.17906609654691005
1706,6,pro mic,0.16464666394153696
1706,7,cudlington,0.1587033045848871
1706,8,mr,0.15453232542532153
1706,9,mich,0.14372563156532722
1706,10,biennio,0.13793825576116817
1706,11,mic,0.13293584012639076
1706,12,ann,0.12634751369824074
1706,13,merton,0.1099022619700207
1706,14,southnewington,0.1093978317328608
1706,15,6d,0.10832600920887032
1707,1,pro,0.41990638076584186
1707,2,anno,0.3069708228013025
1707,3,pro anno,0.25329133223191796
1707,4,mr,0.2244170056956888
1707,5,sesquianno,0.21871683810815268
1707,6,2th,0.214263121552918
1707,7,2th mr,0.19790135447589255
1707,8,ye,0.17912589637781398
1707,9,pro sesquianno,0.16085923899674476
1707,10,biennio,0.15330500766145264
1707,11,ann,0.1376145603672903
1707,12,pro biennio,0.10980479905161858
1707,13,pro mic,0.10674347589067584
1707,14,mich,0.10249798224059115
1707,15,cuddington,0.09280097739203813
1708,1,th,0.4284794080755072
1708,2,pro,0.3397741646842953
1708,3,anno,0.31579159489535225
1708,4,15r,0.20379807072282255
1708,5,pro anno,0.20357002359161414
1708,6,ye,0.19195110299899218
1708,7,sesquianno,0.17045578929585975
1708,8,mich,0.16974765663791244
1708,9,biennio,0.16428146857011086
1708,10,pro mich,0.13274434013440406
1708,11,cudlingt,0.12041299730114652
1708,12,ann,0.11586740269559666
1708,13,ann 15r,0.1110979702700325
1708,14,pro sesquianno,0.1077353588222853
1708,15,mich 15r,0.10603543107055492
1709,1,anno,0.4060756700704421
1709,2,pro,0.306076530320589
1709,3,ye,0.2369562935486934
1709,4,biennio,0.22307910718515345
1709,5,cuddington,0.1841423497538213
1709,6,pro anno,0.16753293769174896
1709,7,mr,0.13783228492310648
1709,8,pro biennio,0.12450431499347527
1709,9,annue,0.11773344004409399
1709,10,cudlingt,0.1114839290701483
1709,11,mich,0.11093664092316033
1709,12,consent,0.11019693760300195
1709,13,et officiarys,0.10881460696288679
1709,14,triennio,0.10796165133492236
1709,15,officiarys,0.10637770680533255
1710,1,pro,0.34557517753863004
1710,2,anno,0.34042068232594613
1710,3,ye,0.26046084841256967
1710,4,pro anno,0.23939647926278443
1710,5,mr,0.21210611739786234
1710,6,15r,0.1997205504966165
1710,7,2th mr,0.1662622582476542
1710,8,2th,0.15429275953996702
1710,9,1s,0.13821406190695323
1710,10,ann 15r,0.1306501933174747
1710,11,southn,0.12069494439777108
1710,12,southnewington,0.10725425559593253
1710,13,ann,0.08671027404670052
1710,14,mich 15r,0.0831311291238271
1710,15,scholars,0.07873305169470166
1711,1,pro,0.42076461170675583
1711,2,anno,0.39106542408797096
1711,3,pro anno,0.2352878257940283
1711,4,pro biennio,0.18734705873622787
1711,5,biennio,0.18309645631230054
1711,6,mr,0.15954018066078188
1711,7,hilliard,0.15306214470794077
1711,8,2s,0.13928705153622756
1711,9,cadlington,0.1339264461034654
1711,10,et,0.12195489389137404
1711,11,ann 15,0.11810575244354622
1711,12,15,0.11336703232547975
1711,13,pro mic,0.1133215264751489
1711,14,consent,0.11054541706844437
1711,15,collegio,0.0969283447004381
1712,1,pro,0.5585709238031831
1712,2,anno,0.29486515885648806
1712,3,pro anno,0.26068132085685775
1712,4,ye,0.2363487766012491
1712,5,cudlington,0.16472119561613596
1712,6,mr,0.15580942637356698
1712,7,annis,0.14932299952281064
1712,8,pro mic,0.122064229986518
1712,9,mic,0.11826570116282874
1712,10,rod,0.10177404542577377
1712,11,morton,0.09783469050628857
1712,12,1s,0.09406420765316034
1712,13,quitrents,0.0795904369295385
1712,14,south,0.07910944647842193
1712,15,omnium,0.07590320305419422
1713,1,pro,0.4772014393008195
1713,2,mr,0.2712905091778558
1713,3,pro anno,0.2627357123460589
1713,4,anno,0.25473338416273783
1713,5,nic,0.23414487678323148
1713,6,1713,0.226401374747764
1713,7,ye,0.19558410247141939
1713,8,ann,0.16099144006314822
1713,9,18,0.09559867146796225
1713,10,cudlington,0.0898751310749454
1713,11,pro biennio,0.08563838340934983
1713,12,mr hutchins,0.08424086424789264
1713,13,biennio,0.08369538669215286
1713,14,ladyday,0.08115405085268369
1713,15,hutchins,0.07975260591135325
1714,1,pro,0.4836262645190839
1714,2,mic,0.3308770455070884
1714,3,pro mic,0.3059879004572033
1714,4,anno,0.2969845034139787
1714,5,pro anno,0.27227922704509255
1714,6,ye,0.22217769878970436
1714,7,mr,0.17949430570626942
1714,8,1713,0.12382991094703764
1714,9,ann,0.11447025187459663
1714,10,pro biennio,0.11241550174906212
1714,11,biennio,0.10986497542938113
1714,12,ann 15,0.10630204853457119
1714,13,1714,0.10332362648885215
1714,14,15,0.09839274884859261
1714,15,item,0.08579576407638567
1715,1,pro,0.5018685560954937
1715,2,pro mic,0.2841530043162085
1715,3,anno,0.2832827269330379
1715,4,pro anno,0.26970638690712273
1715,5,ye,0.25675799515051023
1715,6,mic,0.20976031917867335
1715,7,mr,0.19202207264521487
1715,8,1715,0.16875532661786444
1715,9,pro biennio,0.1391915715446302
1715,10,biennio,0.1360335394122397
1715,11,1714,0.12793411695815074
1715,12,rec mr,0.1014047834611897
1715,13,ann,0.09594419278312309
1715,14,cudlington,0.09129858189073047
1715,15,summa,0.08865067212088357
1716,1,pro,0.5474138009832672
1716,2,anno,0.34994603656217693
1716,3,pro anno,0.34849323789631836
1716,4,mr,0.23630068383440597
1716,5,pro hic,0.14577555505451156
1716,6,pd,0.1401330393468747
1716,7,hic,0.13803751622115215
1716,8,pro mic,0.12588343304016472
1716,9,consent,0.10233298885836065
1716,10,ann,0.09660116032518813
1716,11,rd,0.09262375232616778
1716,12,summa,0.08836512108392702
1716,13,mic,0.08711861004257132
1716,14,yarrington pro,0.08083944402938936
1716,15,yarrington,0.07304340660332806
1717,1,pro,0.5151262718590005
1717,2,anno,0.510991354690128
1717,3,pro anno,0.4567713845177146
1717,4,pro hic,0.13717742970404645
1717,5,hic,0.1298957954292642
1717,6,pro biennio,0.10154657281762892
1717,7,biennio,0.09924264495523405
1717,8,et,0.06610246030306037
1717,9,morton,0.06593386026563906
1717,10,summa,0.06467469137647179
1717,11,molineaux,0.06162975180919095
1717,12,mr,0.05929685615413543
1717,13,1715,0.05862603560928254
1717,14,cudlington,0.05709125297847297
1717,15,south morton,0.05487097188161858
1718,1,pro,0.5397934937874174
1718,2,anno,0.47695654733875553
1718,3,pro anno,0.45205289079028066
1718,4,pro mich,0.13004803031962184
1718,5,cudlington,0.10801756333979694
1718,6,yarrington,0.0780288181917731
1718,7,buttry,0.07198467310425699
1718,8,molineaux,0.06996268541006163
1718,9,pro triennio,0.06968399311397078
1718,10,triennio,0.06854403010552543
1718,11,aedis xti,0.06655283796810003
1718,12,coll,0.0623584855672648
1718,13,calcot,0.06193860853133981
1718,14,wood,0.06193860853133981
1718,15,annun,0.061158424389090436
1719,1,pro,0.5352033677428341
1719,2,pro anno,0.3954784108891146
1719,3,anno,0.39541532669065893
1719,4,pd,0.38961444565993886
1719,5,pd mr,0.135231258625454
1719,6,mr,0.1251411622776865
1719,7,fowell,0.12372545041524932
1719,8,ye,0.12101522241421435
1719,9,pd cook,0.11496585190739117
1719,10,pro sesquianno,0.07848713630306034
1719,11,sesquianno,0.07761255748784915
1719,12,pro biennio,0.07653776133402963
1719,13,biennio,0.07480124304522938
1719,14,ralph marshalls,0.06691176796313063
1719,15,cook,0.06633624834983115
1720,1,pd,0.4766856443852041
1720,2,anno,0.3980436053435828
1720,3,pro,0.3906541939980088
1720,4,pro anno,0.28225171975476343
1720,5,sexquianno,0.20048059840606844
1720,6,pd mr,0.15793221500668062
1720,7,biennio,0.1397727255602134
1720,8,po,0.11684504209862971
1720,9,mr,0.10555156277511825
1720,10,morton,0.10111513668777056
1720,11,pro sexquianno,0.10024029920303422
1720,12,annis,0.09921206217722466
1720,13,pd cook,0.09547726340876492
1720,14,triennio,0.08267671848102055
1720,15,pro biennio,0.07945420181695408
1721,1,pro,0.5324810351842663
1721,2,pd,0.3127120592390191
1721,3,anno,0.29172206249300403
1721,4,pro anno,0.27774126685345035
1721,5,mr,0.2050664443592444
1721,6,pro biennio,0.19111767607461774
1721,7,biennio,0.18678152442826668
1721,8,ye,0.16787754083983536
1721,9,pd ye,0.14386652504002437
1721,10,pd mr,0.11607665849239625
1721,11,cook,0.09938646808964047
1721,12,seale,0.09654597344542415
1721,13,feff,0.0842093285730396
1721,14,ad feff,0.0842093285730396
1721,15,rec mr,0.0835406038291838
1722,1,pro,0.5324810351842663
1722,2,pd,0.3127120592390191
1722,3,anno,0.29172206249300403
1722,4,pro anno,0.27774126685345035
1722,5,mr,0.2050664443592444
1722,6,pro biennio,0.19111767607461774
1722,7,biennio,0.18678152442826668
1722,8,ye,0.16787754083983536
1722,9,pd ye,0.14386652504002437
1722,10,pd mr,0.11607665849239625
1722,11,cook,0.09938646808964047
1722,12,seale,0.09654597344542415
1722,13,feff,0.0842093285730396
1722,14,ad feff,0.0842093285730396
1722,15,rec mr,0.0835406038291838
1723,1,pro,0.5339983981329648
1723,2,pro anno,0.3757981155953739
1723,3,anno,0.3643521655004481
1723,4,pro biennio,0.17067070300376103
1723,5,biennio,0.16679846017926836
1723,6,mr,0.16647922197901566
1723,7,ye,0.1499169438544807
1723,8,pro triennio,0.1313064422797618
1723,9,cum dimid,0.12977250282801991
1723,10,triennio,0.12915839535706783
1723,11,1722,0.11737394719900235
1723,12,cook,0.10757997281973632
1723,13,cudlington,0.10176944024060215
1723,14,dimid,0.09847983170982134
1723,15,cum,0.09422293826587944
1724,1,pd,0.5285748028226179
1724,2,anno,0.3586149613138061
1724,3,pro,0.3561689736375789
1724,4,pro anno,0.256071239907385
1724,5,cum dimid,0.1473796892799213
1724,6,biennio,0.13776671243420185
1724,7,dd,0.12622317444654205
1724,8,morton,0.11212192787146441
1724,9,cum,0.10700685478085879
1724,10,quadriennio,0.10486380337141299
1724,11,1723,0.09717307278217782
1724,12,aug,0.09543926582336801
1724,13,blay,0.09466738083490654
1724,14,1724,0.09466738083490654
1724,15,dimid,0.09320109346126844
1725,1,pr,0.7887124006465975
1725,2,pr anno,0.3165504225387174
1725,3,pr biennio,0.1978440140866984
1725,4,anno,0.13278985397157733
1725,5,misc,0.11861069938081381
1725,6,cudlington,0.11127104807863787
1725,7,ye,0.10430878052834162
1725,8,rd,0.10192581271360543
1725,9,quadriennio,0.10095676884898254
1725,10,chappell,0.08513315412164835
1725,11,biennio,0.08289610961516708
1725,12,mr,0.06934186574458351
1725,13,book,0.0659911136840737
1725,14,anno cudlington,0.062368387259227664
1725,15,pd,0.06168255362041778
1726,1,anno,0.49885523612048893
1726,2,pd,0.4213173046874289
1726,3,pro,0.3165054220753677
1726,4,pro anno,0.3157321926968978
1726,5,pd mr,0.22392234741481717
1726,6,pd ye,0.21806047007309415
1726,7,ye,0.19084072264238594
1726,8,feff,0.1595465464261757
1726,9,ad feff,0.1595465464261757
1726,10,ye cook,0.11648232700600238
1726,11,cum,0.10555034264926744
1726,12,mr,0.10360734308126782
1726,13,biggs,0.07781568842245533
1726,14,cook fuel,0.07425154959016957
1726,15,cadlington,0.06988939620360142
1727,1,pro,0.5389253434134665
1727,2,pro annis,0.43279624650835213
1727,3,annis,0.28514079449451407
1727,4,anno,0.25739970685607433
1727,5,pro anno,0.2359873744883974
1727,6,biennio,0.23210160665442747
1727,7,pro biennio,0.16441606281614546
1727,8,alias,0.13893742235671144
1727,9,cum,0.08875280195080211
1727,10,sexennio,0.08815053912706215
1727,11,pro sexennio,0.08815053912706215
1727,12,morton,0.08303152366714951
1727,13,buttry,0.07985433343122945
1727,14,cook,0.0791674925884953
1727,15,ralph,0.06725919484856065
1728,1,item,0.657645469454725
1728,2,pr anno,0.3546878797804087
1728,3,pr,0.3163989975315243
1728,4,anno,0.2578994600562616
1728,5,pro,0.22844956174620273
1728,6,pr biennio,0.17734393989020436
1728,7,biennio,0.14861326736205135
1728,8,pro anno,0.1432314417740096
1728,9,alias,0.1124365649569653
1728,10,ye,0.11131021451078499
1728,11,1727,0.09317656616340271
1728,12,pro biennio,0.0760316695642965
1728,13,pro mich,0.06004198246734714
1728,14,south,0.05588577345715826
1728,15,norton,0.046654464201634785
1729,1,pd,0.4901888149928592
1729,2,anno,0.39487736606116247
1729,3,pro,0.3136010351786842
1729,4,1728,0.27154794992531306
1729,5,alias,0.2204939549451822
1729,6,pro anno,0.2106632331840162
1729,7,pd cook,0.13064522644893606
1729,8,1727,0.12790686653056776
1729,9,biennio,0.11900399330619559
1729,10,cudlington,0.11409891870504467
1729,11,ye,0.10695971032208229
1729,12,ad,0.10082480291461716
1729,13,cum,0.08451051984118026
1729,14,mic,0.08192017167006796
1729,15,cook,0.0753833772694323
1730,1,pro,0.5163688729568817
1730,2,pd,0.3413291258189181
1730,3,pro anno,0.261343162343881
1730,4,anno,0.25338324804495205
1730,5,mr,0.17200928109391853
1730,6,pd mr,0.1715800066535387
1730,7,alias,0.14771100186658426
1730,8,cum,0.1258097837356943
1730,9,cuddington,0.11490121207005319
1730,10,pro biennio,0.10358433186663975
1730,11,biennio,0.10123417053993787
1730,12,1729,0.10106253315616115
1730,13,half years,0.0916802987738615
1730,14,mar,0.08655819342556995
1730,15,rect,0.0825941769592913
1731,1,pd,0.5237741543681049
1731,2,pro,0.3454892713539489
1731,3,pd mr,0.3259039213964936
1731,4,mr,0.2585031803759718
1731,5,anno,0.22001522908575596
1731,6,pro anno,0.21558055778312488
1731,7,1730,0.15269054695626502
1731,8,chappel,0.10554849619165797
1731,9,mr collison,0.10333617064964322
1731,10,cum,0.10241428474730727
1731,11,collison,0.09216203025481404
1731,12,candles,0.0849816292754649
1731,13,1728,0.0822690154978999
1731,14,poors tax,0.07550366840955387
1731,15,sparkes,0.07550366840955387
1732,1,pd,0.5185442833583317
1732,2,pro,0.3828671506007994
1732,3,1731,0.263469183890618
1732,4,anno,0.22964280936992557
1732,5,pro anno,0.22369821079042046
1732,6,pd mr,0.21597781151919396
1732,7,ch,0.2133897605291791
1732,8,cum,0.1385686304761586
1732,9,mr,0.13324194733487818
1732,10,work,0.12603559107729234
1732,11,pro biennio,0.11408921134228014
1732,12,biennio,0.11150071125294474
1732,13,court,0.10952477975761858
1732,14,alias,0.08263666493982302
1732,15,gravel,0.07759627655606513
1733,1,pd,0.4358396864388281
1733,2,pro,0.4174541812855717
1733,3,1732,0.3305142631662954
1733,4,1733,0.26313228821779266
1733,5,pd mr,0.1985491923914165
1733,6,pro anno,0.16935601009794396
1733,7,anno,0.16419781382336773
1733,8,mr,0.13014542282391672
1733,9,battles,0.12532044118132663
1733,10,1727,0.1101714210554318
1733,11,collison,0.09825815855855521
1733,12,ad,0.09473948818632377
1733,13,1731,0.0908280692936926
1733,14,pro biennio,0.08989939666187916
1733,15,biennio,0.08785972443036259
1734,1,pro,0.5894366149103365
1734,2,als,0.2518449091615707
1734,3,1733,0.19584912676953461
1734,4,pro anno,0.17219538934444306
1734,5,anno,0.16695071207965614
1734,6,cum,0.15237927149042071
1734,7,pro biennio,0.13800608358808078
1734,8,biennio,0.13487494826429586
1734,9,acct,0.1321155798738203
1734,10,cuddington,0.12988914670068968
1734,11,fest mich,0.12261358933117805
1734,12,pro sesquianno,0.11257354113816734
1734,13,mich,0.11178824927418557
1734,14,sesquianno,0.11131913896642052
1734,15,ad fest,0.11003043454170806
1735,1,pd,0.465246510793991
1735,2,pro,0.37006547145092883
1735,3,1735,0.33459459845012246
1735,4,1734,0.23775159058857293
1735,5,pro biennio,0.16558676607848244
1735,6,biennio,0.16182986957841808
1735,7,8th,0.1401875226913395
1735,8,cuddington,0.13358369961464328
1735,9,pd mr,0.13298549629868553
1735,10,cum,0.12798271706024383
1735,11,ad,0.12691039136240165
1735,12,fest mich,0.11769445060248589
1735,13,mr,0.11537152917284202
1735,14,ad fest,0.11441746314343255
1735,15,al,0.11305663371551182
1736,1,pd,0.5010972124313805
1736,2,pro,0.43336315649451557
1736,3,1735,0.21734524827446094
1736,4,pro bienn,0.1878168457740364
1736,5,bienn,0.18470515217496675
1736,6,als,0.17992985613960572
1736,7,1736,0.17300507057124143
1736,8,ad,0.12752156331763537
1736,9,pd mr,0.11877859964046067
1736,10,ad fest,0.11791638149830506
1736,11,fest,0.1160709003464261
1736,12,27th,0.10494287532561014
1736,13,mr,0.10304634005162697
1736,14,dimid,0.09956223949796021
1736,15,cuddington,0.0994274138698945
1737,1,pro,0.4197620649662164
1737,2,pd,0.33447365178034744
1737,3,1737,0.33378676701748466
1737,4,1736,0.26109885585734105
1737,5,mic,0.25482506829721263
1737,6,anno,0.24566513893750894
1737,7,pro anno,0.24464526173129014
1737,8,ye,0.20913472522223986
1737,9,ad mic,0.18033823712618022
1737,10,ad,0.12545231175660695
1737,11,mr,0.11059008010776254
1737,12,pro biennio,0.1082210457776244
1737,13,biennio,0.10576568489496452
1737,14,alias,0.09602316544947097
1737,15,cum,0.09200895814749141
1738,1,pro,0.4919084533170968
1738,2,1738,0.4384260772662675
1738,3,pd,0.24653827787316182
1738,4,pro anno,0.24524387145768867
1738,5,min,0.23987865684463094
1738,6,anno,0.2377743046948433
1738,7,1737,0.16730174622107485
1738,8,pd mr,0.14375921051962592
1738,9,ad,0.14290826644623306
1738,10,mr,0.127489778785366
1738,11,fest,0.12487293201983982
1738,12,ad fest,0.12051544387585934
1738,13,ye,0.1143526069470767
1738,14,apr,0.0759724054777104
1738,15,pro biennio,0.07594009234562206
1739,1,pro,0.45000165666242614
1739,2,anno,0.3083753513425837
1739,3,1738,0.2894719298905966
1739,4,mr,0.27448516275119494
1739,5,pro anno,0.21686101120070517
1739,6,ye,0.1887539971811914
1739,7,alias,0.15888666910329213
1739,8,mic,0.15179451960209256
1739,9,ad,0.14153331826240872
1739,10,1737,0.11835150259371295
1739,11,red,0.11365908982077944
1739,12,ad fest,0.10469819419877342
1739,13,fest,0.10305958774244847
1739,14,rect,0.09994856636185499
1739,15,1739,0.09875244482423455
1740,1,pro,0.46414978749101443
1740,2,mr,0.2315251754264299
1740,3,1739,0.20824146633787596
1740,4,pro biennio,0.18880458193056224
1740,5,biennio,0.18452091065749174
1740,6,ye,0.18243029384452678
1740,7,pro anno,0.16767652537196945
1740,8,rect,0.16560009266509654
1740,9,anno,0.16256948235644622
1740,10,mic,0.16004623176800536
1740,11,mie,0.1290531879873579
1740,12,pro sesquianno,0.1210083321809101
1740,13,ad mic,0.1210083321809101
1740,14,alias,0.11965994149201022
1740,15,sesquianno,0.11965994149201022
1741,1,pro,0.46693130546770645
1741,2,ad,0.22058668940694212
1741,3,mic,0.18072028343378277
1741,4,1741,0.1762329476183884
1741,5,ad fest,0.17337590610658707
1741,6,fest,0.1706624411677546
1741,7,stipend pro,0.16776601165715901
1741,8,mr,0.16042452252396588
1741,9,ye,0.1532200298226564
1741,10,pro anno,0.14082859637307624
1741,11,kid,0.1402800097161351
1741,12,pro biennio,0.13954484146620852
1741,13,anno,0.13653927979821545
1741,14,biennio,0.13637879420940086
1741,15,hidlington,0.1319560227859206
1742,1,pro,0.47673416584788036
1742,2,pro anno,0.25409906191615134
1742,3,anno,0.24635978632864078
1742,4,mic,0.22906179804280055
1742,5,1742,0.22284759342562657
1742,6,1741,0.2023506813200718
1742,7,00,0.19540581163301007
1742,8,mic 1742,0.1891010469138905
1742,9,ad mic,0.16503975890898748
1742,10,ye,0.16336101571054756
1742,11,1740,0.13527849419445606
1742,12,ad,0.11307037963217252
1742,13,pd,0.10403382949987115
1742,14,mr,0.10233302591782086
1742,15,rect,0.09125542194159453
1743,1,pro,0.49088534612559803
1743,2,anno,0.26893368243583776
1743,3,pro anno,0.26671356369202587
1743,4,1743,0.20627858124985585
1743,5,mic,0.19913538561414595
1743,6,1742,0.1871285170579768
1743,7,mr,0.168792249774677
1743,8,ad,0.15318102976467965
1743,9,ad mic,0.15244503811797808
1743,10,ye,0.15089440527309134
1743,11,ann,0.14076673377238716
1743,12,cal,0.13350617334772133
1743,13,mic 1742,0.11644675398423143
1743,14,rect,0.11590070784423179
1743,15,share mr,0.09996396184940622
1744,1,pro,0.4306524396283432
1744,2,mie,0.2849570178808592
1744,3,1743,0.26623127455787854
1744,4,ad mie,0.23665002182922537
1744,5,anno,0.21359779683934477
1744,6,pro anno,0.2080685439828742
1744,7,mr,0.1704070613126353
1744,8,south newinton,0.1672034134204951
1744,9,newinton,0.1672034134204951
1744,10,1742,0.15027627766695345
1744,11,ad,0.14378289449941706
1744,12,mrs,0.13139099655348885
1744,13,pro biennio,0.1212775577252172
1744,14,ye,0.11984632133018565
1744,15,biennio,0.11852596565693399
1745,1,pro,0.40825142386961244
1745,2,ad mic,0.28382690383916914
1745,3,anno,0.2274856145918731
1745,4,mic,0.22158490483025148
1745,5,ad,0.2187592127888025
1745,6,pro anno,0.21228606542217798
1745,7,mr,0.17677274057809259
1745,8,1744,0.1745927963379435
1745,9,cal,0.16778200784650874
1745,10,biennio,0.13524894789683403
1745,11,ann,0.13007839350229383
1745,12,newinton,0.1271962399380425
1745,13,south newinton,0.1271962399380425
1745,14,pro biennio,0.12454988909332067
1745,15,rect,0.12138048866530012
1746,1,1745,0.46217528167707955
1746,2,pro,0.3528083392955648
1746,3,pro anno,0.19552578951644553
1746,4,mr,0.1924850365998029
1746,5,anno,0.18957052168459224
1746,6,pd,0.18345392988325362
1746,7,1744,0.16974225879787924
1746,8,ye,0.15363833330442833
1746,9,ad,0.14178776249829866
1746,10,ad fest,0.14159666346880945
1746,11,fest,0.13938056787394598
1746,12,batt,0.10178174904002914
1746,13,ann,0.10117164417776253
1746,14,mich,0.09590584749376269
1746,15,recd,0.09391366256048633
1747,1,pro,0.409463377735399
1747,2,1747,0.27045014977881565
1747,3,pro anno,0.2701475199228352
1747,4,anno,0.26191944505235326
1747,5,mr,0.23935164690787433
1747,6,ad,0.2115726088521423
1747,7,ye,0.19986400663696915
1747,8,newinton,0.19682821108599047
1747,9,south newinton,0.17222468470024166
1747,10,ad mic,0.1544077788997168
1747,11,rect,0.1494091935087882
1747,12,mic,0.13866824672470268
1747,13,ann,0.11741809515836275
1747,14,mrs,0.10440266520808757
1747,15,fest,0.09243584244440367
1748,1,pro,0.41599873956949907
1748,2,ye,0.31619959080095805
1748,3,1747,0.27976250879249326
1748,4,rect,0.19871199269693723
1748,5,mr,0.19807455762868142
1748,6,1748,0.1891125535971356
1748,7,pro anno,0.17884765346543555
1748,8,anno,0.17340036346794102
1748,9,newinton,0.1527041698246132
1748,10,south newinton,0.1527041698246132
1748,11,mrs,0.14399672332528907
1748,12,ad,0.13131458916030792
1748,13,pro capon,0.12679937176969286
1748,14,ad test,0.11028687840198977
1748,15,capon,0.10798093999992846
1749,1,pro,0.4795410556603932
1749,2,mr,0.3226087438139946
1749,3,pro anno,0.2362318650926813
1749,4,anno,0.22903678340793593
1749,5,fine mr,0.2103497368405427
1749,6,rect,0.15963074472651512
1749,7,capon,0.1372652687860087
1749,8,mro,0.13459242600362836
1749,9,anno pro,0.13157823229114526
1749,10,ye,0.1217452649311277
1749,11,pro capon,0.11753236355795008
1749,12,ann,0.10615087582759425
1749,13,24,0.10227322154082721
1749,14,pro biennio,0.09239938425880903
1749,15,biennio,0.09030299134317296
1750,1,pro,0.5707769630260862
1750,2,rect,0.21851378116712328
1750,3,pd,0.21797304585780553
1750,4,al,0.20581953006343065
1750,5,pro bien,0.17969329580600443
1750,6,bien,0.176785148200342
1750,7,1749,0.1671089072747601
1750,8,ye,0.15045105299252248
1750,9,1748,0.13368712581980807
1750,10,magro,0.12269343880482882
1750,11,mr,0.10501689788856555
1750,12,decr,0.09570912310386072
1750,13,red rect,0.09202007910362162
1750,14,test,0.08589351730321636
1750,15,octr,0.0823670806597216
1751,1,pro,0.49633218540619634
1751,2,1751,0.35088111158034724
1751,3,ad mich,0.32473017241551594
1751,4,ad,0.21493650774946318
1751,5,mich,0.20926480655821486
1751,6,rect,0.192194944150835
1751,7,mr,0.15157852591006726
1751,8,augm rect,0.14472026316009615
1751,9,1750,0.11239779771595541
1751,10,upton,0.0961624361633359
1751,11,fest,0.09603974271475728
1751,12,allowed,0.0933108803445429
1751,13,mr upton,0.08946774351075568
1751,14,stipend pro,0.08916479814870545
1751,15,past,0.08633555243581344
1752,1,pro,0.3958047015813118
1752,2,ad mich,0.35434694054686217
1752,3,prov,0.26238434157354545
1752,4,1752,0.26238434157354545
1752,5,mich,0.2563937054426203
1752,6,ad,0.24367753588560712
1752,7,1750,0.21804258360701076
1752,8,1751,0.19448023172437298
1752,9,rect,0.17208117964987085
1752,10,mr,0.15752679043474838
1752,11,ad test,0.12279413098587696
1752,12,ye,0.12186646972868967
1752,13,ditto,0.11992326621398235
1752,14,test,0.11595731101156802
1752,15,pro pro,0.10778113674358342
1753,1,pro,0.5194730134355992
1753,2,ad mich,0.26021318681348105
1753,3,anno,0.2558623552524893
1753,4,pro anno,0.25190468818388145
1753,5,ad,0.2505210043515822
1753,6,received,0.16949569263653444
1753,7,paid,0.15594099744716472
1753,8,ad mic,0.15236058540974035
1753,9,received mr,0.15011123910932014
1753,10,mich,0.1412112301629663
1753,11,1752,0.14049644487607593
1753,12,1753,0.11596742179284752
1753,13,mr,0.11387165011343989
1753,14,mic,0.11195160019752726
1753,15,pro ann,0.1064885187566388
1754,1,pro,0.5115406592175648
1754,2,1754,0.31534728557148134
1754,3,ad mich,0.27953425177986246
1754,4,pd,0.2708280693906067
1754,5,ad,0.20931743465547534
1754,6,mich,0.2022617226533973
1754,7,1753,0.16610414395813344
1754,8,pd mr,0.14100255176405804
1754,9,ditto,0.12876664209211522
1754,10,mr,0.12323284721909462
1754,11,place,0.11866414082362871
1754,12,fest annum,0.11409722931995783
1754,13,1751,0.0894949645113419
1754,14,pro bien,0.08930643363551032
1754,15,bien,0.0878611026342483
1755,1,pro,0.5550321171369191
1755,2,1754,0.26069202201735947
1755,3,ditto,0.20909645613859845
1755,4,ye,0.19831895758905238
1755,5,1755,0.1955190165130196
1755,6,tren,0.18807725696806027
1755,7,pro tren,0.18807725696806027
1755,8,mr,0.1565570048248343
1755,9,rect,0.1414465953311276
1755,10,dim,0.12901328673047888
1755,11,pro dim,0.1269166163073076
1755,12,ad,0.11046687443345107
1755,13,mich,0.10537473293994198
1755,14,fest annum,0.10375437702120785
1755,15,1752,0.09149790145207219
1756,1,pro,0.5157153375749375
1756,2,pro brien,0.36031187897859795
1756,3,brien,0.324811195374673
1756,4,pd,0.1560218826500435
1756,5,1755,0.1387290902006478
1756,6,share,0.13625464741464274
1756,7,1756,0.13396777461246767
1756,8,time,0.12692685740021795
1756,9,po,0.12620532227525216
1756,10,ye,0.12061351537875178
1756,11,ditto,0.11127214749347335
1756,12,octo,0.10404681765048586
1756,13,stipend pro,0.10317499188535896
1756,14,dim,0.10298298977513103
1756,15,com price,0.09738250158548582
1757,1,pro,0.5252374751309286
1757,2,pd,0.2767554687496309
1757,3,1757,0.23585420128644013
1757,4,pro bien,0.2185461095637291
1757,5,bien,0.21500916989993243
1757,6,pro tren,0.18688014901458408
1757,7,tren,0.18688014901458408
1757,8,dim,0.16024014969781522
1757,9,bien dim,0.14004710527467001
1757,10,rect,0.12776935509092274
1757,11,1756,0.1250712353882484
1757,12,ditto,0.12465933684338673
1757,13,mr,0.11462354299904245
1757,14,octo,0.09713727095494354
1757,15,pd mr,0.08847543335257979
1758,1,pro,0.5096449743064209
1758,2,paid,0.27616784743214484
1758,3,frien,0.2397787964773164
1758,4,pro anno,0.20084934358701442
1758,5,anno,0.1947319324880965
1758,6,ye,0.16389147804579027
1758,7,1758,0.16346607017374903
1758,8,mic,0.1464447467094582
1758,9,dim,0.13993485186813565
1758,10,1757,0.13077285613899922
1758,11,quadr,0.12745488636259886
1758,12,pro quadr,0.12567146431605386
1758,13,paid mr,0.11215659780318654
1758,14,rect,0.11157868868478267
1758,15,pro ann,0.11143875838677512
1759,1,pro,0.5431433139044824
1759,2,pd,0.2982404414235647
1759,3,pro anno,0.26488801944347085
1759,4,anno,0.25682013691433603
1759,5,1759,0.17522685457649997
1759,6,ad sept,0.16071803478821936
1759,7,sim,0.15332349775443746
1759,8,pro bien,0.14602854108144966
1759,9,bien,0.14366522223752975
1759,10,ditto,0.14179999977326788
1759,11,ye,0.13973109124074065
1759,12,sept,0.13421550351192804
1759,13,mr,0.1269976791663627
1759,14,1758,0.1254315561413666
1759,15,siner,0.11595064127529281
1760,1,pro,0.5431433139044824
1760,2,pd,0.2982404414235647
1760,3,pro anno,0.26488801944347085
1760,4,anno,0.25682013691433603
1760,5,1759,0.17522685457649997
1760,6,ad sept,0.16071803478821936
1760,7,sim,0.15332349775443746
1760,8,pro bien,0.14602854108144966
1760,9,bien,0.14366522223752975
1760,10,ditto,0.14179999977326788
1760,11,ye,0.13973109124074065
1760,12,sept,0.13421550351192804
1760,13,mr,0.1269976791663627
1760,14,1758,0.1254315561413666
1760,15,siner,0.11595064127529281
1761,1,1760,0.39694804888898166
1761,2,pro,0.3649278671154225
1761,3,prien,0.33871771423560615
1761,4,ditto,0.3200864027730394
1761,5,pro prien,0.3048459428120455
1761,6,1761,0.23474663348629599
1761,7,1759,0.1599614904078318
1761,8,argument,0.12213786119660974
1761,9,year,0.10657505834981258
1761,10,share,0.10086981311846639
1761,11,ad,0.09182090989147537
1761,12,stipend pro,0.08729236950243772
1761,13,pro ditto,0.07615003888976073
1761,14,fest,0.07521835416702381
1761,15,stipend,0.07327763508011394
1762,1,pro,0.5545820864026191
1762,2,ditto,0.22693785779844391
1762,3,1761,0.21220190712803086
1762,4,pro trin,0.19304538102125612
1762,5,trin,0.1835645321402721
1762,6,pro prien,0.16330013654042083
1762,7,prien,0.16330013654042083
1762,8,mr,0.16097249922965634
1762,9,1762,0.14721055743402792
1762,10,pd,0.14319191888662924
1762,11,ad mich,0.13411031594428266
1762,12,ad,0.12911509772313004
1762,13,annu,0.12064720308506446
1762,14,mich,0.11436595627246122
1762,15,powell,0.10866505247211515
1763,1,pro,0.5120260056499527
1763,2,1762,0.3091383981907048
1763,3,ditto,0.2382818429312748
1763,4,bien,0.22762096739123042
1763,5,pro bien,0.21208492561736564
1763,6,newing,0.15701999214730847
1763,7,1763,0.14344150331929575
1763,8,years,0.12266302043494047
1763,9,copons,0.11409691276929303
1763,10,dim,0.11026558373752147
1763,11,mich,0.10916617155810704
1763,12,kidling,0.1075811274894718
1763,13,rect,0.10257514304420655
1763,14,ad mich,0.10058150956046284
1763,15,augment,0.09953929769250643
1764,1,pro,0.5117844337861048
1764,2,ye,0.22760992576490818
1764,3,mr,0.20368570390068508
1764,4,1764,0.19446982013762137
1764,5,ditto,0.18090741240284108
1764,6,pd,0.16306842620820527
1764,7,1763,0.1555758561100971
1764,8,account,0.13729031865920754
1764,9,merton,0.12839844667290895
1764,10,rect,0.12714563339012483
1764,11,1762,0.12573366975935407
1764,12,mr jackson,0.12374887653045118
1764,13,inclosure,0.11308962993623455
1764,14,weston,0.11005441215808726
1764,15,augment,0.10795976824530629
1765,1,pd,0.4819072518408225
1765,2,1764,0.3134760456119311
1765,3,pro brien,0.2997713099910528
1765,4,pro,0.2983941351931401
1765,5,brien,0.2702355465305353
1765,6,ditto,0.20829578088553466
1765,7,1765,0.17718744142672452
1765,8,mich,0.13359974784379136
1765,9,yr,0.13051826185696966
1765,10,pd mr,0.10644146809324485
1765,11,recd,0.08410151182153255
1765,12,fest,0.08321200669599274
1765,13,mr,0.08208290232551765
1765,14,dim,0.080324541961396
1765,15,chapple,0.0748039755659116
1766,1,paid,0.48380689766370494
1766,2,1765,0.36718690389594993
1766,3,1766,0.22003061233656798
1766,4,recd mr,0.14124863049756367
1766,5,recd,0.139427370202139
1766,6,october,0.1365337308701837
1766,7,ad,0.12630171785229247
1766,8,waste,0.12619270018198742
1766,9,account,0.12038589730583395
1766,10,mr,0.11226668158030106
1766,11,minchin,0.11015044706313783
1766,12,southnewington,0.10837742647864589
1766,13,augment,0.10819061554121921
1766,14,dns,0.10731560134964707
1766,15,sue,0.10731560134964707
1767,1,pro,0.5677266756658542
1767,2,1768,0.2745732962502592
1767,3,1767,0.2157464049971276
1767,4,1766,0.1798015507397871
1767,5,pd,0.1681601191736841
1767,6,dim,0.15778685462599548
1767,7,mich,0.1486722801180502
1767,8,ad,0.13761263786455452
1767,9,pro bien,0.1369974388701471
1767,10,bien,0.13478027894748515
1767,11,pro dim,0.12234291082737328
1767,12,dim ad,0.12146878270413737
1767,13,ditto,0.11287428790581754
1767,14,mich 1768,0.1029649860938472
1767,15,1769,0.098948367098002
1768,1,pro,0.5069409017857419
1768,2,1768,0.3399792097117334
1768,3,1767,0.26235666238383865
1768,4,mich,0.17121172202513946
1768,5,dim,0.16871804366173482
1768,6,dim ad,0.13950495233993243
1768,7,pro dim,0.13436161123635743
1768,8,mich 1768,0.13303534293067826
1768,9,ad,0.12594283576196358
1768,10,pro bien,0.11062924126036798
1768,11,bien,0.10883882297211461
1768,12,2do,0.10811576238758004
1768,13,1769,0.09943553860274583
1768,14,mich 1767,0.09838374839393949
1768,15,pro trien,0.0949011880030105
1769,1,1769,0.3024464472051475
1769,2,curtis,0.2587594042161924
1769,3,1770,0.2564720656687212
1769,4,paid,0.24168641115936484
1769,5,pro,0.2271359082453584
1769,6,robt curtis,0.20163096480343165
1769,7,mr,0.18694325838773362
1769,8,rec mr,0.16962357650355564
1769,9,cha curtis,0.15726356167544553
1769,10,cha,0.15285727538520427
1769,11,robt,0.1453916370030477
1769,12,mich,0.13830569446535598
1769,13,rec,0.13798282681725055
1769,14,mich 1769,0.13442064320228778
1769,15,newbery,0.12692650444013462
1770,1,1770,0.44257537255462637
1770,2,pro,0.3442051889241898
1770,3,1771,0.21120399542843749
1770,4,1769,0.20296502010081435
1770,5,mich 1770,0.20117062388846652
1770,6,mr,0.1959561737370097
1770,7,curtis,0.1657545524971158
1770,8,mich,0.162725574637405
1770,9,rec mr,0.14635359482400118
1770,10,paid,0.13270117427434294
1770,11,dim,0.11870761023419472
1770,12,rec,0.11785095260291308
1770,13,newbery,0.11150512669667449
1770,14,robt curtis,0.11070819278226238
1770,15,mich 1769,0.11070819278226238
1771,1,pro,0.45292609059206224
1771,2,1771,0.2999200466747544
1771,3,1770,0.29459942150156887
1771,4,mr,0.27329833043137586
1771,5,dim,0.16938107254438936
1771,6,mich 1770,0.15711969146750338
1771,7,1772,0.14411014852842705
1771,8,rect,0.12794966213278272
1771,9,pro dim,0.12027310311708005
1771,10,capons included,0.1124700175030329
1771,11,mich,0.11120643580243529
1771,12,day 1771,0.10396881817381226
1771,13,pro anno,0.09356677936443518
1771,14,surveying,0.09092531556728325
1771,15,anno,0.09071694951509826
1772,1,mr,0.3890007504445355
1772,2,pro,0.3039410462367155
1772,3,1772,0.21695385538848055
1772,4,surveying,0.1422187591790186
1772,5,capons included,0.12314218943349481
1772,6,1771,0.12314218943349481
1772,7,dno shiers,0.11942966552935115
1772,8,serving merton,0.11833846657553485
1772,9,serving,0.11427697676995405
1772,10,collis,0.10765546209611625
1772,11,festum,0.10669504279480149
1772,12,recd,0.10219671377639172
1772,13,ad festum,0.09684801547570437
1772,14,anno,0.09168460958637899
1772,15,allowed mr,0.09113871877882924
1773,1,pro,0.4447848459121831
1773,2,mr,0.2631824551503746
1773,3,anno,0.2601264974734486
1773,4,pro anno,0.25488333536056684
1773,5,pro biennio,0.149542039359771
1773,6,biennio,0.14614917181613574
1773,7,rect,0.1192390918506477
1773,8,serving,0.11347885370396643
1773,9,1773,0.10981746069206057
1773,10,college chest,0.10896421229497004
1773,11,olim,0.10090464075777553
1773,12,shiers,0.09696663843217924
1773,13,includ,0.09689081825761339
1773,14,chest,0.08718903482819142
1773,15,dno shiers,0.08713142854106323
1774,1,pro,0.5705659601127494
1774,2,anno,0.2669503264704452
1774,3,pro anno,0.26386409225233437
1774,4,dim,0.149202020892393
1774,5,mr,0.14883796318624237
1774,6,rect,0.1472936822859099
1774,7,biennio,0.13192954707439142
1774,8,pro biennio,0.127887446479194
1774,9,pro dim,0.12780604215345273
1774,10,rect pro,0.11873559425565192
1774,11,olim,0.11218094904655246
1774,12,pro bien,0.11180856031486361
1774,13,bien,0.1099990559840884
1774,14,stipendium,0.08593968676988328
1774,15,shiers,0.08292528198661628
1775,1,pro,0.5849167676361525
1775,2,anno,0.17210939589531718
1775,3,dim,0.1625144032486784
1775,4,pro anno,0.16207994547665122
1775,5,trien,0.15472095361867413
1775,6,mr,0.14653407981236294
1775,7,pro dim,0.13972119162910718
1775,8,dimid,0.13146678533212117
1775,9,pro bien,0.11032247764566906
1775,10,bien,0.10853702400491456
1775,11,rect,0.10671521224391249
1775,12,pro trien,0.1055878921609163
1775,13,shiers,0.0892615593114077
1775,14,annunc,0.08841197349638522
1775,15,brewer gardiner,0.07836390026644885
1776,1,pro,0.6724517075370433
1776,2,dimid,0.25567136143454666
1776,3,pro bien,0.21817952045922234
1776,4,bien,0.2146485136557572
1776,5,pro dimid,0.16714950757380853
1776,6,trien,0.13645244747242383
1776,7,dimid anni,0.11525541418646013
1776,8,et,0.10976338237840841
1776,9,pro trien,0.10346746457511516
1776,10,anno,0.10119184572244802
1776,11,et dimid,0.10086596556682607
1776,12,pro anno,0.09075716474539103
1776,13,mr,0.08328299251942078
1776,14,rect,0.0806699409632065
1776,15,summa totalis,0.07989449841855317
1777,1,pro,0.6727067760557341
1777,2,pro bien,0.25995080522218106
1777,3,bien,0.2557437739670303
1777,4,dimid,0.23828672672475262
1777,5,pro dimid,0.1701260261538646
1777,6,et,0.1270792207406744
1777,7,et dimid,0.12511948129182593
1777,8,dimid anni,0.11547489273701939
1777,9,trien,0.11284189107004333
1777,10,pro trien,0.11057546194348014
1777,11,pro et,0.08626426778149411
1777,12,rect,0.08381702424945502
1777,13,summa totalis,0.08301133025993157
1777,14,totalis,0.08157781206036475
1777,15,closes,0.07115256879422706
1778,1,pro,0.6083481254415394
1778,2,anno,0.21791788658975564
1778,3,dim,0.2128891368685841
1778,4,pro anno,0.21154228086212148
1778,5,pro dim,0.16570234358458852
1778,6,pro trien,0.16077881022869622
1778,7,trien,0.1514531455267479
1778,8,quadr,0.10739232456186071
1778,9,rect,0.10446131691851428
1778,10,et dim,0.10345717896524521
1778,11,anno gardiner,0.10330126465105816
1778,12,mr,0.10040742870809131
1778,13,pro quadr,0.09927152757602865
1778,14,mr hinton,0.09291307422818681
1778,15,gardiner,0.09041937595648213
1779,1,pro,0.5686926268850989
1779,2,1779,0.1849210628586453
1779,3,jua shiers,0.16009441020372903
1779,4,jua,0.16009441020372903
1779,5,1780,0.156252595111992
1779,6,anno,0.15222494375297382
1779,7,mic,0.15084174320138868
1779,8,dim,0.14871214746335934
1779,9,pro anno,0.14777131106376126
1779,10,mr,0.13443284181226642
1779,11,pro dim,0.11575015858788029
1779,12,pro trien,0.11231086041967832
1779,13,trien,0.10579648563875148
1779,14,rect,0.10033469587583718
1779,15,et,0.08935866918250145
1780,1,pro,0.5099068851975779
1780,2,decma,0.32333258492842176
1780,3,pro decma,0.32333258492842176
1780,4,1780,0.1803277218559187
1780,5,mr,0.13693322555886375
1780,6,1779,0.13071569341489406
1780,7,mic,0.1305623815053408
1780,8,jua,0.12933303397136872
1780,9,jua shiers,0.12933303397136872
1780,10,shiers,0.10786186768401584
1780,11,pro bien,0.10664916524593292
1780,12,bien,0.10492316031533885
1780,13,dim,0.1016550773186998
1780,14,ad,0.0973891660549183
1780,15,pro et,0.09290231615808918
1781,1,pro,0.559286520190528
1781,2,decma,0.3087850992383048
1781,3,pro decma,0.3087850992383048
1781,4,mr,0.153319225965549
1781,5,pro bien,0.1296282540384379
1781,6,bien,0.12753035664656703
1781,7,dimid,0.11203513752120363
1781,8,rect,0.10555768817448306
1781,9,1781,0.10332861471606533
1781,10,rect pro,0.09832806905605072
1781,11,dim,0.09708137874467919
1781,12,ad,0.09300740075937908
1781,13,pro dimid,0.08748693943902527
1781,14,shiers,0.08240712893001101
1781,15,curtis,0.08010202775176549
1782,1,pro,0.5416898501503686
1782,2,pro ann,0.40186926338102513
1782,3,ann,0.30635608578832135
1782,4,dimid,0.2695172537087312
1782,5,pro dimid,0.19502353426752597
1782,6,dimid ann,0.18231758328489636
1782,7,pro bien,0.18060238766499218
1782,8,bien,0.1776795273606662
1782,9,mr,0.1372126497229921
1782,10,ann dimid,0.11582953561950088
1782,11,rect,0.10980963546657083
1782,12,rect pro,0.10228880156345475
1782,13,coti,0.08030580190620304
1782,14,ann jesus,0.05791476780975044
1782,15,coll pro,0.05419852070520313
1783,1,pro,0.5579756191142193
1783,2,pro ann,0.4393479415614838
1783,3,ann,0.3446274509333432
1783,4,dimid,0.21097893736595288
1783,5,dimid ann,0.19430758461693162
1783,6,pro bien,0.19021512446711214
1783,7,bien,0.18713669209545025
1783,8,pro dimid,0.1540528879116709
1783,9,mr,0.1235178852538286
1783,10,ann dimid,0.11437000753954073
1783,11,trien,0.09082740778706852
1783,12,pro trien,0.08900313950738269
1783,13,rect pro,0.07855547436265206
1783,14,rect,0.07710290636432818
1783,15,coti,0.0704834632518567
1784,1,pro,0.6185773064842679
1784,2,pro ann,0.1948492536269977
1784,3,mr,0.18960638880677994
1784,4,ann,0.16694945682845455
1784,5,anno,0.14896276089413732
1784,6,1784,0.14673756305198835
1784,7,pro anno,0.14596023746135967
1784,8,pro bien,0.13975595762006368
1784,9,bien,0.13749415396341177
1784,10,pro trien,0.12845034321274418
1784,11,trien,0.12099982886978859
1784,12,ad,0.11531505398722415
1784,13,rect,0.10621780087569878
1784,14,rect pro,0.0971761320424522
1784,15,ad festum,0.09441114165701167
1785,1,pro,0.45535459898510333
1785,2,pro anno,0.31155154880512503
1785,3,anno,0.3020624020222287
1785,4,1785,0.24095666746039518
1785,5,mr,0.20505513690521526
1785,6,1786,0.18703156047075395
1785,7,1784,0.17002869133704904
1785,8,rect,0.13538510954086996
1785,9,rect pro,0.1289788138092236
1785,10,ad,0.12606624420952628
1785,11,poor rates,0.11598835075117099
1785,12,1785 mr,0.10801048965720988
1785,13,dim,0.0926134590691864
1785,14,bien,0.08762495995068435
1785,15,months poor,0.08512312184547136
1786,1,pro,0.3966359439316624
1786,2,1786,0.3894471228585322
1786,3,anno,0.31134039561091165
1786,4,pro anno,0.31092668849673943
1786,5,1785,0.20942867399684353
1786,6,mr,0.18064402150900521
1786,7,1787,0.14602527582583394
1786,8,ad,0.1397187421653676
1786,9,rect,0.11074883256039339
1786,10,anno ad,0.10431503473559073
1786,11,rect pro,0.09964672988051318
1786,12,1785 mr,0.08835562252288424
1786,13,tricn,0.08835562252288424
1786,14,pro tricn,0.08835562252288424
1786,15,poor rates,0.0875831423856378
1787,1,pro,0.488780306322663
1787,2,anno,0.31645390653529515
1787,3,pro anno,0.3156936750806744
1787,4,1786,0.24821332514924935
1787,5,1787,0.23690268027116107
1787,6,olim,0.1448904195329454
1787,7,mr,0.14222323707295792
1787,8,ad,0.12920901141099156
1787,9,rect,0.12682749672050916
1787,10,brickland,0.11148361424525227
1787,11,87,0.10681867494489623
1787,12,gardiner olim,0.09754816246459574
1787,13,michaels parish,0.09374285138527436
1787,14,tricn,0.09275127619376736
1787,15,pro tricn,0.09275127619376736
1788,1,pro,0.5820118639460945
1788,2,pro anno,0.22349921135367296
1788,3,anno,0.21669193714646587
1788,4,pro annus,0.21166569885160122
1788,5,annus,0.1964275303365787
1788,6,1788,0.1411104659010675
1788,7,mr,0.13287128909929
1788,8,brickland,0.12347165766343406
1788,9,1787,0.12347165766343406
1788,10,olim,0.12226343601142423
1788,11,ad,0.11492449748652947
1788,12,rect,0.10702133087723736
1788,13,pro annis,0.10599258470292838
1788,14,annis,0.10474724557992499
1788,15,stip,0.09927598205537078
1789,1,pro,0.4450628903268514
1789,2,1790,0.3327417680719409
1789,3,pro annus,0.21868344084059274
1789,4,mr,0.21698561755080145
1789,5,annus,0.20294005331463272
1789,6,1789,0.20045982077054336
1789,7,rect,0.13821200722738639
1789,8,ad,0.11416807750102571
1789,9,anno,0.10176196511484835
1789,10,wm,0.0984000663217853
1789,11,pro anno,0.097961517620701
1789,12,stip,0.09324314652125226
1789,13,1788,0.09111810035024698
1789,14,coll,0.08204511030328696
1789,15,parish,0.0729394634459126
1790,1,pro,0.4751108350234233
1790,2,1790,0.43544640679846786
1790,3,1791,0.22042258132080822
1790,4,mr,0.15729605138264585
1790,5,rect,0.15341885883964998
1790,6,pro trien,0.15112351139972385
1790,7,1789,0.14564652354275606
1790,8,trien,0.1423578836786938
1790,9,ad,0.1297709901904753
1790,10,months,0.11141094845089163
1790,11,stip,0.09108200170430154
1790,12,coll,0.08014350818556257
1790,13,mich,0.07314804286248869
1790,14,anno,0.07229336379385379
1790,15,parish,0.07196859356856189
1791,1,pro,0.5481353971219467
1791,2,1791,0.35273413903288936
1791,3,1790,0.21568511959385256
1791,4,pro trien,0.1702938285281795
1791,5,trien,0.1604162635467872
1791,6,ad,0.15748136670788657
1791,7,stip,0.14928863164198933
1791,8,angm,0.12496955950862616
1791,9,rect,0.11064342101950843
1791,10,months,0.10301017289151128
1791,11,months parish,0.08977617717586057
1791,12,semestri ad,0.08627404783754103
1791,13,gwin,0.08627404783754103
1791,14,sol,0.08400418349546855
1791,15,coll,0.08083680773291
1792,1,1792,0.3957205090916007
1792,2,pro,0.28784171665551583
1792,3,1793,0.26381367272773376
1792,4,92,0.2374323054549604
1792,5,93,0.19357587686448208
1792,6,rec,0.18766648525037177
1792,7,pro rec,0.18466957090941363
1792,8,ad,0.16405352121983993
1792,9,rect,0.1432235937509398
1792,10,stip,0.14171542869395795
1792,11,angm,0.14019912516915628
1792,12,mr,0.12848774062533053
1792,13,offic,0.09630302624427343
1792,14,deb,0.09599579175825819
1792,15,div ad,0.09058856177125572
1793,1,1793,0.3307926407982831
1793,2,1792,0.26463411263862646
1793,3,pro,0.24061406825479648
1793,4,1794,0.22052842719885538
1793,5,92,0.1764227417590843
1793,6,93,0.16181490226482786
1793,7,half,0.1605613799569095
1793,8,pro rec,0.15436989903919876
1793,9,mr,0.15343729459542602
1793,10,ad,0.13713642904468776
1793,11,stip,0.12923286600474826
1793,12,rec,0.12919125426491904
1793,13,years,0.12147795199492742
1793,14,rect,0.11972417328141824
1793,15,year,0.11544346852414882
1794,1,1794,0.4525517598407566
1794,2,1795,0.3970334074900516
1794,3,years,0.22761066004730013
1794,4,year,0.21536759561125682
1794,5,half,0.16587693951767102
1794,6,mr,0.14602778508124548
1794,7,stip,0.13452270989687873
1794,8,pro,0.13173705356138055
1794,9,rectory,0.10660641679488686
1794,10,angm,0.10456550173628627
1794,11,1793,0.0983808173566862
1794,12,ut supra,0.0867803510613174
1794,13,rect,0.08545700651396544
1794,14,half year,0.08503218396368181
1794,15,anni parte,0.08463554813927951
1795,1,1795,0.4280802424079469
1795,2,year,0.3516783977743602
1795,3,1794,0.252809474750385
1795,4,years,0.24638298438841053
1795,5,mr,0.23453001711391805
1795,6,alin,0.123536051669349
1795,7,rectory,0.11853468248316283
1795,8,money,0.10827414565112312
1795,9,angm,0.10334702935774488
1795,10,rectory year,0.10183472424758257
1795,11,half,0.09687601311873428
1795,12,ad,0.09302397601264495
1795,13,plate money,0.08951239515249458
1795,14,years divd,0.08918338383498894
1795,15,stip,0.08547117081318902
1796,1,year,0.4065933222095687
1796,2,years,0.23845330969413855
1796,3,1796,0.22783312779956272
1796,4,mr,0.21664358149580878
1796,5,1797,0.19570605541842503
1796,6,alin,0.14473067751243884
1796,7,2do,0.12370343969854447
1796,8,rectory,0.11572603484762413
1796,9,half,0.10476616083816656
1796,10,ad,0.10353456943714069
1796,11,money,0.10148027394698174
1796,12,late,0.09740425603917353
1796,13,ct,0.0963083497625924
1796,14,vice,0.0963083497625924
1796,15,rectory year,0.0927936591503902
1797,1,1797,0.3731487754041478
1797,2,years,0.25574293128627146
1797,3,year,0.22675865334925308
1797,4,1796,0.17104689557726233
1797,5,mr,0.15301218542412492
1797,6,2do,0.13267285037594906
1797,7,ut prius,0.1258590588813067
1797,8,prius,0.1258590588813067
1797,9,half,0.1123624792909314
1797,10,kidlington,0.09882763708150921
1797,11,ut,0.09546282737867817
1797,12,shortrudges benefaction,0.08964810129048778
1797,13,shortrudges,0.08657129237097567
1797,14,ct,0.08607617883776957
1797,15,1798,0.08390603925420446
1798,1,years,0.31717109931491866
1798,2,mr,0.26139410739721247
1798,3,1798,0.2103337365259646
1798,4,1797,0.18708015992283775
1798,5,ut prius,0.1472336155681752
1798,6,prius,0.1472336155681752
1798,7,year,0.13992206673810753
1798,8,ut,0.11965201408839225
1798,9,half,0.11266707533640927
1798,10,tax,0.0972112675490532
1798,11,rectory,0.0912658894212488
1798,12,shortrudges benefaction,0.08989112242449977
1798,13,rectori ut,0.08833128371716695
1798,14,shortrudges,0.08680597278631104
1798,15,year half,0.08224372884604081
1799,1,mr,0.29084253638247526
1799,2,years,0.23549640935288146
1799,3,1799,0.16321357643029
1799,4,1798,0.14680047909519992
1799,5,year,0.1288533921389063
1799,6,tax,0.12014697206681202
1799,7,rectori ut,0.11742857063118489
1799,8,ut,0.11134668350085494
1799,9,half,0.10921519369130821
1799,10,mich,0.1075865995954075
1799,11,rectori,0.10296776360170325
1799,12,shortrudges,0.1009757049584726
1799,13,kidlington,0.09990184248144982
1799,14,ad,0.09543399258794065
1799,15,ut supra,0.09427627039405634
1800,1,years,0.20765217442385014
1800,2,mr,0.2028320986712546
1800,3,1800,0.2014821193585201
1800,4,cents,0.1637413973011866
1800,5,1799,0.14391579954180006
1800,6,rectori ut,0.12425309463387035
1800,7,rectori,0.1210576419754262
1800,8,ut,0.11781775021048589
1800,9,year,0.11481421933905533
1800,10,michl,0.11212670614506676
1800,11,ad,0.10819314774487028
1800,12,half,0.10400614732698552
1800,13,com,0.10314415848615714
1800,14,ut supra,0.09975526640609705
1800,15,poors,0.09972630760221317
1801,1,years,0.32326482037679827
1801,2,mr,0.2286545998733625
1801,3,1801,0.21530271319157995
1801,4,michl,0.1745544905657578
1801,5,pr cent,0.1566930094663168
1801,6,year,0.13405372985253616
1801,7,tent,0.12607107788855698
1801,8,dno rectori,0.11663143417339614
1801,9,padbury,0.10924552807806386
1801,10,half,0.10794181384335537
1801,11,dno,0.10387964953049485
1801,12,ut supra,0.10353007656795915
1801,13,mr heyes,0.1009712990563901
1801,14,supra,0.09948961143937815
1801,15,rectori ut,0.09671619001709338
1802,1,years,0.5676882986023197
1802,2,mr,0.16296364761254922
1802,3,michl,0.15239752324789588
1802,4,rectory half,0.111501079524863
1802,5,year,0.11146447788830073
1802,6,half,0.10770318381085879
1802,7,ut supra,0.10330119968831325
1802,8,supra,0.09926966693070699
1802,9,1803,0.09919204597160727
1802,10,rectori ut,0.09650237678990213
1802,11,tent,0.09434427673298863
1802,12,gardiner,0.09392179210839659
1802,13,augm com,0.09160905298990464
1802,14,ut,0.09150430383125119
1802,15,half year,0.08997353287813707
1803,1,1803,0.3174569113936978
1803,2,stock,0.17997108270435636
1803,3,years,0.1754907113425888
1803,4,cents,0.1744297028768745
1803,5,consols,0.1417442228396701
1803,6,power,0.1394588505555868
1803,7,mr,0.13038831827135403
1803,8,year,0.12485687725133632
1803,9,ap,0.11293260861042058
1803,10,tax,0.11152887792156323
1803,11,dno,0.11057475591196272
1803,12,kiddlington,0.10747896048683311
1803,13,heyes,0.10221769232165873
1803,14,rectory,0.10153487905121913
1803,15,feb,0.09614232908059687
1804,1,tax,0.2290531345036935
1804,2,years,0.2250556153925482
1804,3,ap,0.21409482021677723
1804,4,property tax,0.1975242143247745
1804,5,prop tax,0.1852728906348449
1804,6,prop,0.18022275439726723
1804,7,property,0.17811519179161303
1804,8,poor rate,0.16536839337169887
1804,9,rate,0.1638070329234882
1804,10,michl,0.14860284699675383
1804,11,poor,0.14267492959580555
1804,12,13,0.14019912494842193
1804,13,ded,0.13339008581312464
1804,14,st michl,0.13219130375503316
1804,15,mr,0.12359345941867156
1805,1,tax ded,0.3645629802780711
1805,2,ded,0.32741910692258874
1805,3,prop tax,0.21926437846196142
1805,4,prop,0.2132877081596499
1805,5,tax,0.20388686798524575
1805,6,years,0.1852841224707787
1805,7,mr,0.1646878321033162
1805,8,hewington,0.1339658047417542
1805,9,rectory,0.10124550308146765
1805,10,half,0.10024985777506644
1805,11,ut prius,0.09624986789319527
1805,12,prius,0.09624986789319527
1805,13,dno rectori,0.09284593196229728
1805,14,rectori,0.09001454404877127
1805,15,years half,0.08895851120212986
1806,1,tax ded,0.39145736435661316
1806,2,ded,0.3477098859039067
1806,3,prop tax,0.2656244532647618
1806,4,prop,0.2583841081045895
1806,5,tax,0.25720203506925926
1806,6,property tax,0.16018776849608637
1806,7,property,0.1444474805576904
1806,8,poor rate,0.12932046225371305
1806,9,years,0.11222979782482058
1806,10,rate,0.1024795647398485
1806,11,ut,0.09045024835254119
1806,12,rectory,0.08780790010116586
1806,13,mr,0.08591276712651959
1806,14,kidlington,0.0799047492542334
1806,15,rectori ut,0.07631259804657259
1807,1,ded,0.3401549052858379
1807,2,rectory,0.20708041775991928
1807,3,kidlington,0.18320763890791775
1807,4,rectori,0.1636528049258576
1807,5,mich mas,0.1581108595019433
1807,6,mr,0.14182774193302777
1807,7,recepta,0.11454001455701933
1807,8,pro 14,0.11339075768374726
1807,9,ut supra,0.1123791724826829
1807,10,augment,0.11136758728161857
1807,11,mas,0.11012852840502477
1807,12,supra,0.1079933539587585
1807,13,1421,0.10540723966796221
1807,14,rectori ut,0.1049828780206139
1807,15,gwinear rectory,0.10309042598464464
1808,1,st michaels,0.28081247640682017
1808,2,michaels,0.27267117754461184
1808,3,ded,0.261751780643228
1808,4,rectory,0.25495992440011017
1808,5,poors,0.22131589606671379
1808,6,rate st,0.19056570962989883
1808,7,st,0.17032561092803528
1808,8,kidlington,0.15789722847549909
1808,9,taylor judge,0.13275164259100133
1808,10,tenement,0.11962787018640211
1808,11,rate,0.11571805823322835
1808,12,rectory vicarage,0.106095501599723
1808,13,recepta,0.1057672923693662
1808,14,wilson,0.10082854372864217
1808,15,watchman,0.10082854372864217
1809,1,mr,0.35004436905698777
1809,2,st michael,0.22222977059357776
1809,3,michael,0.18460604711723935
1809,4,jones mr,0.15727359921120837
1809,5,dividend,0.15678698735943977
1809,6,property,0.13188552447438548
1809,7,property tax,0.12797483077106284
1809,8,rates st,0.12637825525080656
1809,9,plate,0.12506415269812016
1809,10,plate money,0.12383640076226461
1809,11,mr jones,0.12106617627738343
1809,12,dno rectori,0.11763264722592637
1809,13,money,0.11534018235190056
1809,14,st,0.11297505953723927
1809,15,michaelmas,0.1123556347236088
1810,1,dno,0.2839918735364479
1810,2,st,0.18198728754086135
1810,3,rectory,0.16764077235681699
1810,4,dno rectori,0.16398174887114397
1810,5,st newington,0.1565134845587179
1810,6,mr hayes,0.1550136748002371
1810,7,mr,0.1530877872243891
1810,8,kidlington,0.1483147002523419
1810,9,recepta,0.13908782428931538
1810,10,st michael,0.13768523277075126
1810,11,tax,0.13640112792014933
1810,12,property tax,0.13592298238849781
1810,13,rectori,0.132484195815836
1810,14,property,0.12256698835520335
1810,15,hayes,0.11508658551171529
1811,1,mr,0.25730303592514997
1811,2,rectory,0.22541042863998764
1811,3,st michael,0.17356133874047158
1811,4,tax,0.15130952291822886
1811,5,prop tax,0.14464138351009312
1811,6,michael,0.1441772296829279
1811,7,st,0.14117354322200346
1811,8,prop,0.14069877382869428
1811,9,rectory vicarage,0.14069877382869428
1811,10,domus,0.11825663656457268
1811,11,domus wine,0.11534178374634231
1811,12,yrs,0.11286760985490625
1811,13,rectori,0.1113367252005255
1811,14,dno rectori,0.11024524577918499
1811,15,deduct,0.10929128575922441
1812,1,yd,0.23743149538982017
1812,2,mr,0.23624915768843444
1812,3,1813,0.2046804877705407
1812,4,1812,0.1966959916185314
1812,5,rectore,0.18409739142618453
1812,6,st michael,0.1677469931914978
1812,7,rectory,0.1633943448153447
1812,8,sir,0.14340406652973378
1812,9,michael,0.13934725867813047
1812,10,st,0.13644419641802938
1812,11,property tax,0.13247998288533966
1812,12,wt,0.13074386843748084
1812,13,fest,0.126052063376324
1812,14,property,0.11946230309451365
1812,15,michs,0.11147780694250436
1813,1,mr,0.30300763369484623
1813,2,1813,0.2877605509933271
1813,3,rectory,0.17016023076458206
1813,4,acc,0.15821045640268608
1813,5,1814,0.14388027549666355
1813,6,property,0.13996016643571194
1813,7,poor rates,0.1318420470022384
1813,8,rectory vicarage,0.12745463091890244
1813,9,domus,0.12497916517950214
1813,10,property tax,0.12416918123108879
1813,11,kidlington,0.1219404041474554
1813,12,st,0.11509623873412998
1813,13,tax,0.11214538165436598
1813,14,ad,0.10816644144663069
1813,15,domus wine,0.10448452446939387
1814,1,1814,0.23062241692208887
1814,2,mr,0.18213151330331814
1814,3,1813,0.17296681269156666
1814,4,yrs,0.17207754163457772
1814,5,st michael,0.15120627245956542
1814,6,ad test,0.14561417898733128
1814,7,rectory yrs,0.13760522727362007
1814,8,test,0.13750680512955554
1814,9,kidlington,0.13030366452416478
1814,10,michael,0.12560689858759788
1814,11,rectory,0.1227356814293578
1814,12,rectori,0.12124540038406627
1814,13,dno rectori,0.12005678217014763
1814,14,money,0.11771707493321851
1814,15,ad,0.1155850171038538
1815,1,1815,0.33686848646153345
1815,2,gr,0.3188724337842375
1815,3,1814,0.2336953439539043
1815,4,rectory,0.16582809638862636
1815,5,augment,0.15049486280141955
1815,6,kidlington,0.14854488179885283
1815,7,acc,0.12848546091012758
1815,8,dno rectori,0.12165647805490655
1815,9,money,0.1192855954027214
1815,10,mr,0.11357435297005422
1815,11,1816,0.11228949548717782
1815,12,downes,0.1084356121777817
1815,13,ut supra,0.10124123518842341
1815,14,years,0.10115778770487903
1815,15,newington,0.09955625503386907
1816,1,mr,0.33547505642971337
1816,2,year,0.2549549652965173
1816,3,1816,0.2456887808957899
1816,4,rectory,0.1995570152379382
1816,5,1815,0.19655102471663194
1816,6,mas,0.17366312954787497
1816,7,ded,0.16762336198932729
1816,8,property tax,0.1654779297756044
1816,9,tax,0.1594176410480676
1816,10,rectory year,0.15585644481051641
1816,11,property,0.14921782273639986
1816,12,prof,0.12466355028203133
1816,13,kidlington,0.1155610172608984
1816,14,rectory mich,0.11522156410799415
1816,15,plate money,0.11208871130263427
1817,1,1817,0.3149833619925687
1817,2,mr,0.20089327814657112
1817,3,rectory,0.19999163356109056
1817,4,rectori,0.17385569993930483
1817,5,sr,0.1419447405880762
1817,6,ut,0.13459310642987773
1817,7,ut supra,0.1302386456016047
1817,8,supra,0.12515582596704683
1817,9,sun,0.11290645123234463
1817,10,dec,0.10771101992128816
1817,11,house window,0.10635860471816565
1817,12,poor rates,0.1033038340139344
1817,13,rectori ut,0.10138910042005445
1817,14,st,0.10020309244757662
1817,15,rectory vicarage,0.09986610748337388
1818,1,1818,0.43903735080827366
1818,2,1819,0.271620210588917
1818,3,rectory,0.2076912812959939
1818,4,dno rectori,0.15236856935248813
1818,5,whittenham,0.14208403877342224
1818,6,dno,0.14136406221281383
1818,7,ut supra,0.12679951295463882
1818,8,ann dno,0.12464183623397257
1818,9,rent usual,0.12464183623397257
1818,10,mr,0.1244653528495211
1818,11,rent,0.1244653528495211
1818,12,kidlington,0.12402995432275336
1818,13,mich,0.12402995432275336
1818,14,rectori,0.1231016714801366
1818,15,supra,0.12185091224460294
1819,1,1819,0.4392286550348923
1819,2,1818,0.34421999646959617
1819,3,mich 1819,0.28638149364025306
1819,4,whittenham,0.1949476340933917
1819,5,rectory,0.1831915404935665
1819,6,yrs,0.165109949005538
1819,7,mich,0.14586546119767324
1819,8,kidlington,0.13371000609786715
1819,9,yr,0.1163758704163783
1819,10,rectory vicarage,0.11434619630842566
1819,11,1820,0.10993879881316279
1819,12,long whittenham,0.09874045226828464
1819,13,synodals procurations,0.09221174387106942
1819,14,vicarage,0.08947100668815246
1819,15,mich 1820,0.08605499911739904
1820,1,1820,0.5406962527733566
1820,2,1819,0.5184468968957592
1820,3,yrs,0.25985171877197033
1820,4,mich 1820,0.15236351297903805
1820,5,yr,0.14717694352026217
1820,6,mich 1819,0.11267752760375425
1820,7,kidlington,0.10760838184071082
1820,8,rectory,0.0991061195950323
1820,9,recd,0.09483579752916685
1820,10,mich,0.09326059759528271
1820,11,rectory yr,0.08892736365008042
1820,12,whittenham,0.08218140303975438
1820,13,long whittenham,0.07769936454094255
1820,14,michl,0.07419276975418466
1820,15,mr,0.07404763445459137
1821,1,1821,0.5553093799074613
1821,2,1820,0.5135502826869612
1821,3,yr,0.22327224349488384
1821,4,yrs,0.16068080207198832
1821,5,mich 1820,0.12561980392857008
1821,6,mich,0.12065967268997234
1821,7,mr,0.11599570898182084
1821,8,rectory yr,0.1026456588855529
1821,9,whittenham,0.09756929733237792
1821,10,rectory,0.08913867346153108
1821,11,kidlington,0.08517153366350988
1821,12,yr kidlington,0.06963849277088813
1821,13,mr dalby,0.0658928906619324
1821,14,ut supr,0.0658928906619324
1821,15,dalby,0.06265675760662662
1822,1,1821,0.47859466817149793
1822,2,1822,0.4604115877515611
1822,3,yr,0.31693973679661036
1822,4,yrs,0.28728458882627567
1822,5,rectory yr,0.11968847903048375
1822,6,mr,0.10678035075765624
1822,7,kidlington,0.09931302922654753
1822,8,whittenham,0.094807717837065
1822,9,rectory,0.09354496944844976
1822,10,newington,0.08320072312599712
1822,11,mich,0.08276085768878962
1822,12,dno rectori,0.07625266948586065
1822,13,ad,0.07341247989011362
1822,14,dalby,0.07306000176081814
1822,15,dno,0.06791565788498793
1823,1,1822,0.5019453711452444
1823,2,1823,0.232502155375007
1823,3,mr,0.21827441013357216
1823,4,yrs,0.2170275656414992
1823,5,yr,0.20824407381827673
1823,6,dalby,0.17423602240305483
1823,7,mr dalby,0.15705862879587718
1823,8,mich,0.11842257574726756
1823,9,rectory,0.11685629097847083
1823,10,whittenham,0.11628037484515415
1823,11,carried,0.09340243780487434
1823,12,kidlington,0.08458755410519112
1823,13,419,0.08335938058768867
1823,14,expences,0.0810595965215168
1823,15,ut supr,0.07852931439793859
1824,1,1824,0.6400877019356556
1824,2,1823,0.4782062188352596
1824,3,yrs,0.19299299819157742
1824,4,vid,0.11764258026744186
1824,5,mr,0.10999099832721246
1824,6,yr,0.09993961515813043
1824,7,rectory,0.0994166318369934
1824,8,mich,0.09742776290652909
1824,9,1822,0.09033431234597149
1824,10,kidlington,0.08524929254321295
1824,11,rectory whittenham,0.08001096274195695
1824,12,ad fest,0.07192181977064513
1824,13,fest,0.07079618853002341
1824,14,ad,0.0702184134075566
1824,15,id,0.069755982123463
1825,1,1825,0.6467693118315426
1825,2,1824,0.33611609067273557
1825,3,mr,0.1823087906854206
1825,4,yrs,0.17648752149894345
1825,5,mich 1825,0.13552971313827855
1825,6,rectory,0.1285036584440181
1825,7,yr,0.11995253649936408
1825,8,ad,0.11669491400048336
1825,9,dalby,0.10753205766259777
1825,10,whittenham,0.10046955228083605
1825,11,mich,0.09501186946667142
1825,12,june,0.07415270972748332
1825,13,ad fest,0.07193681152270893
1825,14,fest,0.07081094564975272
1825,15,dno,0.06997231295796237
1826,1,1826,0.49385131725570447
1826,2,1825,0.30498948175814866
1826,3,yr,0.29996390698526865
1826,4,mich 1826,0.27681031969917713
1826,5,rectory yr,0.17800791031569246
1826,6,yrs,0.17732422110871632
1826,7,whittenham,0.1435674490914999
1826,8,mich,0.14099048242941545
1826,9,ut supr,0.12119686320703196
1826,10,rectory,0.11804605631840387
1826,11,mich 1825,0.1162003099425187
1826,12,supr,0.11524464026941793
1826,13,mr,0.10779841501735485
1826,14,dno,0.10712996678045308
1826,15,dno rectori,0.10103582606430579
1827,1,1827,0.47237885649819356
1827,2,1826,0.44088693273164725
1827,3,yf,0.3149192376654623
1827,4,yrs,0.19222946499472446
1827,5,mr,0.16068190422712286
1827,6,ad fest,0.13372291769968866
1827,7,fest,0.1316300522211751
1827,8,ad,0.12051305128106753
1827,9,eidem ad,0.11386689291084838
1827,10,rectory,0.10664049026947657
1827,11,comm pro,0.10510739267386579
1827,12,wt,0.10239710740778238
1827,13,mich 1826,0.10002600383277228
1827,14,supr,0.09994535615714932
1827,15,kidlington,0.09340322527422829
1828,1,1827,0.5573407273519324
1828,2,yrs,0.27455194316693804
1828,3,mr,0.2381114726531438
1828,4,1828,0.23383334469589154
1828,5,1820,0.19075927878978335
1828,6,acct,0.15773891075187677
1828,7,ad,0.13330170013252335
1828,8,ad fest,0.13234354701423384
1828,9,fest,0.1302722697371993
1828,10,rectory,0.11919865821550449
1828,11,kidlington,0.11072997735532535
1828,12,mich,0.1028206932585164
1828,13,dno,0.0973583855644625
1828,14,newington,0.07951321127410105
1828,15,ut supr,0.07342813775281022
1829,1,1829,0.5473620891085375
1829,2,years,0.3404166884274189
1829,3,mr,0.17517544705036692
1829,4,whittenham,0.14846435569496474
1829,5,rectory,0.13951138291381465
1829,6,ad fest,0.1184501126701032
1829,7,fest,0.11659627821900316
1829,8,ad,0.11496043545301189
1829,9,mich,0.0925711059774775
1829,10,vicarage,0.09085007484606836
1829,11,forward,0.0870815100683278
1829,12,ut supr,0.08594107682118324
1829,13,dno rectori,0.08529145474282973
1829,14,kidlington,0.08331399537972975
1829,15,carried,0.08177436560312268
1830,1,1830,0.48448547044480855
1830,2,1829,0.46785746387935584
1830,3,xmas 1829,0.23109729731851827
1830,4,bt,0.17925105887453324
1830,5,yr,0.17044667641270303
1830,6,mr,0.12250728260562159
1830,7,rectory,0.11179432755380818
1830,8,ad,0.11054516964857479
1830,9,year,0.1099782913080757
1830,10,ut super,0.09452854274545432
1830,11,eid,0.08772327447737921
1830,12,eid ad,0.08772327447737921
1830,13,qr,0.0837369853882644
1830,14,ridlington,0.08264035256600967
1830,15,whittenham,0.08157846317123033
1831,1,1830,0.5473248765851347
1831,2,1831,0.5017144702030402
1831,3,years,0.23283689586030934
1831,4,mich 1830,0.19891154236229316
1831,5,year,0.19523876131980197
1831,6,mich 1831,0.1740475995670065
1831,7,rectory year,0.1302014724327643
1831,8,mich,0.11396957155978238
1831,9,rectory,0.09261591563333128
1831,10,ad,0.08920232320963965
1831,11,eid,0.08809002687672737
1831,12,eid ad,0.08809002687672737
1831,13,mr,0.08073152033836942
1831,14,1829,0.06606752015754552
1831,15,dno,0.06418472917689999
1832,1,1832,0.6502391443744117
1832,2,1831,0.393438933483993
1832,3,year,0.2161469298446725
1832,4,years,0.215441341256326
1832,5,mich 1831,0.12616371507070753
1832,6,mich 1832,0.1204146563656318
1832,7,1830,0.115717333377645
1832,8,mich,0.10205298684490356
1832,9,eid,0.0893966427042552
1832,10,eid ad,0.0893966427042552
1832,11,rectory year,0.0880884773855888
1832,12,rectory,0.0854451479629905
1832,13,ad,0.08449040826932909
1832,14,michs,0.07869960812536975
1832,15,mich 1830,0.07569822904242453
1833,1,1833,0.5313292790105594
1833,2,1832,0.4781963511095034
1833,3,mich 1833,0.16700909454643104
1833,4,1831,0.15318070698771802
1833,5,mr,0.148477895975986
1833,6,year,0.13908819515603085
1833,7,mich,0.13509254161685172
1833,8,mich 1832,0.13283231975263984
1833,9,years,0.12266247955860175
1833,10,mich 1831,0.11133939636428736
1833,11,ad,0.09320341282363899
1833,12,contract,0.09290154628600335
1833,13,dno,0.0821187884250028
1833,14,rectory year,0.0809771082397447
1833,15,acc,0.07303107344126546
1834,1,1834,0.43098317033386496
1834,2,1833,0.4128154260055241
1834,3,years,0.20102853284735667
1834,4,year,0.19940445314642288
1834,5,rectory,0.15561910603276696
1834,6,1832,0.15480578475207155
1834,7,yrs,0.14300917860379547
1834,8,acct,0.12921418396273915
1834,9,yr,0.11962886280890653
1834,10,mich,0.11662214692424351
1834,11,kidlington,0.11662214692424351
1834,12,rectory year,0.1101013087771835
1834,13,mich 1833,0.10813120544314984
1834,14,mr,0.10658229613894304
1834,15,ad fest,0.10043978135675617
1835,1,1834,0.5035631091842461
1835,2,1835,0.49329799433238886
1835,3,mich 1835,0.20673997495097685
1835,4,mich 1834,0.19731919773295553
1835,5,mich,0.19510234978567717
1835,6,yr,0.17154207242374248
1835,7,years,0.17082388700311024
1835,8,mr,0.14384368874403633
1835,9,1833,0.12332449858309721
1835,10,year,0.11683425109956276
1835,11,qrs,0.0915569289425902
1835,12,rectory,0.0875099456074345
1835,13,dno,0.08577103621187124
1835,14,mich 1833,0.07752749060661633
1835,15,dno rectori,0.07703991308512982
1836,1,1835,0.4861754680722199
1836,2,1836,0.460587285542103
1836,3,year,0.357243792481089
1836,4,mich 1835,0.21447888603223708
1836,5,mr,0.1927530903834305
1836,6,rectory year,0.15599042689747472
1836,7,mich,0.15180422165896967
1836,8,years,0.10337737013434445
1836,9,rectory,0.09986428227333535
1836,10,hillington,0.0928762877475244
1836,11,year long,0.07980466877646186
1836,12,dno,0.0790948524908697
1836,13,1834,0.07123813911459015
1836,14,dayman,0.05872032401744148
1836,15,ad,0.05771011984405945
1837,1,1837,0.49594302665598083
1837,2,1836,0.46175120992821606
1837,3,year,0.25732379127998695
1837,4,years,0.2194699961825681
1837,5,mr,0.19140678759614566
1837,6,dio,0.18506859663415215
1837,7,rectory,0.1349165466165797
1837,8,mich,0.12277338161172761
1837,9,rectory year,0.11590860188187611
1837,10,ut super,0.08148550763439107
1837,11,eodem,0.07830679368252329
1837,12,1834,0.07561922933043426
1837,13,little,0.0748560588252713
1837,14,yr,0.07346423391654257
1837,15,portrait,0.07123764827370276
1838,1,1838,0.5629242580652324
1838,2,yr,0.28668966222041
1838,3,1837,0.26269798709710845
1838,4,duo,0.238982927623177
1838,5,duo rectori,0.16366459804059424
1838,6,rectory yr,0.13675566600597128
1838,7,mr,0.13285193678021576
1838,8,ut super,0.11715501751770956
1838,9,rectori,0.0985472770289157
1838,10,ad,0.09786100359996247
1838,11,rectory,0.09698749410271369
1838,12,super,0.09313701231509605
1838,13,builder,0.0864792332006398
1838,14,yr kidlington,0.08118245078936134
1838,15,repairs,0.07313591008028476
1839,1,1839,0.6063684104439908
1839,2,1838,0.3265060671621489
1839,3,yr,0.29068635145409616
1839,4,yrs,0.22764151092233087
1839,5,mr,0.13563513548977402
1839,6,rectory,0.12054529086164333
1839,7,late rector,0.10914035184587281
1839,8,michs,0.09252395033867382
1839,9,repairs,0.09090027157235565
1839,10,kidlington,0.08912768382511019
1839,11,dno,0.07501583263331513
1839,12,office,0.07314862643372325
1839,13,domus,0.07227593423126086
1839,14,rectory yr,0.07082206701055449
1839,15,1840,0.06996558582046049
1840,1,yr,0.33112126072492415
1840,2,1840,0.2864504382073072
1840,3,1yr,0.2766191841083661
1840,4,1839,0.2506441334313938
1840,5,ad festum,0.24175654535821542
1840,6,festum,0.2367441381790763
1840,7,mr,0.17202606466227421
1840,8,repairs,0.1674721942777254
1840,9,rectory,0.14541566126318084
1840,10,dno,0.12956918897931816
1840,11,journey,0.10988933879918883
1840,12,rectory yr,0.10873387908510129
1840,13,festum st,0.10373219404063728
1840,14,ad,0.1027077344085976
1840,15,dno rectori,0.09698300166678586
1841,1,1841,0.48511330870848907
1841,2,1840,0.36259163972632596
1841,3,gr,0.3152033404073053
1841,4,yr,0.18743987360422584
1841,5,ad festum,0.17486725301711717
1841,6,festum,0.17124168055073122
1841,7,rectory,0.1338680014576991
1841,8,mr,0.13097876639433706
1841,9,small livings,0.12608133616292214
1841,10,livings,0.11205292539160193
1841,11,redlington,0.10720445612837658
1841,12,dno,0.09371993680211292
1841,13,small,0.09063520996944342
1841,14,ad,0.08779788684047803
1841,15,bursar incrementum,0.08576356490270125
1842,1,1842,0.4974853974026754
1842,2,1841,0.33915418743014003
1842,3,yr,0.301400392096097
1842,4,mr,0.1813092996078967
1842,5,rectory,0.18049555138397924
1842,6,ad festum,0.18004655307164918
1842,7,festum,0.17631359670491095
1842,8,rectory yr,0.13856376122174263
1842,9,1yr,0.1258951635558452
1842,10,stipend,0.09043484519656404
1842,11,st,0.09043484519656404
1842,12,dno rectori,0.08827797606541739
1842,13,provisional,0.08268760631539086
1842,14,yr vicarage,0.0809451044091532
1842,15,wittenham rectory,0.07679223239974949
1843,1,yr,0.46214044093328815
1843,2,1843,0.3792404703643733
1843,3,1842,0.27508629368009263
1843,4,mr,0.19139707845690074
1843,5,rectory,0.14490301428354563
1843,6,rectory yr,0.1362121196342611
1843,7,stipend,0.13223878843613857
1843,8,augment,0.1127182377191111
1843,9,kidlington,0.10713707644699624
1843,10,bur,0.09938364927811898
1843,11,tew,0.09655755571991344
1843,12,ad,0.09503524600635041
1843,13,property tax,0.09440938067114563
1843,14,st,0.09334502713139192
1843,15,ad fest,0.08922895308340045
1844,1,1844,0.5547184977929848
1844,2,yr,0.38506795654236425
1844,3,1843,0.3425794388960637
1844,4,rectory yr,0.16359331689117504
1844,5,ad fest,0.11257805702189276
1844,6,fest,0.11081612471266529
1844,7,rectory,0.11049602843222056
1844,8,ad,0.10926137735078204
1844,9,provisional stipend,0.1060992280035117
1844,10,provisional,0.1012396375241485
1844,11,mr,0.0983812138637935
1844,12,late,0.09765237901600851
1844,13,fest st,0.0952919794601966
1844,14,kidlington,0.08798197834000474
1844,15,dna,0.08389890613721446
1845,1,1845,0.4315795933034609
1845,2,qr,0.4190701933422894
1845,3,jn,0.33117485178295747
1845,4,1844,0.1739172548338574
1845,5,fest sti,0.1327937210164495
1845,6,rectory,0.1295651774418219
1845,7,ad fest,0.1200059251906992
1845,8,colman,0.11943970772783874
1845,9,fest,0.11812774108905753
1845,10,yr,0.11544598989729954
1845,11,ad,0.10815109680015873
1845,12,kidlington,0.1031657046596725
1845,13,farm,0.09622708499377115
1845,14,allowance,0.09400298756786087
1845,15,sti,0.09201927454728492
1846,1,yr,0.3530587483508747
1846,2,mr,0.25100010991536253
1846,3,kidlington,0.16835139580982125
1846,4,fest sti,0.15891333395991797
1846,5,dn,0.14747289663207758
1846,6,rectory,0.140954325487873
1846,7,ad,0.13937934208922723
1846,8,ad fest,0.12151637936080646
1846,9,fest,0.1196145555013441
1846,10,1845,0.11918500046993848
1846,11,sti,0.11011883389479438
1846,12,gulielmum,0.10719950847607015
1846,13,colman,0.10719950847607015
1846,14,stipend,0.10593487629645815
1846,15,expense,0.10419594096503075
1847,1,yr,0.3096348191846289
1847,2,ad festum,0.2836138057422226
1847,3,festum,0.2777335600847622
1847,4,mr,0.2336751126602964
1847,5,rectory,0.1421605395221865
1847,6,ad,0.14057207823222603
1847,7,coal,0.12259951243866098
1847,8,michaelis,0.11449324547344607
1847,9,dna,0.10794156071504332
1847,10,order,0.10615724125016003
1847,11,little pew,0.1050875958034013
1847,12,dno rectori,0.10429324664092778
1847,13,mr hastings,0.10237782101679008
1847,14,kidlington,0.1018752358601287
1847,15,eidem ad,0.10119595217549064
1848,1,yr,0.31442257903042664
1848,2,mr,0.24900628043639014
1848,3,kidlington,0.2043466509502808
1848,4,rectory,0.1710918059921563
1848,5,ad festum,0.15999956279129487
1848,6,festum,0.15668224637280498
1848,7,chancel,0.14794463526904644
1848,8,domes,0.14481723087975318
1848,9,dno rectori,0.14120785541561293
1848,10,rectory yr,0.14072640554641846
1848,11,ad,0.13594827454463054
1848,12,deposit,0.12861384283767419
1848,13,rectori,0.12676078145146927
1848,14,dna,0.12178957562534344
1848,15,stipend,0.12054828692102668
1849,1,yr,0.46127279854851677
1849,2,1829,0.33236262293118274
1849,3,mr,0.22240566675996973
1849,4,rectory yr,0.18580706514340206
1849,5,rectory,0.15530610992947705
1849,6,provisional stipend,0.13556931824562635
1849,7,provisional,0.12935992934961665
1849,8,dr,0.11923493274710366
1849,9,qrs,0.11078754097706091
1849,10,gulielmum,0.1073767470429331
1849,11,eidem,0.10268302303773444
1849,12,eidem ad,0.10050321038331876
1849,13,draining,0.09194410718227466
1849,14,cottages,0.09010272095621716
1849,15,ad fest,0.0885216645533142
1850,1,1850,0.4700346420005179
1850,2,yr,0.29529059846236844
1850,3,duo,0.1870759918300457
1850,4,1849,0.18341804846034832
1850,5,ded,0.18038549621262465
1850,6,mr,0.17827985636738294
1850,7,tax ded,0.15621606441771618
1850,8,1yr,0.14184456304483156
1850,9,campfield,0.13018005368143018
1850,10,rectory,0.1301517835353015
1850,11,duo rectori,0.12811675424023286
1850,12,rectory yr,0.1248944954466214
1850,13,tax,0.11913543497583022
1850,14,provisional stipend,0.10414404294514412
1850,15,provisional,0.09937400447170808
1851,1,1851,0.33017453088759807
1851,2,qr,0.2608747659007943
1851,3,1850,0.23583895063399862
1851,4,downes,0.18219578510998627
1851,5,dno,0.15171734825097136
1851,6,ad fest,0.1501277363297503
1851,7,fest,0.14777812294906162
1851,8,ad,0.14759706983455365
1851,9,stipend,0.13087752663809976
1851,10,st michaelis,0.12872915432562432
1851,11,eidem,0.12665061771499536
1851,12,eidem ad,0.12396200755318451
1851,13,pr,0.12058611481340464
1851,14,repair,0.11706016360925428
1851,15,rectori stipend,0.11060225326757273
1852,1,1852,0.40882883405514336
1852,2,1851,0.29466045026800947
1852,3,yr,0.2501109274374776
1852,4,mr,0.24836005243900602
1852,5,rectory,0.1571381675800774
1852,6,bills,0.1378241704359038
1852,7,ridlington,0.11913776870705153
1852,8,dno,0.11847359720722621
1852,9,provisional,0.11074962012896412
1852,10,little tew,0.10942795636120317
1852,11,ad,0.10244990146117566
1852,12,repairs,0.10208719858256118
1852,13,tew,0.10023576031702094
1852,14,rectory yr,0.09942250850673898
1852,15,mich,0.09624659785082758
1853,1,1853,0.39676448848872264
1853,2,yr,0.3804090699938951
1853,3,1852,0.3175926008990092
1853,4,duo rectori,0.26620455428097706
1853,5,duo,0.2221209700128355
1853,6,mr,0.2083695990070737
1853,7,rectory,0.11268041447283522
1853,8,rectory yr,0.11121825229879007
1853,9,rectori,0.10685973741891994
1853,10,sidlington,0.10560608009175834
1853,11,provisional,0.1032410348060453
1853,12,eidem,0.08195042783903705
1853,13,instalment,0.08021073831341152
1853,14,xtmas,0.07920456006881875
1853,15,vicarage yr,0.07920456006881875
1854,1,1854,0.4791287185492033
1854,2,1853,0.3685605527301564
1854,3,rectory,0.13607171044365574
1854,4,mas,0.13025702431679562
1854,5,mich mas,0.12467281257133012
1854,6,mich,0.1191811533489935
1854,7,yr,0.11854918277878101
1854,8,little jew,0.11523012487381394
1854,9,manor farm,0.11505646823564651
1854,10,lady day,0.10373053493143339
1854,11,manor,0.10348615004590982
1854,12,jew,0.10331835292564706
1854,13,newington yr,0.10058662520163472
1854,14,eidem,0.09896249441233151
1854,15,ad test,0.09686166322085726
1855,1,1855,0.5839816163452219
1855,2,1854,0.3825912984068988
1855,3,money,0.21676176982059603
1855,4,money corn,0.18579020023479237
1855,5,manor farm,0.10616582870559563
1855,6,farm,0.1025754144005249
1855,7,lady day,0.10255186343291363
1855,8,corn,0.10118023519095787
1855,9,benson,0.1002539653625486
1855,10,int,0.09757305888251408
1855,11,manor,0.09548957175248803
1855,12,lady,0.09416788637026983
1855,13,collins,0.09334473128929938
1855,14,1000,0.08825581088439964
1855,15,dno,0.0820414907463309
1856,1,1856,0.6090751345065635
1856,2,1855,0.342604763159942
1856,3,money corn,0.2179952442586852
1856,4,money,0.14836234826876768
1856,5,corn,0.11719687282008343
1856,6,stip,0.11153965251259577
1856,7,yr,0.09826810976480184
1856,8,new buildings,0.09655424728357226
1856,9,final,0.09283262853827735
1856,10,farm,0.08775953301001468
1856,11,dr,0.08709063762598425
1856,12,draining,0.08394636051667763
1856,13,ad,0.08194232928160408
1856,14,new,0.08184607654224278
1856,15,brought forward,0.08045776426958208
1857,1,1857,0.4047769605038251
1857,2,symon,0.3734638264304704
1857,3,1856,0.3734638264304704
1857,4,new building,0.22530505539842566
1857,5,new,0.17843621695076922
1857,6,building fund,0.15754080798633413
1857,7,building,0.15517747216932973
1857,8,kedington,0.12874574594195753
1857,9,fund,0.12418385413938215
1857,10,mich,0.12307467982532333
1857,11,st,0.11616685076894279
1857,12,lady,0.11241362732644482
1857,13,school,0.11203598483705432
1857,14,1858,0.11026153675159811
1857,15,dew,0.10387268744706724
1858,1,1858,0.592164827132097
1858,2,1857,0.32608108761960797
1858,3,consols,0.16856120821903708
1858,4,kidd,0.15304905777892094
1858,5,1859,0.12264216219833272
1858,6,newton,0.11433176482366042
1858,7,fund,0.11433176482366042
1858,8,furniture,0.11372900498685827
1858,9,new building,0.10371527275390595
1858,10,thatching,0.10257735259378284
1858,11,building fund,0.10152964822644879
1858,12,drawing,0.09585990388976391
1858,13,new,0.09583001895103382
1858,14,school,0.08595636928104154
1858,15,jones,0.0835271228652129
1859,1,1859,0.3627606025778191
1859,2,1860,0.31457181065981593
1859,3,1858,0.23354020690800673
1859,4,school,0.15254909285780388
1859,5,thatching,0.15170566781749037
1859,6,brought forward,0.1393227343504199
1859,7,forward,0.1253968638093854
1859,8,south newton,0.1253968638093854
1859,9,rooms,0.12216445801851618
1859,10,porter,0.11506137486001172
1859,11,newton,0.11272648589409923
1859,12,damage,0.11000413033027673
1859,13,14 13,0.11000413033027673
1859,14,fixtures,0.10460160512906207
1859,15,michael,0.10279761190798639
1860,1,1860,0.5014676100117526
1860,2,1859,0.26285758813711557
1860,3,1861,0.23882254632844757
1860,4,symon,0.14329352779706855
1860,5,brought forward,0.13460498067239193
1860,6,fund,0.12252300273541593
1860,7,room,0.12176672048157097
1860,8,forward,0.12115066868403024
1860,9,bursar,0.11595230891273603
1860,10,repayment,0.11376719427875347
1860,11,mich mas,0.11114589779079025
1860,12,choir,0.10272773524153342
1860,13,gas company,0.10095373550429394
1860,14,michs,0.09931667382611092
1860,15,building,0.09923284777137781
1861,1,1861,0.3684487210653556
1861,2,60,0.25671944753340914
1861,3,fund,0.24753280301262476
1861,4,bile,0.2088701651296621
1861,5,1862,0.20094809175104117
1861,6,chapel,0.15223485425017202
1861,7,1860,0.15071106881328086
1861,8,dioc,0.13175719735644187
1861,9,mich,0.11353741359472691
1861,10,broad st,0.11320390464914266
1861,11,newton,0.11251491046028397
1861,12,furniture,0.10744485995879612
1861,13,broad,0.10293499001567338
1861,14,school,0.10150851646239312
1861,15,jones,0.09863974476048343
1862,1,1862,0.5101410319797784
1862,2,1863,0.15304230959393353
1862,3,repair,0.121667033776221
1862,4,wall,0.11932745527699687
1862,5,newton,0.1142553224271148
1862,6,1861,0.10689942528116234
1862,7,chapel,0.10305977691219227
1862,8,christmas,0.10167803239675231
1862,9,south newton,0.10167803239675231
1862,10,jones,0.1001655318004765
1862,11,church,0.0993644092022085
1862,12,midr,0.09905703653817127
1862,13,stamps comm,0.08689681847869112
1862,14,bracher,0.08689681847869112
1862,15,room rent,0.08578009476497382
1863,1,1863,0.32434940476898816
1863,2,63,0.31169667659497785
1863,3,kedington,0.21966144737711865
1863,4,61,0.19448810185087773
1863,5,jones,0.15921396526255865
1863,6,1864,0.15584833829748893
1863,7,inn,0.15209568352274483
1863,8,bile,0.14983839445736452
1863,9,brought forward,0.1197109966257569
1863,10,nunney,0.11772766046438414
1863,11,stamps,0.11215843054822543
1863,12,school,0.10922962444898711
1863,13,chapel,0.10920959499953634
1863,14,1862,0.10811646825632938
1863,15,forward,0.10774539855505347
1864,1,1864,0.39053735804179385
1864,2,1865,0.2433103520512258
1864,3,1863,0.1741673452784899
1864,4,hollis,0.15665271412358078
1864,5,newton,0.15603172412022168
1864,6,farm,0.14023099393027508
1864,7,chapel,0.13683311342890467
1864,8,school,0.11730703640166182
1864,9,jones,0.11399177657724448
1864,10,self,0.11132388234777196
1864,11,room,0.11076329058350262
1864,12,cent rents,0.0988915302424342
1864,13,stamps comm,0.0988915302424342
1864,14,room rent,0.09762066073488603
1864,15,fest,0.09534276128185487
1865,1,1865,0.31800708570194813
1865,2,1866,0.21839508338552827
1865,3,19,0.21242851508701813
1865,4,frieze farm,0.20680226430402968
1865,5,frieze,0.20680226430402968
1865,6,improvement,0.16899925903013688
1865,7,farm,0.1466257373067812
1865,8,14,0.14225750817144062
1865,9,kid,0.1393030667602701
1865,10,newton,0.13595583705120606
1865,11,bracher,0.10340113215201484
1865,12,mich,0.10289352343671448
1865,13,gile,0.10092534097501418
1865,14,fest,0.09969053401109969
1865,15,eidem,0.09398180330734855
1866,1,1866,0.28793169464834967
1866,2,1867,0.22360532463015406
1866,3,15 10,0.20509075751885247
1866,4,badger,0.19195446309889977
1866,5,1865,0.16770399347261555
1866,6,newton,0.1672943411659107
1866,7,1864,0.15381806813913937
1866,8,warre,0.14853888433914914
1866,9,improvement,0.14853888433914914
1866,10,11,0.14128038399208817
1866,11,jones,0.1309498752921759
1866,12,colby,0.12022770117573406
1866,13,st,0.11381398623189157
1866,14,school,0.10780666640304892
1866,15,10,0.10663466877456566
1867,1,1866,0.2347446304467562
1867,2,1867,0.16407062940502162
1867,3,1868,0.16407062940502162
1867,4,miss jones,0.16279585032465277
1867,5,composition,0.1591046901053616
1867,6,jones,0.15373536203743185
1867,7,19,0.14207286577743214
1867,8,honour,0.14084677826805372
1867,9,newton,0.1402884448756249
1867,10,miss,0.13345537620757847
1867,11,rector,0.12737128431912578
1867,12,masters composition,0.12726169623059708
1867,13,colby,0.11762292713108578
1867,14,masters,0.11762292713108578
1867,15,gas company,0.11559170312587164
1868,1,1868,0.2504336409476798
1868,2,newton,0.21413306062453202
1868,3,1867,0.18782523071075988
1868,4,warre,0.1663606789725926
1868,5,cole,0.15158117531494106
1868,6,jones,0.14666132886283598
1868,7,farm,0.14433647433248967
1868,8,repair,0.1425148833669766
1868,9,robey,0.13013503004573201
1868,10,1869,0.1252168204738399
1868,11,school,0.12074138230117355
1868,12,10,0.1194287676138061
1868,13,donation,0.1191007331916965
1868,14,compos,0.11090711931506175
1868,15,hollis,0.10749264394648463
1869,1,1869,0.28507910033564
1869,2,1870,0.28507910033564
1869,3,self,0.20289841869873151
1869,4,hammond,0.19311350184826523
1869,5,1868,0.19005273355709332
1869,6,carried,0.14146072179297908
1869,7,braine,0.14143206104963926
1869,8,comm,0.13917225625166926
1869,9,colby,0.13624960732652286
1869,10,robey,0.13167835917535756
1869,11,osborne,0.1283480082003991
1869,12,warre,0.12625021812369336
1869,13,candy,0.12625021812369336
1869,14,badger,0.12236337783135609
1869,15,fund,0.1218783148381252
1870,1,fund,0.24010419414332176
1870,2,1869,0.20422362999477522
1870,3,impensa,0.18731387120658047
1870,4,bursar,0.1770606445521061
1870,5,drain,0.15197765569903304
1870,6,kid,0.14910033582213245
1870,7,caution fund,0.14910033582213245
1870,8,duke,0.1464087828298784
1870,9,cottages,0.13791801699821638
1870,10,collegii,0.13566380946111106
1870,11,self,0.12458693004774259
1870,12,fee fund,0.12152641650390641
1870,13,rate,0.11770351066767028
1870,14,osborne,0.11033441359857311
1870,15,colby,0.1098065871224088
1871,1,1871,0.2626298747976153
1871,2,frieze farm,0.24906885370901286
1871,3,frieze,0.24906885370901286
1871,4,farm,0.24218516355374445
1871,5,kedlington,0.2134875888934396
1871,6,fund,0.1871345328880958
1871,7,duke,0.15690038866081077
1871,8,honour,0.1503034470635294
1871,9,domus,0.13997157220996412
1871,10,rooms,0.1352015225496005
1871,11,returned,0.13351478899501407
1871,12,sheppard,0.13029466012100974
1871,13,local rate,0.12552031092864863
1871,14,impensa,0.1204420334319281
1871,15,osborne,0.11824094184564118
1872,1,hile,0.21553991935923636
1872,2,fund,0.21384269495088987
1872,3,rate,0.1793751595815284
1872,4,school,0.17148822227292146
1872,5,1871,0.16672936765088534
1872,6,imp coll,0.14767563815633494
1872,7,badger,0.14312917772946823
1872,8,returned,0.13561799918358539
1872,9,coll poor,0.13553161354908647
1872,10,fee fund,0.1322865042737239
1872,11,imp,0.12659866735283457
1872,12,suit,0.12659866735283457
1872,13,kid,0.12172638743516007
1872,14,queen st,0.11952898780805109
1872,15,local rate,0.11952898780805109
1873,1,pipes,0.1968694093253009
1873,2,rate,0.18015676771254577
1873,3,sale,0.1607880281527476
1873,4,cottages,0.14614411315674208
1873,5,cottage,0.14490081636207963
1873,6,compos,0.13310690166924877
1873,7,whitehead,0.13166116620317858
1873,8,local rate,0.1292844243675293
1873,9,fund,0.12849755913195948
1873,10,comm,0.12576920501857541
1873,11,domus battels,0.11656567546331048
1873,12,local,0.1143524756902032
1873,13,est charges,0.11410925036228671
1873,14,imp,0.11410925036228671
1873,15,brought,0.11319228451671787
1876,1,1876,0.3262648087696873
1876,2,howse,0.20641390519714703
1876,3,hutt,0.2000590814547206
1876,4,rate,0.17192363780202327
1876,5,witnam,0.17014329045548446
1876,6,domus,0.1490455992230839
1876,7,rowles,0.13365749674487448
1876,8,local rate,0.13365749674487448
1876,9,robey,0.12917321530823025
1876,10,cottages,0.12590622332690254
1876,11,school,0.12584144480911863
1876,12,newton,0.11955961406705971
1876,13,local,0.11822047181710137
1876,14,brought,0.11702103693736117
1876,15,comm,0.11702103693736117
1877,1,rate,0.28431822112661437
1877,2,bartlett,0.24522510046563797
1877,3,newton,0.19772136760667655
1877,4,bryan,0.18852718138884558
1877,5,local rate,0.1841964170865347
1877,6,fund,0.17575232676149025
1877,7,kedlington,0.16708541133328023
1877,8,local,0.1629223041379816
1877,9,witnam,0.15006612097443775
1877,10,rent,0.13109551012357545
1877,11,domus,0.12780637887212973
1877,12,bursar,0.12474527821188766
1877,13,estate,0.12235425356093856
1877,14,fee fund,0.12231359386353595
1877,15,tithe,0.11216848827787042
1878,1,bartlett,0.3085543310029338
1878,2,rate,0.25553087564121946
1878,3,messrs,0.20368999881445224
1878,4,bryan,0.16943872099217078
1878,5,brain,0.16362342138677077
1878,6,thatching,0.1328604223053576
1878,7,local rate,0.13243715879085197
1878,8,domus,0.1312753446324802
1878,9,farm,0.12776543782060973
1878,10,bursar domus,0.12271756604007807
1878,11,school rate,0.12271756604007807
1878,12,newton,0.11846799452930332
1878,13,local,0.11714107909903904
1878,14,14 13,0.1156069809752684
1878,15,ret,0.1156069809752684
1879,1,rate,0.24135792515329002
1879,2,domus,0.18599129004335202
1879,3,15 10,0.17459001647598976
1879,4,allowance,0.17147593992468615
1879,5,local rate,0.17057941065605453
1879,6,brain,0.16859791946313213
1879,7,int,0.1669727137239402
1879,8,2nd 3rd,0.16340732893336768
1879,9,14 13,0.15882890361008783
1879,10,local,0.1508780195736771
1879,11,bursar,0.11552328962790076
1879,12,church,0.11058365993481202
1879,13,rent,0.11036733706847428
1879,14,est charges,0.10840111572717843
1879,15,repair,0.10832358182501321
1880,1,1880,0.35442373256212634
1880,2,rate,0.23345230541116144
1880,3,int,0.1776539197059318
1880,4,domus,0.16190927179000147
1880,5,kedington,0.15709111045233867
1880,6,sun,0.1451930689670809
1880,7,local rate,0.1451930689670809
1880,8,15 10,0.13931887466848286
1880,9,local,0.12842372134670013
1880,10,14 13,0.12674186395319734
1880,11,boase,0.12674186395319734
1880,12,campfield,0.12347371508440984
1880,13,cottage,0.12204831127010307
1880,14,cent,0.11230483806297634
1880,15,honor,0.1108967043691243
1881,1,rate,0.2654278717803439
1881,2,domus,0.18992970097032033
1881,3,field,0.1473927833893189
1881,4,poor rate,0.14354884937634874
1881,5,fee fund,0.13049939719097242
1881,6,local,0.13036937559874892
1881,7,poor,0.12384967623344244
1881,8,1880,0.12335771943590297
1881,9,fund,0.12305639223867662
1881,10,comm,0.12044356895852534
1881,11,witnam,0.12008194085810787
1881,12,duke,0.11791422671145513
1881,13,sun,0.11791422671145513
1881,14,bursar,0.11408041829104112
1881,15,draining,0.11334596780817896
1882,1,rate,0.20728826877688356
1882,2,hull,0.18756223399423824
1882,3,10,0.18376838808153026
1882,4,june,0.15812782334675196
1882,5,fund,0.15376318297239738
1882,6,boase,0.1500497871953906
1882,7,jan,0.14737252941441595
1882,8,domus,0.14376338065784083
1882,9,28,0.14284663007002116
1882,10,witnam,0.13129069095434795
1882,11,wyatt,0.13129069095434795
1882,12,poor rate,0.1307900497335686
1882,13,local rate,0.1289206369223112
1882,14,robey,0.12459527969932972
1882,15,scholarship,0.12072611581780826
1883,1,close account,0.33331359634758756
1883,2,beginning account,0.3110926899244151
1883,3,account,0.302978821324105
1883,4,balance beginning,0.26910966471088144
1883,5,balance,0.2668480117226817
1883,6,balance close,0.26531494346566104
1883,7,beginning,0.24315712331242612
1883,8,close,0.18890608008428528
1883,9,dividends,0.16366999474374225
1883,10,receipts balance,0.15033312063049636
1883,11,total receipts,0.13428518289900845
1883,12,total,0.12352393189575353
1883,13,exhibition,0.12020743366214036
1883,14,account dividends,0.11561460729253593
1883,15,payments,0.10685105214412477
1884,1,total,0.25467829207862136
1884,2,close account,0.2526737000671783
1884,3,balance beginning,0.2522013667479512
1884,4,balance,0.2484683835127331
1884,5,payments,0.2453369873374239
1884,6,account,0.24016803710069692
1884,7,receipts balance,0.23011643574503626
1884,8,beginning,0.22787943680795758
1884,9,total receipts,0.2202339582290686
1884,10,balance close,0.2165974830089563
1884,11,total payments,0.20227608004136569
1884,12,payments balance,0.20112623422260226
1884,13,beginning account,0.1749279462003542
1884,14,receipts,0.16146253053728468
1884,15,close,0.15421891031418752
1885,1,fund,0.24139108019527167
1885,2,balance,0.1671796324069762
1885,3,payments,0.1556399759091648
1885,4,beginning acct,0.15299153708634064
1885,5,establishment,0.15299153708634064
1885,6,balance beginning,0.14932837509003602
1885,7,close acct,0.14932837509003602
1885,8,college,0.14750136399758046
1885,9,taxes insurance,0.14598417019934204
1885,10,receipts balance,0.14598417019934204
1885,11,rackrent,0.14598417019934204
1885,12,fund total,0.14290779991619929
1885,13,maintenance,0.14290779991619929
1885,14,acct,0.14056528071142116
1885,15,balance close,0.1374078462581551
1886,1,loans,0.24838003979233358
1886,2,exhibition,0.2358344337390441
1886,3,fund,0.2351374222898856
1886,4,total,0.22255811356313782
1886,5,respect,0.2098428842036253
1886,6,sum total,0.19394634999218732
1886,7,charges respect,0.15738216315271897
1886,8,charges,0.14795538490474927
1886,9,college,0.14368008331781174
1886,10,trust,0.1361687639393401
1886,11,houses,0.1361687639393401
1886,12,expenditure,0.13384805579978665
1886,13,total receipts,0.12702222700149193
1886,14,lease,0.1178452324509177
1886,15,sum,0.11270718053894395
1889,1,close acct,0.3188660256910676
1889,2,beginning acct,0.30853876276080977
1889,3,balance,0.30145351921951374
1889,4,balance beginning,0.3011512464860083
1889,5,balance close,0.29341170965457525
1889,6,acct,0.273473542635535
1889,7,beginning,0.27210866193215616
1889,8,close,0.2089111725018536
1889,9,dividends,0.16340511952436093
1889,10,payments,0.16001719473002543
1889,11,dividends balance,0.14334887690368817
1889,12,total,0.13010007246970953
1889,13,fund,0.12408998157466126
1889,14,receipts balance,0.10390834324511579
1889,15,payments balance,0.09780390321819173
1891,1,account,0.3230057738034145
1891,2,close account,0.3116513246802577
1891,3,beginning account,0.3116513246802577
1891,4,balance,0.27082319196558663
1891,5,balance beginning,0.2695929097909159
1891,6,balance close,0.24807194934320712
1891,7,beginning,0.24359376494565135
1891,8,payments,0.20251364474146277
1891,9,account balance,0.18530619305312618
1891,10,close,0.17662894866439327
1891,11,payments balance,0.15420688742956118
1891,12,total,0.14715710340938673
1891,13,dividends,0.14476092063785176
1891,14,account dividends,0.14023879432664174
1891,15,total receipts,0.13998009100400885
1892,1,account,0.3248892386437115
1892,2,beginning account,0.32024628013945344
1892,3,close account,0.2897466344118865
1892,4,balance,0.27765350739881356
1892,5,balance beginning,0.27702794653958107
1892,6,beginning,0.25031177765422463
1892,7,balance close,0.23063599196292314
1892,8,payments,0.1649925556903476
1892,9,close,0.16421442606645142
1892,10,fund,0.14927298137219983
1892,11,dividends,0.13104452673968733
1892,12,receipts balance,0.12896376820300046
1892,13,total,0.1271584996337443
1892,14,total receipts,0.12671669051130818
1892,15,exhibition,0.1191612902208066
1893,1,account,0.2928839230124688
1893,2,beginning account,0.2886983491633993
1893,3,close account,0.27495080872704697
1893,4,balance,0.27160370428091113
1893,5,balance beginning,0.2616297797391148
1893,6,beginning,0.2363985874776145
1893,7,balance close,0.22980156533140877
1893,8,fund,0.21146381290359986
1893,9,close,0.16362030851687695
1893,10,exhibition,0.14873889692430284
1893,11,payments,0.13221235282160254
1893,12,dividends,0.11813513811986301
1893,13,total,0.10917326594891688
1893,14,total receipts,0.10384876671715904
1893,15,total payments,0.10219386181853868
1894,1,fund,0.327012792227471
1894,2,local rates,0.22609944307788624
1894,3,local,0.17637275181176268
1894,4,balance,0.17294718224770675
1894,5,exhibition,0.15334230264801416
1894,6,gen,0.1523017454356033
1894,7,rates,0.1473388449971464
1894,8,king charles,0.146969788363341
1894,9,richards,0.14644668904667268
1894,10,college,0.14532383898794998
1894,11,tuition,0.14223156992502042
1894,12,rates composition,0.12755718879620512
1894,13,acct,0.124641136196977
1894,14,funds,0.12421784381466734
1894,15,charles,0.12002429106389056
1895,1,fund,0.2994269999352296
1895,2,exhibition,0.171608333272201
1895,3,king charles,0.16447672942732935
1895,4,richards,0.16389131887643046
1895,5,tuition,0.15917409763663387
1895,6,acct,0.1394883034267102
1895,7,balance,0.1382489519811619
1895,8,charles,0.1343215028466806
1895,9,houses,0.13004928375771
1895,10,trust,0.13004928375771
1895,11,acct ii,0.12651612735147427
1895,12,pension fund,0.12651612735147427
1895,13,fund exhibition,0.12348688090778369
1895,14,leases leaseholds,0.12348688090778369
1895,15,college,0.12197603676275612
1896,1,fund,0.4044919646671562
1896,2,balance,0.15515336197034416
1896,3,king charles,0.1538234538178999
1896,4,richards,0.15327596072781818
1896,5,dr richards,0.14886427728752175
1896,6,tuition,0.14886427728752175
1896,7,subtotal,0.14232772204318656
1896,8,local,0.138448177743752
1896,9,fund furniture,0.12892354359620092
1896,10,charles,0.1256214028685211
1896,11,fund local,0.12495440016557605
1896,12,houses,0.12162589847090617
1896,13,acct balance,0.12145336753926957
1896,14,exhibition,0.12036985392906142
1896,15,acct ii,0.11832158713654113
1897,1,fund,0.4183865046366289
1897,2,ii,0.3390212309599728
1897,3,exhibition,0.20232002395144874
1897,4,subtotal,0.19935603470466315
1897,5,local,0.15513761805985188
1897,6,general acct,0.1531059112442552
1897,7,comp,0.15309809430043264
1897,8,pension fund,0.14915794255395437
1897,9,king charles,0.12927474714338863
1897,10,college,0.1278269687143386
1897,11,tuition,0.12510700629443453
1897,12,acct,0.10963444626928479
1897,13,leases,0.10557346547978802
1897,14,charles,0.10557346547978802
1897,15,fund local,0.10501290983221259
1898,1,fund,0.326084086184152
1898,2,ii,0.2113823979874722
1898,3,exhibition,0.16819749686528
1898,4,king charles,0.16120763866626367
1898,5,college,0.15940223624222927
1898,6,dr richards,0.15601040041456093
1898,7,bal,0.15133380244629957
1898,8,richards,0.13386155296841126
1898,9,charles,0.13165176843806595
1898,10,general,0.13021390169688976
1898,11,trust,0.12746446271040568
1898,12,houses,0.12746446271040568
1898,13,dues,0.12614812264896
1898,14,pension fund,0.12400153027448625
1898,15,balance general,0.12103249223593929
1899,1,fund,0.42316205897654524
1899,2,exhibition,0.25464985603750306
1899,3,dues,0.18189275431250218
1899,4,general acct,0.16517706168970822
1899,5,composition fund,0.14452676651124854
1899,6,king charles,0.1394670049659898
1899,7,college,0.13790508103408677
1899,8,dr richards,0.13497067179557318
1899,9,fund furniture,0.1168910205088115
1899,10,composition,0.11518052250276198
1899,11,charles,0.11389707084876216
1899,12,general,0.11265311634641252
1899,13,houses,0.11027446962747196
1899,14,trust,0.11027446962747196
1899,15,acct ii,0.1072785519449538
1900,1,fund,0.43512069522044466
1900,2,dues,0.21041221096562163
1900,3,trust,0.17717319697439693
1900,4,ii,0.17629052571606255
1900,5,exhibition,0.17534350913801802
1900,6,general acct,0.15922968309128302
1900,7,balance general,0.15140959149018324
1900,8,college,0.14955711701579122
1900,9,king charles,0.13444534474249356
1900,10,tuition,0.13011090690666863
1900,11,dr richards,0.13011090690666863
1900,12,scholarship,0.12811201882931866
1900,13,balance,0.11300642999232303
1900,14,fund furniture,0.1126822330015719
1900,15,richards,0.11163901900369383
