year,A_income,A_expenditure,B_rev_L4,B_exp_L4,C_rev_int,C_exp_int
1800,2242.913696329072,2085.8540232710584,0.049340545250334336,0.009021532943670415,1.2742946163755653,1.5577187335974063
1801,2297.7040269575155,1937.4126817806566,0.05183006286154891,0.0015241685189547973,1.3065383803851063,1.6878786093253233
1802,1088.2635938173532,1134.1643766549664,0.0,0.1428975615756756,1.0,1.7090274055175818
1803,1889.0182333691948,1768.8572111649032,0.05725923448526632,0.0,1.4324228563273682,2.049554174207255
1804,1658.4323107182256,1239.2594568309817,0.016715138343261524,5.856511086009454e-06,1.2369620064719848,1.9378363563761616
1805,2044.13500211685,1391.5246613039797,0.023315053320121154,0.0,1.1468076249875068,1.6391676317425854
1806,1383.0944142362828,1520.2875267754162,0.017279207370343896,0.0023104557011185923,1.2740331237319598,1.9420375492634554
1807,1234.3328018878015,1280.862696534574,0.031081043115875926,0.0,1.2147382596896457,1.7462046326628862
1808,1209.653125162837,1069.5145999426816,0.0,0.002484768044543121,1.0,1.8071086850904519
1809,1910.1778819285678,2094.497789971041,0.07433068719522383,0.002164895939455683,1.6870870547407157,1.7419533971379688
1810,1333.696948574969,2616.370817843866,0.041636530929791166,0.0011650975147546457,1.3273380920777516,1.6262037488628058
1811,2353.3004231980867,1479.2330878910943,0.020216957305588444,0.0,1.26644611418523,1.9348932960961471
1812,2145.375781835569,2052.874861078804,0.006927148794967878,0.0009914666979319656,1.1807367280878682,1.5565031923058867
1813,1554.8120287099032,1839.5104525705533,0.023450964175116745,0.0,1.2819810157002858,2.14543243754668
1814,1557.7127551847052,1273.8746219485852,0.011931132704597745,0.022839586319831053,1.1915776786137502,1.6270759251299287
1815,1706.1110247911056,279.7566639044265,0.007648891687332453,0.0009904579711039288,1.5105781385490444,2.108621618781207
1816,3928.72035168066,1417.102645379244,0.06989696563572338,0.00016084091119493264,2.0250193885115495,1.6747708819725202
1817,2161.4201115984197,2981.9077757030996,0.003802501782488109,0.006926660795218218,1.2322200074242524,1.7521353964729243
1818,1661.0722733879102,2732.9889841735253,0.0716633989836748,0.09727713355040536,1.3802508879632605,2.1082419820235994
1819,1695.1574830087125,2484.070192643951,0.0,0.18762760630559253,1.0,2.4643485675742745
1820,2015.8136406176882,2441.6422944938386,0.008059036407364367,0.0020506767912178646,1.0701580324774091,1.5471578969996294
1821,2443.85462826194,2013.257214783755,0.0016767670079843437,0.012305070689071138,1.0203456012297287,1.7418594504213682
1822,1985.2132272050735,2312.4464100821847,0.0,0.0025041637680253224,1.0,1.3823527186975821
1823,3029.470187758601,3550.753239206765,0.008657243095222871,0.024437748548154527,1.2212930630296497,1.327684300966758
1824,2870.2936493934203,2814.257464630171,0.0009659140281633455,0.004623473325562863,1.0251489111668937,1.3514614977262602
1825,3785.3245738027927,4943.483894457295,0.0007739991725337793,0.0,1.0587757258453598,1.63469262256048
1826,3069.248003180928,3610.2778287541946,0.010113313888029286,0.05184792183962091,1.1327617118666542,2.1827037019542614
1827,2115.3987639788115,2624.1422093209912,0.021143879451852674,0.010301419535612007,1.553277823133488,1.2587563211935302
1828,8036.298435849812,3012.205697585491,0.007356615877392001,0.026181535437845634,1.2249637498498445,1.5546995325064277
1829,2927.319877624653,2625.3266287265897,0.06289745213698461,0.005477780498269044,1.3795219966020578,1.5750173029975085
1830,3024.2487409730143,2895.718714367161,0.006161397751254774,0.007122337967734135,1.4927200271153793,1.604321856060804
1831,2252.2055530142757,3331.1140812320123,0.0015063494905359943,0.010034412384310128,1.366555984346836,1.5977596605018842
1832,3287.40633482433,2715.91853997018,0.001035019868165798,0.004164890605637911,1.8875090837703623,1.7498467446892487
1833,6790.442092751289,7316.953758555242,0.13045804409278752,0.0019087688408224999,2.562011513113879,1.416402154448944
1834,8948.005595293032,5606.073825180742,0.34242728132018135,0.0009028995035553275,2.8248499205270523,1.3621208169089392
1835,3346.182865683155,3120.1909169800406,0.0017289440726214141,0.00817688777638715,1.0078041801139734,1.7085776200200793
1836,2628.2143340683147,3661.325964179335,0.05913778440516562,0.005190232589774185,1.3233076460613353,1.6521626388305324
1837,3845.4128596093033,3201.0696133775627,0.007841381495663909,0.006896470747760295,1.107324803273107,1.343884659175897
1838,2363.715683127091,2657.8247820842084,0.037693789152360484,0.010980840720617672,1.3870593296250189,1.6141572522025467
1839,3169.09321761021,3538.3216975977207,0.01388599436978349,0.0021282114699016125,1.2295491903323696,1.892800222863943
1840,1924.8330152671756,3608.3498483069093,0.0,6.509336235864443e-05,1.0,1.6229507962474001
1841,3112.1339807544714,4209.324020504949,0.0019917886143197747,0.0,1.0416058494988052,1.4936826322975465
1842,2669.317203822412,3149.2684591642924,0.0,0.0229252018002015,1.0248101609258269,2.194421297302529
1843,5281.729898947704,3354.1548556822027,0.004897505122949011,0.0002668774504307569,1.1119529071367142,1.4984760663988348
1844,707.4895495819833,2727.2678407136286,0.0,0.008295263339547065,1.0,2.0535953006877246
1845,2743.4967320261435,1191.121166415284,0.002528947746991606,0.0050651291185831145,1.0133655311345853,2.0081702828957217
1846,4886.163603089864,5718.244459273639,0.015635439328996307,0.005607743513145663,1.3846090075967683,1.9269569267755804
1847,3313.1633929116088,3626.082143801216,0.0032635100224049857,0.027860846299470412,1.0824065326729264,1.7896649853895936
1848,4041.376569337096,3967.5678853310437,0.008848452153312035,0.0,1.2974478764563688,1.3188734494527061
1849,2033.296578454959,2794.664888038986,0.006067635170794449,0.009166713801620248,1.2022061245349012,1.884139941996288
1850,5629.129187344914,6326.089485111663,5.9693336960851494e-05,0.003694476365586455,1.4359280944890127,1.7292710215703804
1851,2836.710326733079,5566.734052802033,0.049397814537355006,0.0013775933724548986,1.3319541532205037,1.869196348097172
1852,4241.397550394213,2841.304585263757,0.0015091435685107015,0.0001830396243910692,1.0113139355210434,1.772736026697866
1853,3369.7060467786782,6154.248005560257,0.00014348448714104355,0.03553984826974685,1.002078743226491,2.6254071087335142
1854,3169.606029282518,6729.1685392697345,0.0646689619900978,0.007035512707214198,2.0335594980817877,2.0031680374127383
1855,4679.104773222421,6065.176891463656,0.007646625579899088,0.01121703045650314,1.3631103423448736,2.2026624740932848
1856,3039.2423305051457,1937.6288887579542,0.021212171392083076,0.001574911894259174,1.5926486269720472,1.7037358541908512
1857,7867.325970939972,8632.055018308598,0.11957966128550093,0.00033845760497668064,3.920783896757028,1.4012968377257233
1858,3039.450046360686,6509.24436910833,0.3372236389491328,0.005125818668507578,3.0147437478497063,1.8646312317193183
1859,31.62480361727401,8353.065007472122,0.0,0.021214568677051897,1.5691699604743083,1.6327429442251553
1860,2741.075161535538,3501.5084568605093,0.09261510915751422,0.06382111201191319,2.1175867730566917,1.8208296052476478
1861,4866.469575524949,5562.962740836908,0.17450976127820914,0.001284413036876881,2.8610868330573003,1.7586554663581668
1862,983.5657463298307,4746.744355019003,0.05391250405468439,0.10025658762982695,1.3933495947225925,2.568106557588869
1863,3154.4304848350675,5515.992823407866,0.040067638402119514,0.0021781746896101066,3.249940611165101,1.9921834727399421
1864,4084.5803186435724,2403.7588841993716,0.10900004361298951,0.13710685579409598,3.7597978377511105,2.2365869495353174
1865,691.5897575099531,3422.8691639522262,0.021832418606780965,0.020914866817078184,1.0665552150705602,2.655484787843469
1866,1748.2164623216463,4308.62819961282,0.13795313212925317,0.08040893248838507,2.488101551971482,2.5669762289866855
1867,1069.3364230414093,4087.4107713616027,0.06105868824283987,0.005695921733072023,1.7575130690060687,2.02220225014106
1868,1048.2746639926818,3535.8964886355643,0.15486936365257342,0.0808473614949663,2.1358640743836834,2.0002591654535817
1869,726.2580178484277,1546.0459806177228,0.17419412902935485,0.019178464426337166,2.5124211808306542,2.0543554507539246
1870,6879.443005181347,4937.774179620034,0.6142747127150989,0.057164355885005846,3.809181596674788,2.1957970957716317
1871,5490.928697335973,6064.963877600639,0.6132051331342832,0.026765101497497015,3.715302556618246,1.7105617225680796
1872,6708.070297219894,6547.2395396758875,0.5240664194093974,0.01599936519981369,3.79032325565219,1.8165591897250852
1873,5117.107654620167,3671.1336178133674,0.8383062216494105,0.0654404822622606,3.7793812158194164,1.7145132220661257
1874,4806.3257316222835,3801.468525606111,0.7647034993730486,0.09205140306664499,3.8157234316165325,1.7557163458930012
1875,4495.543808624401,3931.803433398855,0.6911007770966866,0.11866232387102937,3.852065647413649,1.7969194697198765
1876,4184.761885626518,4062.1383411915986,0.6174980548203247,0.14527324467541378,3.888407863210765,1.838122593546752
1877,2786.833845241944,4335.771634874447,0.9834342208778607,0.07027431777861322,3.973690012314536,2.3627050995946655
1878,3011.1787791747956,2443.1904400606977,0.40535375286512243,0.08396690456781292,3.18113326764696,2.115839511901353
1879,2193.092726843272,1543.7243359133688,0.69025478251189,0.03365562859345484,3.365624990758293,1.7903552219456802
1880,1897.4198190789473,2341.4587902046783,0.16338445813310506,0.10255932456387677,3.083026137052604,1.6982897698783832
1881,8107.636383399942,5723.520065497336,0.6579760782157239,0.026794533688842773,3.8846914470295557,1.392371349971794
1882,7801.045296575239,3166.585871927458,0.6699366990044981,0.007919195803743277,3.628052759922526,1.7589263524148786
1883,12080.005787037036,11486.02810033394,0.6188974689774855,0.047962812187879234,3.1552247806119054,1.5929363681529338
1884,15233.221863468636,13904.390567343175,0.44870965096547505,0.433869877013421,2.9144762074795527,2.980378951383914
1885,9841.824863707165,7670.976927570094,0.3304854408306624,0.037062982989995406,2.7801900271672726,1.4253466563311175
1886,8728.749901357323,9549.03774068813,0.6278383960867264,0.04630629881464491,3.0605083473857553,1.5399388580200821
1887,9606.411663089848,11364.503923060112,0.5841557856278403,0.12469284228976019,3.0617508209813793,1.7652327730994812
1888,10484.073424822373,13179.970105432094,0.5404731751689542,0.20307938576487547,3.062993294577003,1.9905266881788806
1889,11361.735186554897,14995.436287804076,0.4967905647100681,0.28146592923999075,3.064235768172627,2.2158206032582797
1890,19997.97895978467,34305.14473477819,0.5832481895791112,0.42465803573141137,3.223718773682724,2.552713731032446
1891,28634.222733014434,53614.853181752296,0.6697058144481542,0.567850142222832,3.383201779192821,2.8896068588066117
1892,16627.84827713968,17725.605676999712,0.6487400489561878,0.14763099668276103,3.377314896584168,1.7214880234672372
1893,25396.53540809854,19920.56963967835,0.5862423598682691,0.20637907286319127,3.2845903501270683,1.9864524887199522
1894,9087.358127898462,8300.0798348385,0.6460288509182699,0.022636399030669427,3.144733437131387,1.639022719820202
1895,8675.2906682843,9515.134971185927,0.3981896062456224,0.02221211039354316,2.947483134306509,1.7150414131396252
1896,8748.791360109357,5988.167390342943,0.7005513624082678,0.06851247052682242,3.3184360634893473,1.6510012311365627
1897,7742.445590263205,3326.0237424306015,0.518244296237501,0.13258809939056357,3.323065272543668,1.8788199844789428
1898,14121.483071053886,8801.236389286281,0.43492087445441574,0.02532855813696227,3.4522692450725176,1.4724697355632046
1899,2413.0390762361963,2787.258736837947,0.2301167151913955,0.14006570355787953,2.5515038208120813,2.00136601267845
1900,3935.7002553525836,6703.378511098017,0.23203105309520303,0.2823483820681046,2.043268892367811,2.1664516412817427
