year,income,expenditure,trad_income,new_income,committed_exp,discretionary_exp,hi_spend,hi_share,arrears,balance_items,n_balance_rows,n_inc_rows,income_incomplete,observed,income_clean,income_interp,n_bad,perm3,perm5,perm7,perm,transitory,eff_income_sources,new_income_share,mean_horizon_yrs,multiyear_share,invest_spend_share,sec_income_share,rows_per_page,sections_per_page,subtotal_ratio,sig_per_page,person_share,latin_share,arrears_share,distinct_persons_per_page,persons_per_row,pages_per_year,rows_per_year,institutional_pay_share
1700,688.2791666666667,944.146875,446.91041666666666,241.36875000000003,735.5260416666666,208.6208333333334,128.82083333333333,0.1364415185225639,452.253125,548.4260416666667,2.0,130.0,False,True,688.2791666666667,688.2791666666667,0,,,,,,2.0195749245092918,0.35068437588914386,1.3922073336183023,0.17027524299812294,0.017321634058966372,0.0,33.583333333333336,2.5,0.05367231638418079,1.0833333333333333,0.4218362282878412,0.6242937853107344,0.10734463276836158,13.166666666666666,0.3920595533498759,12.0,403.0,0.5341418233612576
1701,88.20074059313872,427.9945451828235,88.20074059313872,0.0,247.49779980737935,180.49674537544416,177.47459400219188,0.4146655512312225,,,,11.0,True,True,,,1,,,,,,1.596187253643675,0.0,1.2227968892162384,0.16124734630215326,0.00493458941063786,0.0,40.8,3.8,0.06936416184971098,0.0,0.27450980392156865,0.5953757225433526,0.0,10.6,0.25980392156862747,5.0,204.0,0.45650650468604137
1702,569.2986483356495,767.5193153993781,437.9425584011648,131.35608993448477,688.0118374032163,79.50747799616181,73.09244920918538,0.09523206483885265,230.38680431473765,,,79.0,False,True,569.2986483356495,569.2986483356495,0,,,,,,2.3840406500525027,0.2307331842759607,0.6116382505559674,0.0,0.06995288782668324,0.0,38.0,3.3333333333333335,0.05583756345177665,0.0,0.37719298245614036,0.5583756345177665,0.15736040609137056,13.333333333333334,0.3508771929824561,6.0,228.0,0.7501478570495143
1703,296.1883509708898,442.3585698743943,195.4678073385422,100.72054363234761,387.1010945175222,55.25747535687208,28.15106484686645,0.06363856555296266,452.6423367289751,,,56.0,False,True,296.1883509708898,296.1883509708898,0,,,,,,2.748007691660114,0.34005572232058073,1.0,0.0,0.024537819823092936,0.0,34.833333333333336,2.8333333333333335,0.054945054945054944,0.0,0.35406698564593303,0.5604395604395604,0.2692307692307692,11.833333333333334,0.3397129186602871,6.0,209.0,0.6441946257144056
1704,537.8235448692681,213.53550781763235,465.9148764945473,71.90866837472078,185.61949809486268,27.916009722769672,24.516325055840227,0.11481146768704212,59.12495072920772,0.09854158454867953,1.0,99.0,False,True,537.8235448692681,537.8235448692681,0,449.2788548106669,,,,,1.9706922803678402,0.13370308730570737,0.6819101285941338,0.02239560757116024,0.0986982521583633,0.0,31.714285714285715,2.857142857142857,0.06315789473684211,0.0,0.45495495495495497,0.4473684210526316,0.1368421052631579,13.142857142857142,0.4144144144144144,7.0,222.0,0.36522006652950567
1705,406.4197758141057,471.8478972344952,333.11753395516286,73.30224185894286,345.28105056455576,126.56684666993942,120.99492718049422,0.25642781898498773,345.33014236622483,97.26313205694649,1.0,62.0,False,True,406.4197758141057,406.4197758141057,0,401.53882044029433,,,,,2.040885486523959,0.18036091307838062,0.7958271905647074,0.03692071021088392,0.036050408146455874,0.0,33.714285714285715,2.5714285714285716,0.09,0.0,0.4110169491525424,0.525,0.305,12.571428571428571,0.3728813559322034,7.0,236.0,0.5630600363278524
1706,491.61021163503557,242.18597143416162,421.6294104219657,69.98080121306987,208.3710379573469,33.8149334768147,22.940716102523968,0.09472355465791467,246.52709841518293,,,74.0,False,True,491.61021163503557,491.61021163503557,0,475.421165886241,448.3619330946457,,448.3619330946457,0.09208535709748134,1.7799269872928583,0.1423501781631473,0.505342712762405,0.0,0.09472355465791467,0.0,30.714285714285715,3.0,0.0718232044198895,0.0,0.23255813953488372,0.7403314917127072,0.30386740331491713,6.714285714285714,0.2186046511627907,7.0,215.0,0.7479761003113692
1707,958.4206550346038,238.22680085778342,868.4285342950905,89.99212073951333,178.20125418331872,60.02554667446469,48.157918250641714,0.20215155506114116,88.2852860902622,,,96.0,False,True,958.4206550346038,958.4206550346038,0,576.3911412022842,497.5903340147509,,497.5903340147509,0.6555096626845147,2.4092889184082713,0.09389626597338323,1.5570056840130233,0.6859444842999833,0.12090989297633203,0.0,35.333333333333336,4.0,0.07428571428571429,0.0,0.3490566037735849,0.6228571428571429,0.07428571428571429,12.166666666666666,0.3443396226415094,6.0,212.0,0.512797234689137
1708,469.5340828153328,173.1760716135716,387.00607841232835,82.52800440300445,110.5324074074074,62.64366420616419,55.691126003626,0.32158672664602445,486.33975977725976,,,60.0,False,True,469.5340828153328,469.5340828153328,0,604.8041013043546,545.6218642168641,503.06470727874455,545.6218642168641,-0.1501852895681992,2.4694274407636225,0.17576573761837563,1.1877346683354193,0.046933667083854824,0.15836887305018404,0.0,31.428571428571427,6.142857142857143,0.059880239520958084,0.0,0.39090909090909093,0.6107784431137725,0.23353293413173654,11.571428571428571,0.36818181818181817,7.0,220.0,0.4769644213355143
1709,976.8621568437693,319.2219910319688,266.5085970515178,710.3535597922514,312.3931417142489,6.828849317719914,5.006209877737993,0.015682534469364427,587.4564502080713,,,50.0,False,True,976.8621568437693,976.8621568437693,0,760.3592919706513,614.7951885843245,543.4040479532096,614.7951885843245,0.463056368255776,2.0178917102214755,0.7271789113905239,0.5238483471036739,0.005101250717363382,0.005179089111912537,0.003851329596208938,28.857142857142858,2.7142857142857144,0.06395348837209303,0.0,0.37623762376237624,0.5872093023255814,0.3488372093023256,10.428571428571429,0.3613861386138614,7.0,202.0,0.8477221481851083
1710,662.1373754419801,496.3205159112826,425.03013500482166,237.10724043715845,301.5800787528126,194.74043715847,157.5377692060431,0.3174113584984325,479.3705801992929,,,75.0,False,True,662.1373754419801,662.1373754419801,0,672.1757447913623,677.8367549075973,609.585062428556,677.8367549075973,-0.023433434295026423,3.1182330983459567,0.3580937268174722,0.6571363739505333,0.08599954617653732,0.1345970528054208,0.0,32.142857142857146,3.857142857142857,0.07608695652173914,0.0,0.39111111111111113,0.47282608695652173,0.1793478260869565,11.714285714285714,0.36444444444444446,7.0,225.0,0.4739959967374827
1711,542.3644000902119,356.0313164508022,499.1915152393839,43.17288485082804,294.0468135833494,61.98450286745282,38.77706359945872,0.10891475498846205,0.0,27.208583027256903,1.0,76.0,False,True,542.3644000902119,542.3644000902119,0,705.2734275858518,691.2882422385856,610.3176642550457,691.2882422385856,-0.24261877419685174,1.7544365663114838,0.07960125119503983,1.0,0.0,0.005768969729876475,0.06523292833474109,34.142857142857146,4.142857142857143,0.05,0.0,0.20502092050209206,0.715,0.005,6.857142857142857,0.200836820083682,7.0,239.0,0.6757669336229131
1712,23.442041271071496,253.63099851449977,14.347389071885294,9.094652199186202,228.7125395595169,24.918458954982867,24.821578505457598,0.09786492444076618,242.99433249370276,,,6.0,True,True,,,1,,,,,,1.9598795136335796,0.3879633217099315,0.8294784867879096,0.0,0.14594590293085474,0.0,31.571428571428573,2.4285714285714284,0.0625,0.8571428571428571,0.12217194570135746,0.9010416666666666,0.16145833333333334,3.857142857142857,0.12217194570135746,7.0,221.0,0.9108886466183364
1713,165.76843400012947,355.56661487667503,101.30203275716968,64.46640124295979,244.83313912086487,110.73347575581016,62.35029455557713,0.17535474914370897,17.155434712241856,,,25.0,False,True,165.76843400012947,165.76843400012947,0,,,,,,3.027369345575023,0.3888943129118867,0.6916499891017893,0.0,0.00027310278906223336,0.0,32.57142857142857,3.142857142857143,0.08994708994708994,0.0,0.17105263157894737,0.798941798941799,0.010582010582010581,5.285714285714286,0.16228070175438597,7.0,228.0,0.5902775407093845
1714,206.9412676010642,60.175158977353846,174.6753536435014,32.26591395756279,17.872785672571545,42.3023733047823,42.3023733047823,0.7029873127664235,0.0,,,27.0,False,True,206.9412676010642,206.9412676010642,0,,,,,,2.644649623817855,0.1559182193653329,,0.0,0.6836110596283128,0.0,29.25,1.875,0.07881773399014778,0.375,0.10256410256410256,0.8472906403940886,0.04926108374384237,2.75,0.09401709401709402,8.0,234.0,0.009772371147916514
1715,386.0884146341464,31.308943089430898,386.0884146341464,0.0,22.75609756097561,8.552845528455286,8.552845528455284,0.27317579849389767,5.975609756097562,,,34.0,False,True,386.0884146341464,386.0884146341464,0,236.5984543949461,,,,,1.0,0.0,,0.0,0.3762659049597507,0.0,32.857142857142854,3.142857142857143,0.08900523560209424,0.0,0.09565217391304348,0.93717277486911,0.18848167539267016,3.142857142857143,0.09565217391304348,7.0,230.0,0.01843676967021557
1716,865.3503732316318,359.41268987548085,565.9817295781994,299.3686436534324,285.53238477084557,73.88030510463528,70.66953517178433,0.19662504180436122,287.0450730164939,,,83.0,False,True,865.3503732316318,865.3503732316318,0,410.4326988844053,,,,,2.356797329580779,0.34595078815930574,1.2136060894386298,0.07120202981287661,0.0032196443653389408,0.0,31.625,2.625,0.08411214953271028,0.0,0.37549407114624506,0.5887850467289719,0.3037383177570093,10.75,0.33992094861660077,8.0,253.0,0.5347897311483587
1717,535.293324838267,162.07606351695745,466.15042802064954,69.1428968176175,129.8805789714435,32.19548454551395,25.44844148206234,0.15701542183247658,371.21704077631836,,,87.0,False,True,535.293324838267,535.293324838267,0,563.408672374008,361.0471361945292,,361.0471361945292,0.39380634639107104,1.436581058729386,0.12916824030732732,0.7396374488780811,0.0,0.022200383025904647,0.0,34.42857142857143,2.7142857142857144,0.08823529411764706,0.0,0.3817427385892116,0.6372549019607843,0.3088235294117647,12.285714285714286,0.35684647302904565,7.0,241.0,0.1650539260155226
1718,419.64490404139644,511.9630985131329,411.66199973799695,7.9829043033994935,433.84219231021154,78.12090620292133,33.320437872535535,0.06508367100930967,326.7945159494334,,,69.0,False,True,419.64490404139644,419.64490404139644,0,579.2800725863931,434.7503379996344,,434.7503379996344,-0.035363043590685095,1.6982011327085513,0.019022998317196314,0.8604320636725412,0.25884272190226665,0.053255183084682536,0.04682584201156013,32.42857142857143,3.5714285714285716,0.05759162303664921,0.0,0.3656387665198238,0.5340314136125655,0.3298429319371728,11.142857142857142,0.3436123348017621,7.0,227.0,0.4269350482675073
1719,483.39529577834685,165.4438316591163,394.4094281399777,88.98586763836914,136.8303131770731,28.61351848204322,23.492383953778482,0.1419961307604544,260.931652550719,35.835631278313976,1.0,84.0,False,True,483.39529577834685,483.39529577834685,0,477.0809408086753,515.1467820312165,384.59227492704065,515.1467820312165,-0.06361713701598326,1.503096673813109,0.18408509229508965,0.6079136690647482,0.0,0.023364254179274763,0.12223953005691778,31.833333333333332,1.6666666666666667,0.040229885057471264,0.0,0.33507853403141363,0.5114942528735632,0.21264367816091953,9.666666666666666,0.3036649214659686,6.0,191.0,0.39081799692445063
1720,211.4531918394209,452.4874547548536,149.01488976637052,62.43830207305038,362.0619447186575,90.4255100361961,53.90033728200066,0.11912006999443225,602.3167571569596,,,55.0,False,True,211.4531918394209,211.4531918394209,0,350.0522494676926,456.7057571695248,398.2009845536476,456.7057571695248,-0.7700356673194451,1.8562912982370594,0.29528190863378634,1.3393656353376142,0.11519750924304341,0.0029088595225379796,0.0,30.857142857142858,2.2857142857142856,0.03626943005181347,1.2857142857142858,0.4166666666666667,0.5233160621761658,0.33678756476683935,11.857142857142858,0.38425925925925924,7.0,216.0,0.4995738975308782
1721,,,,,,,,,,,,,False,False,,,0,,,,,,,,,0.0,0.0,0.0,,,,,,,,,,,,
1722,,,,,,,,,,,,,False,False,,,0,,,,,,,,,0.0,0.0,0.0,,,,,,,,,,,,
1723,234.97849109337642,421.557733104354,92.49250766070647,142.48598343266997,360.3436374044516,61.21409569990237,59.698791123682525,0.1416147455867082,826.8091052968314,,,50.0,False,True,234.97849109337642,234.97849109337642,0,,,,,,2.384887370769967,0.6063788339505869,0.7140166378904411,0.0726730497567101,0.006769710040738079,0.0,32.142857142857146,3.142857142857143,0.06315789473684211,0.0,0.3511111111111111,0.49473684210526314,0.3526315789473684,10.142857142857142,0.31555555555555553,7.0,225.0,0.3946101925073887
1724,609.3569707459445,397.2173437181837,592.7552093938777,16.601761352066774,306.8441169483473,90.37322676983644,63.74932125161203,0.1604897728152592,223.36336794950114,,,95.0,False,True,609.3569707459445,609.3569707459445,0,,,,,,1.0591312108226267,0.02724472214003513,2.6457399103139014,1.0,0.03161202645371267,0.0,28.285714285714285,2.142857142857143,0.05172413793103448,0.0,0.3282828282828283,0.5402298850574713,0.22413793103448276,9.0,0.3181818181818182,7.0,198.0,0.5722177278321999
1725,535.0607148965281,347.63126389601507,450.29929878570204,84.76141611082608,323.8241833418847,23.80708055413038,19.291944586967674,0.05549542457935648,,,,72.0,False,True,535.0607148965281,535.0607148965281,0,424.71831230168925,,,,,1.6370592939658701,0.15841457567524375,1.0190650426074817,0.019065042607481587,0.0025091016432155855,0.0,28.166666666666668,2.5,0.06944444444444445,0.0,0.38461538461538464,0.3263888888888889,0.16666666666666666,9.833333333333334,0.34911242603550297,6.0,169.0,0.47810685821115817
1726,1432.2280978485728,376.6894221486692,1094.1033995310993,338.12469831747353,235.8058371259137,140.8835850227555,36.92594124948283,0.09802755022653424,417.08578989104956,,,87.0,False,True,1432.2280978485728,1432.2280978485728,0,775.8224564033358,,,,,2.0174758734652984,0.23608299461893598,0.5030502988047809,0.0,0.0633838268271475,0.0,35.833333333333336,1.8333333333333333,0.05154639175257732,1.0,0.34418604651162793,0.5876288659793815,0.36082474226804123,11.166666666666666,0.3116279069767442,6.0,215.0,0.6216191478650863
1727,828.1298873944323,121.47673165815175,768.8892364369374,59.24065095749495,79.07152538838494,42.40520626976681,11.40392034198728,0.09387740504971032,134.15354672783513,191.3360615855142,1.0,103.0,False,True,828.1298873944323,828.1298873944323,0,859.3522886343593,618.9887011644206,,618.9887011644206,0.2910829917677571,1.6990673261000602,0.07153545821644648,4.0,1.0,0.10610828982190114,0.0,34.166666666666664,2.8333333333333335,0.056179775280898875,0.0,0.2634146341463415,0.5449438202247191,0.19101123595505617,8.5,0.24878048780487805,6.0,205.0,0.6061082898219011
1728,757.9728995865742,367.23841181416856,757.578743605914,0.39415598066011626,263.34327482306776,103.8951369911008,88.58436689790483,0.2412175961122788,169.3721095228085,,,80.0,False,True,757.9728995865742,757.9728995865742,0,965.1350967245586,782.3621565287006,,782.3621565287006,-0.031670116626977496,1.3996833146605632,0.0005200132892285506,2.878535773710482,1.0,0.0378516166539958,0.0,35.0,3.1666666666666665,0.04945054945054945,0.0,0.3761904761904762,0.5494505494505495,0.1978021978021978,12.666666666666666,0.3619047619047619,6.0,210.0,0.5258351594293635
1729,1091.6395129101763,268.5793507823814,972.2038253682315,119.43568754194484,242.25566034403593,26.323690438345494,26.217724559358558,0.09761630774289003,133.010358164671,,,102.0,False,True,1091.6395129101763,1091.6395129101763,0,881.6112591680707,879.1223631501348,690.954587715742,879.1223631501348,0.21651189020079809,2.2183799300305993,0.10940945809440704,1.5674734140080675,0.8975064173083976,0.10549071181982574,0.0,35.0,2.6666666666666665,0.043010752688172046,0.0,0.3380952380952381,0.46774193548387094,0.12903225806451613,11.0,0.3142857142857143,6.0,210.0,0.23315798125924703
1730,2193.781160968661,445.3970797720798,1029.2245370370372,1164.5566239316238,401.86743233618233,43.52964743589746,35.0627670940171,0.07872248985547804,790.944399928775,,,111.0,False,True,2193.781160968661,2193.781160968661,0,1219.8564942541175,1165.7552372512455,950.7022728466258,1165.7552372512455,0.6322574632627163,2.1973609431488916,0.5308444819616445,0.7451789087780334,0.08080354637786881,0.0004797409398924581,0.0,32.22222222222222,3.0,0.011538461538461539,0.0,0.36551724137931035,0.47692307692307695,0.36923076923076925,10.333333333333334,0.32068965517241377,9.0,290.0,0.3052151838007475
1731,1483.3846208262594,754.2533248443691,1024.131649688738,459.2529711375214,659.1503961516696,95.10292869269949,83.42176004527448,0.11060177966399755,486.2872276457273,,,61.0,False,True,1483.3846208262594,1483.3846208262594,0,1525.8392205467733,1173.9664663788178,1079.5480048434597,1173.9664663788178,0.23393822531376163,2.8267487320903086,0.30959803997544016,2.9883616533102777,0.7892794200778106,0.0861401925038395,0.0,26.428571428571427,2.2857142857142856,0.018072289156626505,0.0,0.43783783783783786,0.39156626506024095,0.3795180722891566,10.714285714285714,0.40540540540540543,7.0,185.0,0.17793122853089804
1732,396.1165858628443,527.5896746767847,339.78226883080384,56.334317032040474,496.8051749578415,30.784499718943266,25.198496346261944,0.047761541887072,937.542817242833,,,17.0,False,True,396.1165858628443,396.1165858628443,0,1088.320226547841,1012.9793809195027,1034.1598383719577,1012.9793809195027,-0.9389425728998848,1.9789941812251608,0.14221650656038493,1.5801171439963702,0.23263807729853847,0.005127415441344782,0.0,22.857142857142858,2.142857142857143,0.028368794326241134,0.8571428571428571,0.43125,0.44680851063829785,0.3971631205673759,8.857142857142858,0.3875,7.0,160.0,0.3540413772437645
1733,378.65979201563374,831.6801018983808,126.80699504466779,251.85279697096595,538.4518076493579,293.22829424902295,271.27172319933,0.3261731554958801,995.6575411781129,,,25.0,False,True,378.65979201563374,378.65979201563374,0,605.9572655290948,881.6977006108533,855.1653524383652,881.6977006108533,-0.8452110986254713,3.1143411514505535,0.6651162924648933,0.9464704579402627,0.05847641008456816,0.0014161260037448664,0.0,31.5,2.5,0.05454545454545454,1.0,0.5238095238095238,0.48484848484848486,0.3393939393939394,13.666666666666666,0.43386243386243384,6.0,189.0,0.08700914188009079
1734,1299.7781475318911,561.7742131170271,948.4712978369384,351.3068496949527,410.33173876871876,151.44247434830834,148.92063574597893,0.26508983906485617,543.4746342900721,343.3556919023849,1.0,92.0,False,True,1299.7781475318911,1299.7781475318911,0,579.8475370271466,913.0145635018125,912.0472748790444,913.0145635018125,0.3531970414122627,1.8160761173779691,0.27028216343076583,0.8534190057490699,0.025404125803178898,0.0424301091026892,0.0,42.0,4.4,0.062146892655367235,0.0,0.4380952380952381,0.6101694915254238,0.4915254237288136,17.0,0.40476190476190477,5.0,210.0,0.23842929150742198
1735,794.9810606060606,598.7452651515151,479.6379993112948,315.34306129476585,374.97309745179064,223.7721676997245,211.9651773415978,0.35401562179862767,697.8208935950413,,,45.0,False,True,794.9810606060606,794.9810606060606,0,731.4058031430185,745.2644424210345,918.2795999252139,745.2644424210345,0.06457917956619497,2.840690194961523,0.39666738859710865,0.8744957474969444,0.019606477230268447,0.0,0.0,34.4,3.6,0.08450704225352113,0.0,0.4011627906976744,0.5422535211267606,0.4014084507042254,11.8,0.3430232558139535,5.0,172.0,0.2397403316307274
1736,596.1873973727422,661.3300492610838,392.66685481663933,203.5205425561029,354.2746390941434,307.05541016694036,34.699772509578544,0.05246967463273329,692.8120296250685,,,40.0,False,True,596.1873973727422,596.1873973727422,0,850.882519452978,621.0637836645461,842.2613483892748,621.0637836645461,-0.04087874510791245,2.4322266616510695,0.3413700850654846,0.6490863170405586,0.003639875204278711,0.0015518311607697081,0.0,35.4,5.0,0.11764705882352941,0.0,0.3559322033898305,0.5955882352941176,0.4485294117647059,12.0,0.3389830508474576,5.0,177.0,0.3141763009517897
1737,1279.6919606443719,582.4029703643284,515.9032592441545,763.7887014002174,359.12647838499186,223.27649197933658,192.20916598694942,0.3300277913533149,533.8637251903208,,,56.0,False,True,1279.6919606443719,1279.6919606443719,0,846.4766937731879,785.222413523241,779.8404322821198,785.222413523241,0.488407665223634,2.1372534100950804,0.5968535592078126,1.1829849992198704,0.2590327877378467,0.0,0.0,42.4,5.2,0.10778443113772455,0.0,0.39622641509433965,0.562874251497006,0.32934131736526945,15.2,0.3584905660377358,5.0,212.0,0.48429715594523426
1738,1105.9045363992436,211.79430037817397,897.7959548892491,208.10858150999456,114.25622974068072,97.53807063749325,60.547930172879525,0.285880829015544,133.87189357104268,,,65.0,False,True,1105.9045363992436,1105.9045363992436,0,944.9350481487609,972.9407135081947,747.8014462300187,972.9407135081947,0.1280957153872464,1.7409225552588152,0.18817951700205804,0.9261616161616162,0.005050505050505051,0.001673973694699083,0.0,42.75,3.0,0.08163265306122448,0.0,0.43859649122807015,0.6802721088435374,0.24489795918367346,17.5,0.4093567251461988,4.0,171.0,0.328248306098047
1739,374.89935587761676,324.30681360708536,297.9254730273752,76.97388285024158,236.41514023081052,87.89167337627484,55.048141438539986,0.16974093398245307,774.164024758454,,,42.0,False,True,374.89935587761676,374.89935587761676,0,809.5541904304526,758.7443494624614,741.9434832098126,758.7443494624614,-0.7050072895569981,2.9405429661505087,0.2053187919463088,0.9899629885201682,0.0,0.1420757608084256,0.0,31.333333333333332,2.1666666666666665,0.10759493670886076,1.0,0.4308510638297872,0.5126582278481012,0.34810126582278483,12.0,0.3829787234042553,6.0,188.0,0.27555262460318997
1740,1454.1635416666666,3087.9895833333335,109.128125,1345.0354166666666,1180.6354166666665,1907.354166666667,1867.0625,0.6046207247838568,1060.28125,,,20.0,False,True,1454.1635416666666,1454.1635416666666,0,844.7895413507018,856.1438941881139,899.1898678594603,856.1438941881139,0.5297476661416756,1.2066490543956412,0.9249547097880583,0.876451288081529,0.019895655934906605,0.1446444052393851,0.04813763926426776,41.4,4.8,0.08284023668639054,0.0,0.3961352657004831,0.47928994082840237,0.39644970414201186,14.6,0.3526570048309179,5.0,207.0,0.2902576177191877
1741,634.3518794996849,456.7574068544508,355.2221226900236,279.1297568096613,255.82678079692116,200.93062605752962,61.2040078298663,0.13399674950289187,1075.4205235393651,,,40.0,False,True,634.3518794996849,634.3518794996849,0,701.9174819060725,866.8346272517546,811.6070916220752,866.8346272517546,-0.312244401782535,2.536166217431393,0.4400235355648536,1.1982427994886322,0.16238437821171633,0.12387299454315989,0.07845188284518828,37.4,3.6,0.07643312101910828,0.0,0.48663101604278075,0.5159235668789809,0.35668789808917195,14.0,0.37433155080213903,5.0,187.0,0.45447488128421876
1742,1484.8538323096227,547.8326646192457,723.9428538405652,760.9109784690575,410.8360577240605,136.99660689518527,128.97203784426392,0.23542232176663283,396.1047404398652,,,72.0,False,True,1484.8538323096227,1484.8538323096227,0,1110.5609426798558,893.0009156080221,887.3742497144491,893.0009156080221,0.50848401077827,2.771946752632025,0.5124484052989209,1.1927068963876972,0.06575780350670231,0.02089616341692678,0.03335976631483697,39.2,3.8,0.09259259259259259,0.0,0.4744897959183674,0.5802469135802469,0.3271604938271605,16.6,0.42346938775510207,5.0,196.0,0.399240482007599
1743,1128.4718798277618,364.65420898662194,1035.0146270913453,93.45725273641642,295.6829536863557,68.97125530026625,34.36133846103277,0.09422992416986851,176.74025408408113,35.689486572658836,1.0,78.0,False,True,1128.4718798277618,1128.4718798277618,0,1020.5514220591199,896.6160826465386,972.0613420378522,896.6160826465386,0.2299919088305824,1.6014703612956303,0.08281752909135916,0.9350196910027264,0.0,0.023120866243760634,0.05359509488370739,28.428571428571427,3.7142857142857144,0.0949367088607595,0.0,0.4472361809045226,0.6582278481012658,0.2088607594936709,11.285714285714286,0.3969849246231156,7.0,199.0,0.3821506236549447
1744,657.1098759979061,554.5842330846748,500.7208235178642,156.38905248004193,275.6204194477163,278.9638136369585,99.8478602277189,0.1800409284489593,728.4581124852768,92.11408847009554,1.0,54.0,False,True,657.1098759979061,657.1098759979061,0,1032.6127426585615,1003.1160623775838,883.773916077535,1003.1160623775838,-0.4230152530357927,2.843040229491999,0.23799528540420273,2.7629212395539966,0.6301204430534365,0.14041039066388894,0.07468666609614352,29.714285714285715,3.142857142857143,0.10714285714285714,0.0,0.40865384615384615,0.5595238095238095,0.35714285714285715,12.0,0.40384615384615385,7.0,208.0,0.12149665382275399
1745,1345.681688650057,486.9046165119687,147.7751994789122,1197.9064891711446,402.10979482169023,84.79482169027847,40.3028822667318,0.08277367044791843,827.3957824458556,,,32.0,False,True,1345.681688650057,1345.681688650057,0,999.2872806481995,987.6816900751782,908.9000705821053,987.6816900751782,0.3092955255494596,1.3360088827211378,0.8901856206223958,1.223876855448473,0.15557660071204657,0.09411115500623937,0.0,34.166666666666664,3.5,0.06358381502890173,0.0,0.424390243902439,0.6127167630057804,0.35260115606936415,13.666666666666666,0.4,6.0,205.0,0.45474516787796315
1746,786.808865006808,774.2687463528497,444.2158221487389,342.5930428580691,480.91020715814045,293.35853919470924,180.8743435129352,0.2336066699901473,720.7113564157427,,,78.0,False,True,786.808865006808,786.808865006808,0,886.1009331441809,1031.1570264686477,1010.4379389532414,1031.1570264686477,-0.2704514238147748,2.4761329240861474,0.43542092380352726,0.7836469887952561,0.03763116813105769,0.00824851261156231,0.06180493589669305,34.42857142857143,4.142857142857143,0.06532663316582915,0.0,0.43983402489626555,0.47738693467336685,0.27638190954773867,13.428571428571429,0.3900414937759336,7.0,241.0,0.24445116119012011
1747,863.4971923709942,588.9011924355374,557.0884564494787,306.4087359215155,459.49611934036847,129.40507309516892,125.22590118436761,0.2126433140107373,553.414536741214,,,76.0,False,True,863.4971923709942,863.4971923709942,0,970.5639862912357,925.2098561223216,937.9368486907573,925.2098561223216,-0.06902993713536176,2.6554695100382126,0.35484624458381514,0.5745151770657674,0.0,0.08648759729084074,0.05634000210223888,31.714285714285715,3.7142857142857144,0.07103825136612021,0.0,0.4774774774774775,0.6010928961748634,0.2786885245901639,13.857142857142858,0.4369369369369369,7.0,222.0,0.441985118461499
1748,988.0272584168594,805.3039064507838,677.5712381135954,310.4560203032639,472.64621080699044,332.6576956437933,276.7353749036237,0.3436409195173033,357.6060941917245,,,73.0,False,True,988.0272584168594,988.0272584168594,0,875.5877970402662,900.9400381707527,999.228564463386,900.9400381707527,0.09227158177419614,2.4718473934938223,0.3142180720810429,0.7385754806177119,0.0,0.057594494863867564,0.04877206173730148,30.714285714285715,3.142857142857143,0.0546448087431694,0.0,0.4418604651162791,0.5191256830601093,0.37158469945355194,12.0,0.39069767441860465,7.0,215.0,0.41642939064525775
1749,1500.9314336883176,1615.2529262208577,309.71069589689466,1191.2207377914228,433.1316559531804,1182.1212702676773,201.5814384854009,0.12479868335978371,723.2122869295468,,,65.0,False,True,1500.9314336883176,1500.9314336883176,0,1085.9176776865982,1062.7728697610717,1000.7670655408676,1062.7728697610717,0.3452044637442624,1.555228603303435,0.7936543342717353,2.6697829331943312,0.4570825111105846,0.05802869013478856,0.040590101235547765,31.428571428571427,3.4285714285714284,0.08888888888888889,0.0,0.45454545454545453,0.5166666666666667,0.25,13.0,0.41363636363636364,7.0,220.0,0.1612383100229854
1750,1227.3201209805795,1656.1067335243554,890.4628303088189,336.85729067176067,586.2981534543139,1069.8085800700414,163.21235275390003,0.09855183210720263,417.8436405603311,883.1452960840496,1.0,64.0,False,True,1227.3201209805795,1227.3201209805795,0,1220.9443735950554,1043.3825319213474,1012.8440756764528,1043.3825319213474,0.16236515902731874,3.125012905675818,0.2744657118491834,0.712863705972435,0.0,0.02700491293330594,0.08365731628626366,26.125,3.375,0.06432748538011696,0.75,0.45933014354066987,0.7309941520467836,0.38596491228070173,10.5,0.4019138755980861,8.0,209.0,0.6498432643311911
1751,902.5795526149968,525.3485349716445,723.0102000630119,179.56935255198493,306.13382167611843,219.2147132955261,193.68501890359167,0.36867908828192647,418.15926275992433,,,51.0,False,True,902.5795526149968,902.5795526149968,0,1184.680934590338,1072.424706791182,1059.827273994513,1072.424706791182,-0.17242061161554112,1.8828106052691271,0.1989512747455091,0.8625964264521658,0.010373398386848639,0.003178494188378256,0.05235990453044074,26.285714285714285,2.2857142857142856,0.03067484662576687,0.42857142857142855,0.5217391304347826,0.5398773006134969,0.38650306748466257,11.428571428571429,0.43478260869565216,7.0,184.0,0.5906451818451008
1752,1353.839257873402,645.6374727159339,907.1523230433427,446.6869348300593,579.4073511069536,66.23012160898031,64.6398503274088,0.10011787273668499,279.8614359214219,,,81.0,False,True,1353.839257873402,1353.839257873402,0,1144.643244282742,1173.351264018184,1060.7427140931836,1173.351264018184,0.14308046829455012,2.6956599646575525,0.3299408938190424,0.8799278859550375,0.030762714698112998,0.06730065395975424,0.03454818175798423,26.875,3.375,0.08045977011494253,0.0,0.4325581395348837,0.5689655172413793,0.41954022988505746,8.75,0.32558139534883723,8.0,215.0,0.1869528010999444
1753,1333.9486882716049,573.3989197530864,965.7407407407406,368.2079475308642,460.79089506172835,112.60802469135803,18.950617283950617,0.03304962153069807,89.15123456790123,1119.8649691358023,2.0,80.0,False,True,1333.9486882716049,1333.9486882716049,0,1176.875637920233,1245.9542192578078,1143.8337254626153,1245.9542192578078,0.06824180466807928,1.8419646064214599,0.27602856899087375,1.457618025751073,0.11802575107296139,0.07400504625735913,0.042865055045486815,30.833333333333332,3.5,0.05806451612903226,0.0,0.3837837837837838,0.6774193548387096,0.4967741935483871,10.5,0.34054054054054056,6.0,185.0,0.24673507148864593
1754,538.0184463794683,614.1928276810264,344.78498319584475,193.23346318362354,369.0259318667888,245.1668958142376,127.94741063244727,0.20831798234364143,965.4617323556369,,,59.0,False,True,538.0184463794683,538.0184463794683,0,990.454351949759,1014.8207711893647,1069.0817875425548,1014.8207711893647,-0.6345744492500991,2.4119011436459568,0.3591576914954596,0.9434482758620689,0.012413793103448277,0.003133933693051715,0.0007666384501126001,24.333333333333332,2.0,0.08064516129032258,0.5555555555555556,0.3972602739726027,0.6505376344086021,0.3172043010752688,8.0,0.3287671232876712,9.0,219.0,0.3862619912604289
1755,1168.598759830611,639.9737220205686,850.7297338173018,317.86902601330917,471.39859346642464,168.575128554144,51.52658045977011,0.08051358780339743,59.89677858439202,,,78.0,False,True,1168.598759830611,1168.598759830611,0,943.048228979223,1004.9185454996568,1095.0267186646417,1004.9185454996568,0.1508989009216375,1.75159370009616,0.27200869703077935,1.7526666073637989,0.21894079686880857,0.013886899020886476,0.06794555296355853,27.375,2.0,0.10326086956521739,0.75,0.4520547945205479,0.6358695652173914,0.32065217391304346,11.125,0.4063926940639269,8.0,219.0,0.3422569681895188
1756,1085.6263102725368,478.3056304282719,304.4025157232704,781.2237945492664,291.81266846361183,186.49296196466008,50.636418089248274,0.10586623879779282,539.6048592392932,,,40.0,False,True,1085.6263102725368,1085.6263102725368,0,880.4694986922074,1042.7251171633636,1045.5083430625057,1042.7251171633636,0.04031947383748413,1.803883464259727,0.7196065415484884,1.59387718132963,0.18198176438620856,0.17306969827417523,0.05172547565885324,24.0,2.2857142857142856,0.10144927536231885,0.42857142857142855,0.4107142857142857,0.7101449275362319,0.3695652173913043,8.857142857142858,0.36904761904761907,7.0,168.0,0.4132900246546394
1757,1880.8644721233686,585.943987247924,921.742474792408,959.1219973309607,426.7598976868327,159.18408956109135,64.18853795966784,0.10954722525808333,247.9370551601423,,,65.0,False,True,1880.8644721233686,1880.8644721233686,0,1336.2911578092271,1113.5966476970495,1111.2535642025143,1113.5966476970495,0.5241364964880315,2.2534313446987624,0.5099367931854105,1.7190589839754515,0.7217865666553017,0.06265015650281452,0.035476228955698075,23.5,2.625,0.11333333333333333,0.75,0.3776595744680851,0.66,0.3333333333333333,8.25,0.35106382978723405,8.0,188.0,0.6147136370178583
1758,1719.687041116006,1213.946402349486,716.4188693098384,1003.2681718061675,327.30359765051395,886.6428046989722,123.60499265785609,0.10182079902261709,726.6859397944199,,,37.0,False,True,1719.687041116006,1719.687041116006,0,1519.9492726449398,1171.6286250457063,1218.4508458522982,1171.6286250457063,0.3837475533182815,3.232642607558622,0.5834016003022782,1.079526627218935,0.3635502958579882,0.00540252026890126,0.06404197738144095,30.571428571428573,3.0,0.06043956043956044,0.8571428571428571,0.37850467289719625,0.6318681318681318,0.3626373626373626,8.571428571428571,0.2803738317757009,7.0,214.0,0.7780256683974489
1759,,,,,,,,,,,,,False,False,,,0,,,,,,,,,0.0,0.0,0.0,,,,,,,,,,,,
1760,,,,,,,,,,,,,False,False,,,0,,,,,,,,,0.0,0.0,0.0,,,,,,,,,,,,
1761,1581.1753592754492,543.8228550612839,442.83824033599035,1138.3371189394588,334.74757864061024,209.07527642067367,77.78706322676494,0.1430375029346625,205.89411731093395,,,52.0,False,True,1581.1753592754492,1581.1753592754492,0,,,,,,1.844464681640582,0.7199309755630681,2.512678900172219,0.572005463507334,0.07537198386469195,0.05231040442876689,24.875,1.875,0.08235294117647059,0.625,0.4271356783919598,0.5,0.17058823529411765,8.625,0.34673366834170855,8.0,199.0,0.20112986558835255
1762,1686.2302363141787,505.26146152102456,536.0678411538025,1150.162395160376,298.692869488836,206.56859203218858,144.94963447806867,0.28688044807873625,391.6229244588008,,,59.0,False,True,1686.2302363141787,1686.2302363141787,0,,,,,,2.005043377621066,0.6820909567334301,0.9997170411940863,0.0,0.0,0.05990125681734401,24.25,2.875,0.08227848101265822,0.625,0.3556701030927835,0.6455696202531646,0.2911392405063291,8.0,0.32989690721649484,8.0,194.0,0.4290886658932308
1763,1141.0083466824046,570.5472065312088,352.72285923053147,788.2854874518732,434.0828134221398,136.46439310906896,135.07327937498243,0.2367433892038414,557.8857881572661,,,47.0,False,True,1141.0083466824046,1141.0083466824046,0,1448.9783969266675,,,,,1.9124680200859858,0.6908674154259185,0.9815920885146382,0.010966415352981495,0.06781116804713873,0.09051612664868658,22.0,2.888888888888889,0.08860759493670886,0.5555555555555556,0.3333333333333333,0.6645569620253164,0.37341772151898733,6.777777777777778,0.30808080808080807,9.0,198.0,0.4334687381187303
1764,1306.3796203378492,971.1542482020404,890.1397948374868,416.2398255003625,301.06501226515024,670.0892359368902,481.3479121369237,0.49564516968141126,33.03227964542565,,,70.0,False,True,1306.3796203378492,1306.3796203378492,0,1359.6434354870044,,,,,2.6107063710189156,0.31862088096009694,0.9512839388559304,0.0,0.027296847838371663,0.11202374903479537,23.625,2.375,0.1038961038961039,0.75,0.4603174603174603,0.551948051948052,0.33766233766233766,10.0,0.42328042328042326,8.0,189.0,0.47378670211525453
1765,840.8198534494677,989.4960597262547,509.69169086133,331.1281625881377,110.18508917461634,879.3109705516383,95.0124429697221,0.09602104226267198,153.6957348264897,23.185400248859395,1.0,43.0,False,True,840.8198534494677,840.8198534494677,0,1078.1695411157689,1272.892176503707,,1272.892176503707,-0.4146694628041301,2.023538964910311,0.3938158230085585,0.7207801656238731,0.022673642523201892,0.005337413240836799,0.20389203587842114,23.375,2.75,0.13013698630136986,0.75,0.32620320855614976,0.4931506849315068,0.18493150684931506,6.875,0.29411764705882354,8.0,187.0,0.807841770847524
1766,1482.8020421878427,748.6113396971691,1058.5997503840244,424.2022918038183,533.4744280776827,215.13691161948645,47.00015086679833,0.06278311371266564,,,,96.0,False,True,1482.8020421878427,1482.8020421878427,0,1176.5720030423658,1256.6439501613443,,1256.6439501613443,0.16548893371079565,2.5535042712277822,0.2860815400401775,0.5645758877340241,0.0,0.07301184898159217,0.05938172936568729,22.6,2.2,0.0918918918918919,0.6,0.46017699115044247,0.25405405405405407,0.16216216216216217,8.6,0.3805309734513274,10.0,226.0,0.3108147720662663
1767,1137.8624445532969,615.0952798867935,979.3869227419925,158.47552181130436,428.7688450757885,186.32643481100502,31.6556453588048,0.05146462083830481,159.62017307535308,,,66.0,False,True,1137.8624445532969,1137.8624445532969,0,1123.6351045606812,1161.5738409268688,1280.2784405335954,1161.5738409268688,-0.02062439130686844,1.5394564440587666,0.13927476257775503,1.6234868491352334,0.6601230365293319,0.010966510114158438,0.012555894282359639,22.625,1.875,0.09933774834437085,0.0,0.3425414364640884,0.695364238410596,0.152317880794702,7.0,0.30939226519337015,8.0,181.0,0.4238157980237608
1768,,,,,,,,,,,,,False,False,,,0,,,,,,,,,0.0,0.0,0.0,,,,,,,,,,,,
1769,,,,,,,,,,,,,False,False,,,0,,,,,,,,,0.0,0.0,0.0,,,,,,,,,,,,
1770,,,,,,,,,,,,,False,False,,,0,,,,,,,,,0.0,0.0,0.0,,,,,,,,,,,,
1771,,,,,,,,,,,,,False,False,,,0,,,,,,,,,0.0,0.0,0.0,,,,,,,,,,,,
1772,,,,,,,,,,,,,False,False,,,0,,,,,,,,,0.0,0.0,0.0,,,,,,,,,,,,
1773,,,,,,,,,,,,,False,False,,,0,,,,,,,,,0.0,0.0,0.0,,,,,,,,,,,,
1774,,,,,,,,,,,,,False,False,,,0,,,,,,,,,0.0,0.0,0.0,,,,,,,,,,,,
1775,,,,,,,,,,,,,False,False,,,0,,,,,,,,,0.0,0.0,0.0,,,,,,,,,,,,
1776,,,,,,,,,,,,,False,False,,,0,,,,,,,,,0.0,0.0,0.0,,,,,,,,,,,,
1777,,,,,,,,,,,,,False,False,,,0,,,,,,,,,0.0,0.0,0.0,,,,,,,,,,,,
1778,,,,,,,,,,,,,False,False,,,0,,,,,,,,,0.0,0.0,0.0,,,,,,,,,,,,
1779,,,,,,,,,,,,,False,False,,,0,,,,,,,,,0.0,0.0,0.0,,,,,,,,,,,,
1780,,,,,,,,,,,,,False,False,,,0,,,,,,,,,0.0,0.0,0.0,,,,,,,,,,,,
1781,,,,,,,,,,,,,False,False,,,0,,,,,,,,,0.0,0.0,0.0,,,,,,,,,,,,
1782,,,,,,,,,,,,,False,False,,,0,,,,,,,,,0.0,0.0,0.0,,,,,,,,,,,,
1783,,,,,,,,,,,,,False,False,,,0,,,,,,,,,0.0,0.0,0.0,,,,,,,,,,,,
1784,,,,,,,,,,,,,False,False,,,0,,,,,,,,,0.0,0.0,0.0,,,,,,,,,,,,
1785,,,,,,,,,,,,,False,False,,,0,,,,,,,,,0.0,0.0,0.0,,,,,,,,,,,,
1786,,,,,,,,,,,,,False,False,,,0,,,,,,,,,0.0,0.0,0.0,,,,,,,,,,,,
1787,,,,,,,,,,,,,False,False,,,0,,,,,,,,,0.0,0.0,0.0,,,,,,,,,,,,
1788,,,,,,,,,,,,,False,False,,,0,,,,,,,,,0.0,0.0,0.0,,,,,,,,,,,,
1789,,,,,,,,,,,,,False,False,,,0,,,,,,,,,0.0,0.0,0.0,,,,,,,,,,,,
1790,,,,,,,,,,,,,False,False,,,0,,,,,,,,,0.0,0.0,0.0,,,,,,,,,,,,
1791,,,,,,,,,,,,,False,False,,,0,,,,,,,,,0.0,0.0,0.0,,,,,,,,,,,,
1792,,,,,,,,,,,,,False,False,,,0,,,,,,,,,0.0,0.0,0.0,,,,,,,,,,,,
1793,,,,,,,,,,,,,False,False,,,0,,,,,,,,,0.0,0.0,0.0,,,,,,,,,,,,
1794,,,,,,,,,,,,,False,False,,,0,,,,,,,,,0.0,0.0,0.0,,,,,,,,,,,,
1795,,,,,,,,,,,,,False,False,,,0,,,,,,,,,0.0,0.0,0.0,,,,,,,,,,,,
1796,,,,,,,,,,,,,False,False,,,0,,,,,,,,,0.0,0.0,0.0,,,,,,,,,,,,
1797,,,,,,,,,,,,,False,False,,,0,,,,,,,,,0.0,0.0,0.0,,,,,,,,,,,,
1798,,,,,,,,,,,,,False,False,,,0,,,,,,,,,0.0,0.0,0.0,,,,,,,,,,,,
1799,,,,,,,,,,,,,False,False,,,0,,,,,,,,,0.0,0.0,0.0,,,,,,,,,,,,
1800,2242.913696329072,2085.8540232710584,1161.5725376925598,1081.3411586365123,1386.3881719108488,699.4658513602096,130.82186168469354,0.06271860840939258,449.7879793510324,1590.831387250082,2.0,76.0,False,True,2242.913696329072,2242.913696329072,0,,,,,,2.3531837298914597,0.48211447475947017,0.827242076264129,0.0035651747250719113,0.02867327191632936,0.049340545250334336,31.428571428571427,4.857142857142857,0.09411764705882353,0.0,0.41363636363636364,0.28823529411764703,0.16470588235294117,11.571428571428571,0.36818181818181817,7.0,220.0,0.44334657034924807
1801,2297.7040269575155,1937.4126817806566,1248.1350614402743,1049.5689655172412,1414.3894471962913,523.0232345843654,166.54759636756208,0.08596392391449087,596.8716263415254,288.51626500285766,1.0,88.0,False,True,2297.7040269575155,2297.7040269575155,0,,,,,,2.211302583663514,0.456790323385131,0.9630536304622823,0.06048148848226571,0.0,0.04665828455101809,29.25,4.75,0.08287292817679558,0.0,0.43162393162393164,0.36464088397790057,0.15469613259668508,10.75,0.36752136752136755,8.0,234.0,0.4425461194136868
1802,1088.2635938173532,1134.1643766549664,1037.4599729047354,50.803620912617816,642.7216115524355,491.44276510253087,222.44288441406493,0.1961293168721487,77.37304867910586,,,68.0,False,True,1088.2635938173532,1088.2635938173532,0,1776.6978755115067,,,,,1.1089327895954721,0.046683194403675285,0.8276878381836223,0.0,0.1427482486484423,0.0,29.857142857142858,3.142857142857143,0.05056179775280899,0.0,0.5358851674641149,0.2696629213483146,0.38202247191011235,14.142857142857142,0.47368421052631576,7.0,209.0,0.16686567987223566
1803,1889.0182333691948,1768.8572111649032,797.8009570557647,1091.2172763134301,1026.9928388918772,741.864372273026,456.61636707309776,0.25814201632046224,395.83473417608025,65.46885272846811,1.0,92.0,False,True,1889.0182333691948,1889.0182333691948,0,1677.8563608201648,,,,,2.1823360607827804,0.5776637075477925,0.670570026470513,0.0,0.00047516873769840935,0.04934320217152013,30.22222222222222,4.0,0.09302325581395349,0.6666666666666666,0.3860294117647059,0.2837209302325581,0.2186046511627907,10.555555555555555,0.3492647058823529,9.0,272.0,0.48363149291681795
1804,1658.4323107182256,1239.2594568309817,830.3966716019276,828.0356391162981,740.1276635893862,499.13179324159546,192.5101063984207,0.15534285846057214,316.0363322301573,215.12339966904716,1.0,84.0,False,True,1658.4323107182256,1658.4323107182256,0,1505.067578073307,1774.005368973973,,1774.005368973973,-0.06736714534534816,2.398925737699311,0.49928817339412335,0.9471479987998651,0.0,0.02506952776754922,0.016715138343261524,33.625,4.125,0.09259259259259259,0.75,0.39776951672862454,0.25925925925925924,0.23148148148148148,13.0,0.38661710037174724,8.0,269.0,0.7371272056169798
1805,2044.13500211685,1391.5246613039797,1140.0230207451311,904.1119813717189,961.8649449618966,429.659716342083,106.15121366073949,0.07628410520677842,196.66463801862827,,,115.0,False,True,2044.13500211685,2044.13500211685,0,1857.011065854375,1741.3831276591216,,1741.3831276591216,0.1602950197492401,2.2894203808617886,0.442295631372412,0.8765313768038379,0.005775968427300797,0.017579255287119174,0.012683174987815841,35.375,4.25,0.08771929824561403,0.75,0.3992932862190813,0.2850877192982456,0.2236842105263158,13.0,0.3674911660777385,8.0,283.0,0.4605835876665051
1806,1383.0944142362828,1520.2875267754162,655.3184386499698,727.7759755863129,883.0249011369253,637.2626256384908,240.18663838084254,0.1579876399369578,456.3384790190586,157.04725517658042,1.0,82.0,False,True,1383.0944142362828,1383.0944142362828,0,1673.7337910189042,1573.2794885812013,1747.0492585989775,1573.2794885812013,-0.12883896892663493,2.392499373869458,0.526193995214836,0.7561093069333746,0.04223045457661633,0.013432593174644031,0.017279207370343896,31.125,3.625,0.08955223880597014,0.75,0.37751004016064255,0.3383084577114428,0.1044776119402985,10.75,0.3453815261044177,8.0,249.0,0.42510014044499844
1807,1234.3328018878015,1280.862696534574,530.9500173806086,703.3827845071928,879.6702029520295,401.19249358254456,114.86911064762822,0.08968104931029006,388.872316032943,196.2834743836569,1.0,84.0,False,True,1234.3328018878015,1234.3328018878015,0,1516.8101430651977,1613.4128611754911,1604.1715974735841,1613.4128611754911,-0.26782114225196807,3.096180871139713,0.5698485719827197,0.9051676482600932,0.0,0.0007985102304230441,0.018841426903664815,27.571428571428573,4.428571428571429,0.1095890410958904,0.0,0.3160621761658031,0.3356164383561644,0.3356164383561644,7.285714285714286,0.26424870466321243,7.0,193.0,0.7553952446236742
1808,1209.653125162837,1069.5145999426816,531.0639590172477,678.5891661455892,628.7232622062426,440.791337736439,83.50431191704445,0.07807683216434791,202.9234895263405,,,78.0,False,True,1209.653125162837,1209.653125162837,0,1273.449273068012,1475.8100209603538,1463.6797858505483,1475.8100209603538,-0.19887336071686068,2.1528370877234257,0.5609783102525703,1.0,0.0,0.0,0.0,41.0,6.5,0.072,0.0,0.39634146341463417,0.224,0.176,16.0,0.3902439024390244,4.0,164.0,0.36220214090477076
1809,1910.1778819285678,2094.497789971041,690.2549947924605,1219.9228871361074,1088.1657871005436,1006.3320028704975,310.7480122440685,0.14836397237180418,983.9360107707158,66.78193110806279,2.0,123.0,False,True,1910.1778819285678,1910.1778819285678,0,1418.1504639711202,1518.1184811160683,1586.1773648282374,1518.1184811160683,0.22972464289307393,2.440499605795658,0.6386436041780779,0.9053916004381191,0.0,0.003747634987629166,0.0712188221291507,33.53846153846154,3.769230769230769,0.08450704225352113,0.46153846153846156,0.42201834862385323,0.29577464788732394,0.0647887323943662,12.23076923076923,0.3646788990825688,13.0,436.0,0.6223948858123515
1810,1333.696948574969,2616.370817843866,494.7610749690211,838.9358736059478,1202.7172397769516,1413.6535780669144,182.77106567534076,0.0698567131344024,1090.7686648079307,,,57.0,False,True,1333.696948574969,1333.696948574969,0,1455.2265415142137,1393.8472539866152,1509.2276362077428,1393.8472539866152,-0.044112985732976284,2.159786815336392,0.629030361434309,0.9844657438327978,0.0,0.0,0.016003999838566332,30.88888888888889,4.666666666666667,0.09859154929577464,0.6666666666666666,0.34172661870503596,0.36619718309859156,0.09859154929577464,8.444444444444445,0.2733812949640288,9.0,278.0,0.8429630004576323
1811,2353.3004231980867,1479.2330878910943,746.4053465922748,1606.895076605812,680.6028674991459,798.6302203919485,358.3535759922065,0.24225632790779597,568.0868947761287,,,78.0,False,True,2353.3004231980867,2353.3004231980867,0,1816.6424049832624,1550.1734447010222,1586.5951553038583,1550.1734447010222,0.4174519537845738,1.9455511755371773,0.6828261537564654,1.1588498460164949,0.0512977824396133,0.022682163721901873,0.009357163725668577,35.142857142857146,3.4285714285714284,0.06763285024154589,0.8571428571428571,0.4065040650406504,0.2753623188405797,0.14009661835748793,12.857142857142858,0.36585365853658536,7.0,246.0,0.6302794484051871
1812,2145.375781835569,2052.874861078804,885.4679544338477,1259.907827401721,869.60509226952,1183.269768809284,136.92703083404407,0.0667001352250413,353.61017420071846,,,99.0,False,True,2145.375781835569,2145.375781835569,0,1888.3361244393168,1731.3884403064867,1597.5896487983725,1731.3884403064867,0.2143910734265626,2.1847545455421864,0.5872667334408672,1.016863154047349,0.015616998562192475,0.00014163809970456652,0.006927148794967878,36.57142857142857,3.5714285714285716,0.06944444444444445,0.8571428571428571,0.44921875,0.3055555555555556,0.032407407407407406,13.857142857142858,0.37890625,7.0,256.0,0.6930771231256067
1813,1554.8120287099032,1839.5104525705533,766.8513034348878,787.9607252750154,666.7116496969218,1172.7988028736315,559.1452563950187,0.30396416373370566,997.1813385629202,,,80.0,False,True,1554.8120287099032,1554.8120287099032,0,1987.4042437566914,1820.530342377215,1624.523897190266,1820.530342377215,-0.15777319908561438,2.72570789476225,0.5067884160433346,1.030822630875885,0.02870363082508704,0.0,0.009776189701397818,34.857142857142854,3.5714285714285716,0.08415841584158416,0.8571428571428571,0.4344262295081967,0.32673267326732675,0.23267326732673269,13.285714285714286,0.38114754098360654,7.0,244.0,0.38252010596349795
1814,1557.7127551847052,1273.8746219485852,685.3954012745734,872.3173539101318,710.2792854828258,563.5953364657594,91.19308976020739,0.07158717835253965,317.89313971700153,248.50298390581122,1.0,78.0,False,True,1557.7127551847052,1557.7127551847052,0,1732.0332059556815,1747.7553267570995,1679.432479494248,1747.7553267570995,-0.11511373139498815,3.285305451081389,0.5599988515255478,0.9571323189628492,0.0014944229407699778,0.0013977471760207528,0.007636271640211125,34.57142857142857,3.4285714285714284,0.09,0.8571428571428571,0.4049586776859504,0.21,0.105,11.714285714285714,0.33884297520661155,7.0,242.0,0.6730848213930836
1815,1706.1110247911056,279.7566639044265,915.0227021614529,791.0883226296527,86.16419791450866,193.59246598991783,106.85294523858849,0.3819495977228723,32.81541330018646,,,73.0,False,True,1706.1110247911056,1706.1110247911056,0,1604.6889145291009,1835.9914770110497,1763.9966391842886,1835.9914770110497,-0.0733681240747126,3.610775873384769,0.46367927475676013,1.0386342776324258,0.016462357056765735,0.004848924304018142,0.014934514143847027,34.0,3.0,0.07692307692307693,0.0,0.4117647058823529,0.32167832167832167,0.09090909090909091,11.4,0.3352941176470588,5.0,170.0,0.30462445135262306
1816,3928.72035168066,1417.102645379244,602.9347065558477,3325.785645124812,983.8254989681395,433.27714641110447,293.0837079128149,0.20681896887884224,381.02198357504307,1027.699004183982,1.0,82.0,False,True,3928.72035168066,3928.72035168066,0,2185.6565933246593,2034.1614028342724,1955.4079129221934,2034.1614028342724,0.6582301156952388,2.6411482071558656,0.8465315286953627,1.1548635453796967,0.16418556152105426,0.0,0.06989696563572338,37.2,3.0,0.1032258064516129,1.2,0.4032258064516129,0.1935483870967742,0.04516129032258064,14.0,0.3763440860215054,5.0,186.0,0.6062542801293835
1817,2161.4201115984197,2981.9077757030996,1285.779162505247,875.6409490931726,1616.211714939135,1365.6960607639646,438.2232728299102,0.14696070629702226,2176.670809993197,,,99.0,False,True,2161.4201115984197,2161.4201115984197,0,2437.80631681955,2037.1948631714188,2095.0381903729944,2037.1948631714188,0.05919167022687688,3.168207495517611,0.40512297650715207,0.9974495472470533,0.008759763976758187,0.03021439686036277,0.0017578984575068856,36.81818181818182,3.6363636363636362,0.06764705882352941,1.0909090909090908,0.4962962962962963,0.2735294117647059,0.020588235294117647,15.454545454545455,0.41975308641975306,11.0,405.0,0.5544494424904973
1818,1661.0722733879102,2732.9889841735253,1191.404627899389,469.6676454885212,1193.750595111922,1539.2383890616034,540.0227039391687,0.1975941751197637,,,,64.0,False,False,1661.0722733879102,1661.0722733879102,0,2416.1632697586147,2064.308970755181,1993.3302254030377,2064.308970755181,-0.21733218989144643,2.5427071016548903,0.282749675022021,,0.0,0.0,0.0716633989836748,31.333333333333332,6.666666666666667,0.12307692307692308,0.0,0.24468085106382978,0.4,0.38461538461538464,6.0,0.19148936170212766,3.0,94.0,
1819,1695.1574830087125,2484.070192643951,881.3983411637702,813.7591418449423,771.2894752847087,1712.7807173592423,641.8221350484271,0.258375200889672,1194.2984156669556,751.4715329410514,1.0,68.0,False,True,1695.1574830087125,1695.1574830087125,0,1825.7693948552476,2099.5162233580054,1927.3736636394526,2099.5162233580054,-0.21393130151451079,2.734734867555179,0.48004928745653297,0.9684093251710819,0.0006270360788348575,0.1903536997173294,0.0,31.333333333333332,3.5,0.056962025316455694,1.0,0.40425531914893614,0.2911392405063291,0.25316455696202533,11.166666666666666,0.35638297872340424,6.0,188.0,0.7268344225337673
1820,2015.8136406176882,2441.6422944938386,768.5252885665262,1247.2883520511618,1219.741459990641,1221.9008345031975,231.49079706754017,0.09480946393727549,1019.4655669942288,,,78.0,False,True,2015.8136406176882,2015.8136406176882,0,1783.8143498491231,2170.7402194103706,2000.2131389105862,2170.7402194103706,-0.07404531855508178,3.5094531262301323,0.6187518165959857,1.0671353607502028,0.0697645757104358,0.0028795718493503197,0.0017601334016204158,23.8,3.4,0.10270270270270271,0.0,0.3319327731092437,0.33513513513513515,0.15675675675675677,7.0,0.29411764705882354,10.0,238.0,0.45781159726400744
1821,2443.85462826194,2013.257214783755,1400.656259430441,1043.198368831499,998.8901859881514,1014.3670287956036,302.4789155191309,0.15024355223861463,913.9377948253682,,,95.0,False,True,2443.85462826194,2443.85462826194,0,2028.8281702860197,1974.1161584813415,2133.1304611991636,1974.1161584813415,0.21345577497355173,3.150696530136277,0.42686596688994455,0.9337227397727516,0.05610330640175659,0.0008658320295724042,0.0003546069762525029,25.09090909090909,3.8181818181818183,0.09389671361502347,0.0,0.40217391304347827,0.3051643192488263,0.1643192488262911,8.363636363636363,0.3333333333333333,11.0,276.0,0.6606927050693084
1822,1985.2132272050735,2312.4464100821847,1083.3272665501845,901.885960654889,1337.3571272568433,975.0892828253413,258.65022163981104,0.11185133653783508,923.0448780172136,,,71.0,False,True,1985.2132272050735,1985.2132272050735,0,2138.508444096387,1940.824642229481,2179.8037683737066,1940.824642229481,0.02261337154567311,2.775352229509642,0.45430180914350904,0.974855319499391,0.03699444482182974,0.001166598381891315,0.0006669688696927716,26.88888888888889,3.2222222222222223,0.09375,0.6666666666666666,0.4628099173553719,0.265625,0.13541666666666666,10.777777777777779,0.40082644628099173,9.0,242.0,0.5125800669963285
1823,3029.470187758601,3550.753239206765,1060.6176746946244,1968.8525130639764,1634.6238646291808,1916.1293745775843,268.4111402337504,0.07559273262641963,991.4265079208084,155.89815867992021,1.0,77.0,False,True,3029.470187758601,3029.470187758601,0,2449.531736338815,2188.6782821043766,2100.3470028749193,2188.6782821043766,0.32508991122590825,3.5439788898780566,0.6498999465383951,0.7186188516267151,0.002728250254660963,0.02560186537244267,0.0009311569608233903,28.09090909090909,3.090909090909091,0.08695652173913043,0.5454545454545454,0.4919093851132686,0.22134387351778656,0.16600790513833993,11.545454545454545,0.4110032362459547,11.0,309.0,0.5382022258366328
1824,2870.2936493934203,2814.257464630171,1087.6311666162583,1782.662482777162,1323.2128154719899,1491.044649158181,226.41101253486573,0.08045142115830507,794.9563338038107,,,85.0,False,True,2870.2936493934203,2870.2936493934203,0,2584.4416088456746,2431.785050583672,2187.203612491934,2431.785050583672,0.1657887650075498,3.9568812177839976,0.62107320731936,0.8905467789801853,0.0353969110451619,0.0044600285058214156,0.0206010436627899,27.363636363636363,3.909090909090909,0.06198347107438017,0.5454545454545454,0.4019933554817276,0.3305785123966942,0.02066115702479339,9.545454545454545,0.3488372093023256,11.0,301.0,0.5157286718970253
1825,3785.3245738027927,4943.483894457295,1134.6419086781461,2650.6826651246465,1205.042619720723,3738.441274736572,284.69919900625376,0.057590801362873374,809.2124989291527,,,81.0,False,True,3785.3245738027927,3785.3245738027927,0,3204.7836215770417,2758.390403336266,2460.3183147436475,2758.390403336266,0.3164843134565638,3.288754750154551,0.7002524125590984,0.8967133728088175,0.09396494107990853,0.023121797980817614,0.002119020760915305,22.25,3.0,0.09523809523809523,0.5,0.3857677902621723,0.2619047619047619,0.20952380952380953,7.0,0.3146067415730337,12.0,267.0,0.7019323185938551
1826,3069.248003180928,3610.2778287541946,811.5938941904362,2257.654108990492,1130.6600207983781,2479.6178079558167,985.3624860178971,0.27293259210411464,1304.9753346965886,12.434240422259508,1.0,58.0,False,True,3069.248003180928,3069.248003180928,0,3218.7492516068396,2887.001808231572,2678.0766563354728,2887.001808231572,0.0612140544735551,3.259922700056431,0.7355723964471719,0.7520480607891411,0.0,0.05705086805784057,0.0009452759602549895,25.3,3.7,0.09090909090909091,0.6,0.35177865612648224,0.26262626262626265,0.22727272727272727,7.5,0.2964426877470356,10.0,253.0,0.6556958811975793
1827,2115.3987639788115,2624.1422093209912,1265.3794790161771,850.0192849626344,1366.326225765602,1257.8159835553893,90.5389979845542,0.034502321430202355,644.2130620507608,,,93.0,False,True,2115.3987639788115,2115.3987639788115,0,2907.4289965591997,2923.9104881642734,2696.5886310202186,2923.9104881642734,-0.32367859300106616,2.986774511712849,0.401824610771659,0.9101708465856754,0.039418113561708115,0.0032565229756701714,0.00678359984507276,23.75,3.0,0.08771929824561403,0.5,0.43508771929824563,0.2412280701754386,0.09210526315789473,8.666666666666666,0.3649122807017544,12.0,285.0,0.5644661772536586
1828,8036.298435849812,3012.205697585491,1097.4213827888852,6938.877053060927,1460.5872619177683,1551.618435667723,156.6875842164682,0.05201755787862199,669.71268527623,1001.6160457409228,2.0,93.0,False,True,8036.298435849812,8036.298435849812,0,3736.7447083669244,3553.873358549156,3196.4585945199806,3553.873358549156,0.8159304880263392,1.8159870988242872,0.8634419326821782,0.9866524190808513,0.006081760660741137,0.02377635693665041,0.005197128784253659,25.166666666666668,3.75,0.08898305084745763,0.0,0.423841059602649,0.3008474576271186,0.09745762711864407,8.75,0.347682119205298,12.0,302.0,0.5905961903272229
1829,2927.319877624653,2625.3266287265897,1386.7185320537853,1540.6013455708678,1520.6938477561418,1104.6327809704478,322.4092878796332,0.12280730494704856,1314.4347811936245,1962.2040581003923,5.0,100.0,False,True,2927.319877624653,2927.319877624653,0,3678.2351881324294,3567.8839347739745,3378.810230777311,3567.8839347739745,-0.19788539781171632,2.4402013816601182,0.5262839081395418,0.9301791644459022,0.03935877987782379,0.0035402790869834525,0.06482269390899326,23.23076923076923,3.076923076923077,0.09166666666666666,0.46153846153846156,0.3576158940397351,0.25416666666666665,0.15416666666666667,6.6923076923076925,0.28807947019867547,13.0,302.0,0.621580870095755
1830,3024.2487409730143,2895.718714367161,1299.4423460661346,1724.8063949068796,1591.0413103382743,1304.6774040288865,219.7435623337134,0.07588567261158749,1212.0563711516534,56.62295705055112,1.0,75.0,False,True,3024.2487409730143,3024.2487409730143,0,4143.632673041024,3411.25036361315,3377.9776795684497,3411.25036361315,-0.12041618908550511,3.9406954932989144,0.5703255726088009,0.7862468304995843,0.006926517981689621,0.018951883405965677,0.0011185403362808258,21.916666666666668,2.9166666666666665,0.09090909090909091,0.5,0.3840304182509506,0.3349282296650718,0.03827751196172249,6.833333333333333,0.311787072243346,12.0,263.0,0.13543516955852697
1831,2252.2055530142757,3331.1140812320123,1600.161172737149,652.0443802771267,1592.5248251281755,1738.5892561038368,365.0949644538472,0.10960145931682316,1260.2367916976384,765.7813482760592,1.0,95.0,False,True,2252.2055530142757,2252.2055530142757,0,2711.6392096415493,3206.4819798497306,3262.956645565713,3206.4819798497306,-0.3532643978361252,2.4686830020154216,0.2895137077539182,1.0287946967693828,0.07445049633463453,0.006265249642662631,0.002429834817248019,23.5,3.0,0.0603448275862069,0.5,0.43617021276595747,0.21120689655172414,0.15948275862068967,7.25,0.30851063829787234,12.0,282.0,0.5468255889674389
1832,3287.40633482433,2715.91853997018,1040.0890535994188,2247.3172812249113,1257.3355124823183,1458.5830274878617,413.59387544443166,0.15228508121932582,1564.9258563673202,826.2702144741369,1.0,80.0,False,True,3287.40633482433,3287.40633482433,0,2818.5536577908174,3502.0394323242876,3197.873948720351,3502.0394323242876,-0.06324658795457161,3.775010051861774,0.6836140873181721,0.8945285871120895,0.0,0.0,0.001193652653437698,25.0,2.9166666666666665,0.10416666666666667,0.5,0.36666666666666664,0.23333333333333334,0.07916666666666666,7.583333333333333,0.30333333333333334,12.0,300.0,0.7471372975455386
1833,6790.442092751289,7316.953758555242,815.530281244608,5974.911811506681,2691.5751231763193,4625.378635378922,678.3336688330361,0.09270711435614915,910.2610187688119,3592.1977147677376,2.0,69.0,False,True,6790.442092751289,6790.442092751289,0,3690.794127125452,3386.019310671117,3582.0193058588225,3386.019310671117,0.6958610620529218,2.455127075034284,0.8799002671541554,1.1114121168491644,0.05738436155592219,0.0,0.0002464205931033996,26.0,3.5454545454545454,0.08370044052863436,0.0,0.4160839160839161,0.2599118942731278,0.11013215859030837,8.0,0.3076923076923077,11.0,286.0,0.6016951622797407
1834,8948.005595293032,5606.073825180742,1973.4271650515304,6974.578430241502,2401.726657437317,3204.3471677434245,509.9383748654053,0.09096176589307843,522.4701007537302,1855.7018872096603,3.0,114.0,False,True,8948.005595293032,8948.005595293032,0,5845.556935789251,4233.900461885139,4401.535490739198,4233.900461885139,0.7483070057417773,1.5851879387492294,0.7794561990339364,0.9740195512231309,0.05094738349062052,0.030708872573913106,0.002225457118199231,22.933333333333334,3.466666666666667,0.08955223880597014,0.4,0.3633720930232558,0.23134328358208955,0.08955223880597014,6.933333333333334,0.3023255813953488,15.0,344.0,0.6109307003194661
1835,3346.182865683155,3120.1909169800406,2218.1624240671104,1128.0204416160445,1536.6538906566389,1583.5370263234017,469.6509497637644,0.15051994004851746,799.6438385883714,121.11657506508534,1.0,93.0,False,True,3346.182865683155,3346.182865683155,0,5880.189505941454,4320.431025535097,3883.704274049887,4320.431025535097,-0.25553491860979527,2.7379603885117634,0.3371066337062689,0.8565764201662347,0.07020104169287673,0.001217185061573881,0.001204317605585354,23.75,2.8333333333333335,0.08658008658008658,0.5,0.44912280701754387,0.2554112554112554,0.09956709956709957,9.0,0.37894736842105264,12.0,285.0,0.49051553639580336
1836,2628.2143340683147,3661.325964179335,1364.7302086959885,1263.4841253723262,1433.8692168581485,2227.4567473211864,329.18697535878687,0.08990922375647376,1963.3035230745425,912.8986789679317,1.0,87.0,False,True,2628.2143340683147,2628.2143340683147,0,4285.27699285277,4455.922482943851,3824.362891833447,4455.922482943851,-0.5279294512045576,4.489981131419706,0.48073861746904417,0.9576362401748318,0.0029006826866384773,0.00712567428451059,0.0013099414343950696,23.076923076923077,2.923076923076923,0.08713692946058091,0.46153846153846156,0.41333333333333333,0.2157676348547718,0.15352697095435686,7.846153846153846,0.34,13.0,300.0,0.6541134244111297
1837,3845.4128596093033,3201.0696133775627,1642.7343401423886,2202.6785194669146,1446.0440551708082,1755.0255582067546,259.2666686065685,0.08099376143619913,861.1060592834002,561.671298182312,2.0,98.0,False,True,3845.4128596093033,3845.4128596093033,0,3233.834636547953,4597.857893869193,3957.881010933195,4597.857893869193,-0.17870954688445195,3.6418820205278375,0.5728067700097899,0.8680114056740282,0.0,0.002027126067773127,0.00013762617703487318,24.53846153846154,2.923076923076923,0.07662835249042145,0.46153846153846156,0.4043887147335423,0.20306513409961685,0.10344827586206896,7.846153846153846,0.31974921630094044,13.0,319.0,0.5650117737693978
1838,2363.715683127091,2657.8247820842084,668.0608656315666,1695.6548174955242,1169.9682368277686,1487.8565452564399,471.0775157599812,0.17724175007148985,864.6216388434898,314.60862713051597,1.0,34.0,False,True,2363.715683127091,2363.715683127091,0,2880.047586180293,3723.0166780031177,3985.2989670213256,3723.0166780031177,-0.454299451695916,1.7693214509779407,0.717368349162979,0.9995863398195654,0.0,0.002174206462682299,0.037693789152360484,25.333333333333332,3.4444444444444446,0.08839779005524862,0.6666666666666666,0.42543859649122806,0.292817679558011,0.08287292817679558,9.11111111111111,0.35964912280701755,9.0,228.0,0.5550696025164427
1839,3169.09321761021,3538.3216975977207,1001.6910846359503,2167.40213297426,1157.0513289620046,2381.2703686357163,524.5009074410164,0.14823437557899743,1064.1307105360731,,,94.0,False,True,3169.09321761021,3169.09321761021,0,3065.4276825304873,3025.079100184968,3964.4856776917823,3025.079100184968,0.04650825577926199,3.5222167813399254,0.6839187061239814,1.0018140195262446,0.037674881105327934,0.015918497842574743,0.0004418270935840202,27.545454545454547,2.727272727272727,0.10526315789473684,0.5454545454545454,0.39603960396039606,0.2793522267206478,0.10121457489878542,8.636363636363637,0.31353135313531355,11.0,303.0,0.5738870107229248
1840,1924.8330152671756,3608.3498483069093,779.5948326482677,1145.238182618908,1893.5090037189273,1714.840844587982,498.2500244666275,0.13808251566859953,732.2647533763944,76.56341749853199,1.0,46.0,False,True,1924.8330152671756,1924.8330152671756,0,2433.928241555967,2708.353899214507,3311.0966246472713,2708.353899214507,-0.34150181441358374,2.2164741957773613,0.5949805378104156,0.8754176823887846,0.0,0.0008916434531418481,0.0,30.625,3.875,0.07537688442211055,0.0,0.3673469387755102,0.2613065326633166,0.010050251256281407,9.25,0.3020408163265306,8.0,245.0,0.7505457925871204
1841,3112.1339807544714,4209.324020504949,787.7641832457641,2324.369797508707,2218.989831158864,1990.3341893460847,434.7487061416454,0.10328230946913255,746.7149280752504,,,60.0,False,True,3112.1339807544714,3112.1339807544714,0,2667.6496155148975,2801.463148430937,2847.395930833171,2801.463148430937,0.10516682462213556,3.256670492888766,0.7468733068314792,0.8290430273980268,0.09627916519014493,0.022607559685824636,0.0,27.7,2.7,0.08695652173913043,0.6,0.4368231046931408,0.27391304347826084,0.008695652173913044,10.1,0.36462093862815886,10.0,277.0,0.48571322549838447
1842,2669.317203822412,3149.2684591642924,1134.272861269389,1535.044342553023,1245.6751790519152,1903.5932801123772,1759.7211093304843,0.558771388386957,551.7000039569484,,,52.0,False,True,2669.317203822412,2669.317203822412,0,2519.322952876205,2604.212122516862,2756.9348608220844,2604.212122516862,0.024692529513934858,2.1318987704145287,0.5750700367700281,0.8819650236757968,0.0008633908777357575,0.0037788211679949868,0.0,31.0,3.5,0.1,0.75,0.39919354838709675,0.215,0.13,11.125,0.3588709677419355,8.0,248.0,0.6110694252375309
1843,5281.729898947704,3354.1548556822027,1576.267256469933,3705.4626424777707,1337.4025282966322,2016.7523273855704,157.81775277993276,0.04705142116875643,840.6437110859144,,,126.0,False,True,5281.729898947704,5281.729898947704,0,3527.049486281191,3058.5286041243894,3045.991634159956,3058.5286041243894,0.5463197244405649,3.2216817940494047,0.7015623126082274,0.6518955215989002,0.0771532808121398,0.015595280346421755,0.00029129398200756514,30.166666666666668,2.8333333333333335,0.07894736842105263,0.5,0.38950276243093923,0.27631578947368424,0.04276315789473684,9.666666666666666,0.32044198895027626,12.0,362.0,0.45184038875148613
1844,707.4895495819833,2727.2678407136286,522.5146505860234,184.97489899595985,1112.2432397295893,1615.0246009840394,766.9531781271253,0.2812166691799662,887.4911246449859,,,46.0,False,True,707.4895495819833,707.4895495819833,0,2152.610565855283,2266.05031968012,2391.64577437148,2266.05031968012,-1.1640707892321167,1.956572766065886,0.261452482379777,0.807382059426806,0.0025779919284300338,0.0038249515177655137,0.0,30.75,3.125,0.11055276381909548,0.75,0.43089430894308944,0.2562814070351759,0.06030150753768844,11.0,0.35772357723577236,8.0,246.0,0.6960559226704349
1845,2743.4967320261435,1191.121166415284,1550.3871292106587,1193.1096028154848,1180.3280542986427,10.793112116641396,756.2770236299648,0.6349287083076559,-62.12606837606836,,,64.0,False,True,2743.4967320261435,2743.4967320261435,0,2172.3687906300825,2432.494276841244,2443.0987968848954,2432.494276841244,0.12031610406010707,3.0935824716725935,0.43488646765558286,0.6768085888818518,0.04219870472143339,0.0006711296082122626,0.0,27.4,3.0,0.08444444444444445,0.6,0.3795620437956204,0.25333333333333335,0.09333333333333334,8.5,0.3102189781021898,10.0,274.0,-0.025062892019888983
1846,4886.163603089864,5718.244459273639,579.9942368357196,4306.169366254145,1867.9091593868802,3850.335299886759,1184.7523861522284,0.2071881317054993,619.8137840734449,,,61.0,False,True,4886.163603089864,4886.163603089864,0,2116.7236406803245,2662.157653401159,2598.9796895654913,2662.157653401159,0.6072705144432646,2.91071613822591,0.881298645737333,0.9644813483174804,0.0017186444362509512,0.012022213489438955,0.0,28.8,3.0,0.0794979079497908,0.6,0.3888888888888889,0.20502092050209206,0.04602510460251046,9.4,0.3263888888888889,10.0,288.0,0.5693645515109214
1847,3313.1633929116088,3626.082143801216,801.8660149657375,2511.297377945871,1738.3995201203766,1887.6826236808392,654.0793580593343,0.18038183695796367,580.3912747310844,63.141788161613704,2.0,80.0,False,True,3313.1633929116088,3313.1633929116088,0,3541.3737889269537,2779.7280186252033,2808.637651026872,2779.7280186252033,0.17555035292980836,1.707958683633318,0.7579757108625248,0.7758293589101736,0.0056212835849736055,0.036676108001676,0.002063667597618574,29.4,3.1,0.0823045267489712,0.6,0.41156462585034015,0.29218106995884774,0.09876543209876543,10.3,0.35034013605442177,10.0,294.0,0.545448173099047
1848,4041.376569337096,3967.5678853310437,1501.6894655052552,2539.687103831841,2305.4015611581403,1662.1663241729034,117.92648141332353,0.029722612144665053,645.5330123093281,20.734930274403958,1.0,106.0,False,True,4041.376569337096,4041.376569337096,0,4029.4588586414884,2634.8320093315374,2915.451768620167,2634.8320093315374,0.4277659425338953,2.3481802255484445,0.6284212966198356,0.8338689796111692,0.012920204107802376,0.004289755286178021,0.009643427805996847,31.0,3.5833333333333335,0.08609271523178808,0.0,0.3924731182795699,0.2947019867549669,0.033112582781456956,10.166666666666666,0.3279569892473118,12.0,372.0,0.4982018652286313
1849,2033.296578454959,2794.664888038986,549.8067156046307,1483.4898628503283,1131.928166060083,1662.7367219789032,586.0552505500381,0.20970501796416546,489.97080171899745,24.088581827154403,1.0,55.0,False,True,2033.296578454959,2033.296578454959,0,3008.3218708685113,3254.2361933996276,2804.2725742006555,3254.2361933996276,-0.4702991855406786,2.2459392180929214,0.7295983667948666,0.8015353451441436,0.0,0.001369442846454555,0.0,32.111111111111114,3.111111111111111,0.09205020920502092,0.6666666666666666,0.39792387543252594,0.23430962343096234,0.07112970711297072,10.222222222222221,0.31833910034602075,9.0,289.0,0.7515955756603376
1850,5629.129187344914,6326.089485111663,541.1510028949546,5087.978184449959,2219.8194530603805,4106.270032051282,178.6380789909016,0.028238310477795656,627.4193548387098,,,94.0,False,True,5629.129187344914,5629.129187344914,0,3589.691182498649,3757.304777064752,2829.9083551934723,3757.304777064752,0.40425287078046956,2.5577246144846533,0.9038659471323666,0.9784890719230604,0.03720495414301513,0.21026522638473918,0.004744587134478757,29.272727272727273,2.8181818181818183,0.09398496240601503,0.5454545454545454,0.38819875776397517,0.20676691729323307,0.10150375939849623,9.454545454545455,0.32298136645962733,11.0,322.0,0.7681736510125386
1851,2836.710326733079,5566.734052802033,1126.2580453408764,1710.4522813922026,3275.132722502357,2291.601330299676,130.16221354486942,0.02338215052313337,666.0888882056327,,,46.0,False,True,2836.710326733079,2836.710326733079,0,3190.2078431943414,3370.1235436070133,3450.871551953715,3370.1235436070133,-0.17230435838986757,3.147985645511193,0.602970372150074,0.9655754594026132,0.023954583959381732,0.0015336254985030813,0.010522664826479901,34.42857142857143,3.142857142857143,0.08955223880597014,0.8571428571428571,0.45228215767634855,0.2835820895522388,0.009950248756218905,12.142857142857142,0.35269709543568467,7.0,241.0,0.8792780821580486
1852,4241.397550394213,2841.304585263757,1690.8541107859871,2550.5434396082255,2412.882020645371,428.4225646183859,165.3642658294725,0.05820011929981868,,,,86.0,False,True,4241.397550394213,4241.397550394213,0,4076.196035122423,3540.780845078278,3672.467942533826,3540.780845078278,0.18054554534841927,2.046823645397617,0.6013450541487599,1.004172219232626,0.05274571980886086,0.007768568185388968,0.0,27.636363636363637,2.727272727272727,0.10040160642570281,0.6363636363636364,0.4375,0.2971887550200803,0.060240963855421686,10.363636363636363,0.375,11.0,304.0,0.6722721341056905
1853,3369.7060467786782,6154.248005560257,697.2946633627463,2672.411383415932,1101.5300777630043,5052.717927797253,4503.045801603611,0.7316971622747712,1030.4366110641042,,,71.0,False,True,3369.7060467786782,3369.7060467786782,0,3435.357954883289,3414.3779001464645,3482.6056560955326,3414.3779001464645,-0.013169795475903356,1.5275176525550693,0.7930695871738321,1.4916144060830967,0.2990692777721427,0.02537075830141171,0.0034144824049345207,27.545454545454547,2.8181818181818183,0.07086614173228346,0.45454545454545453,0.41914191419141916,0.3031496062992126,0.07480314960629922,9.272727272727273,0.33663366336633666,11.0,303.0,0.7987557881914246
1854,3169.606029282518,6729.1685392697345,462.57540348354104,2707.0306257989773,1035.8041706615531,5693.364368608181,683.656170102269,0.10159593508657476,2317.924931088207,1174.7737895493767,2.0,66.0,False,True,3169.606029282518,3169.606029282518,0,3564.802121307016,3731.4059322054186,3460.637238640532,3731.4059322054186,-0.1631777889791497,2.727376203639614,0.854059022096115,1.0822819851970755,0.056108620589756415,0.0043569605761391616,0.0646689619900978,30.666666666666668,4.666666666666667,0.07834101382488479,0.0,0.3007246376811594,0.28110599078341014,0.07834101382488479,7.444444444444445,0.2427536231884058,9.0,276.0,0.8457439303791651
1855,4679.104773222421,6065.176891463656,479.43404634581105,4199.6707268766095,953.7792137056842,5111.397677757972,979.5275054466231,0.16150023700466917,996.1359922756982,7.937215290156466,2.0,95.0,False,True,4679.104773222421,4679.104773222421,0,3683.4379405506465,3595.976198213301,3533.837456681754,3595.976198213301,0.2632913062330786,2.508737395755914,0.8975372278283837,1.0144695368028396,0.07291033468448567,0.011615830993475611,0.007646625579899088,31.2,2.4,0.058823529411764705,0.6,0.4551282051282051,0.2757352941176471,0.125,11.2,0.358974358974359,10.0,312.0,0.5962489482758357
1856,3039.2423305051457,1937.6288887579542,411.32944457537906,2627.9128859297666,999.4365720009428,938.1923167570114,539.3196637599183,0.2783400200570035,690.1827274334197,1142.1998978710033,2.0,66.0,False,True,3039.2423305051457,3039.2423305051457,0,3558.861835687708,3645.9178293375167,3742.6944196121613,3645.9178293375167,-0.1819998878260609,1.3815786760303779,0.8646605305385395,1.7586641445868232,0.24048344662790389,0.002217293495537855,0.021212171392083076,30.444444444444443,3.4444444444444446,0.0611353711790393,0.5555555555555556,0.3978102189781022,0.2052401746724891,0.056768558951965066,10.11111111111111,0.33211678832116787,9.0,274.0,0.48431138149421504
1857,7867.325970939972,8632.055018308598,25.515172763040006,7841.810798176932,3085.4247010245026,5546.630317284095,746.3985382338047,0.08646823226342888,152.5602820303066,409.3919208445328,2.0,15.0,False,True,7867.325970939972,7867.325970939972,0,4818.572688609897,4125.4422227762825,3926.0315751687835,4125.4422227762825,0.6455450101547893,2.0057141436493793,0.9967568176458829,0.8927929057124057,0.06016356970513584,0.027178145679627456,0.08244398547499934,29.857142857142858,3.857142857142857,0.07058823529411765,0.0,0.507177033492823,0.11764705882352941,0.0058823529411764705,10.714285714285714,0.3588516746411483,7.0,209.0,0.5709466722671999
1858,3039.450046360686,6509.24436910833,501.1566025343842,2538.293443826302,591.6444521712255,5917.599916937104,415.29274841600983,0.06380045437945338,,1234.0888676402412,6.0,44.0,False,True,3039.450046360686,3039.450046360686,0,4173.135581730007,4041.2071037236074,3964.9402599814584,4041.2071037236074,-0.28486684214490055,1.8669293377707268,0.8351160259618516,1.0002615479340307,0.007652314625123272,0.3603897892416047,0.2209847708477323,31.25,3.625,0.0625,0.5,0.408,0.15865384615384615,0.0,9.25,0.296,8.0,250.0,0.9065133471414138
1859,31.62480361727401,8353.065007472122,3.034352607579415,28.590451009694597,1524.3490631107022,6828.715944361419,575.48760393915,0.0688953819255992,,2540.0093880522663,3.0,15.0,True,True,,2890.262603948112,1,,,,,,1.3213709640843843,0.9040514956455888,1.1914899139935047,0.09625113204390888,0.003426190257061751,0.0,35.333333333333336,5.833333333333333,0.11320754716981132,0.0,0.30660377358490565,0.11320754716981132,0.0,8.833333333333334,0.25,6.0,212.0,0.7713528348068819
1860,2741.075161535538,3501.5084568605093,427.5988217407829,2313.476339794755,1359.2882934245533,2142.2201634359562,756.6894716837704,0.21610385381225852,,260.22424933485365,1.0,18.0,False,True,2741.075161535538,2741.075161535538,0,,,,,,1.6677870087758269,0.844003248162942,0.7480276673245905,0.06590554670011911,0.027567936119186294,0.15727331107226641,39.333333333333336,4.833333333333333,0.09523809523809523,0.8333333333333334,0.4194915254237288,0.07936507936507936,0.0,15.0,0.3813559322033898,6.0,236.0,0.49020247694191643
1861,4866.469575524949,5562.962740836908,520.692217957402,4345.7773575675465,1117.3850615263038,4445.577679310604,664.4817302626627,0.11944745295250642,,960.9180966358093,3.0,49.0,False,True,4866.469575524949,4866.469575524949,0,,,,,,1.3841161590689173,0.8930041152263374,0.9957175105330498,0.135825408079277,0.003877337709413388,0.19678514555528978,33.375,5.0,0.05581395348837209,0.625,0.4307116104868914,0.12093023255813953,0.0,12.625,0.3782771535580524,8.0,267.0,0.8306914892099052
1862,983.5657463298307,4746.744355019003,472.8835978835979,510.6821484462329,714.7246907370146,4032.0196642819883,1493.1277479692972,0.3145582816969126,,1591.3268965645725,3.0,18.0,True,True,,4010.450030180008,1,,,,,,2.473058728887034,0.5192150604591915,0.6868470608969234,0.03257148265519593,0.012514902197430199,0.45451295249685686,32.0,3.2857142857142856,0.05235602094240838,0.5714285714285714,0.48660714285714285,0.1099476439790576,0.005235602094240838,13.857142857142858,0.4330357142857143,7.0,224.0,0.7776054928395861
1863,3154.4304848350675,5515.992823407866,36.50560844218139,3117.9248763928863,811.5913954689692,4704.401427938897,785.6592686886577,0.14243297513996134,,899.217539295993,2.0,27.0,False,True,3154.4304848350675,3154.4304848350675,0,,,,,,1.1347297774632326,0.9884271951410304,0.8187674570006509,0.045314698532036866,0.005809162631887224,0.02114540794319895,32.625,3.875,0.07981220657276995,0.5,0.4367816091954023,0.11267605633802817,0.0,12.0,0.367816091954023,8.0,261.0,0.8196709660183845
1864,4084.5803186435724,2403.7588841993716,38.75018270847036,4045.830135935102,975.6769348827012,1428.0819493166705,1114.4971177738798,0.46364763333785425,,,,24.0,False,True,4084.5803186435724,4084.5803186435724,0,,,,,,1.02606508252552,0.9905130564989505,0.723650611957383,0.0023053463222521948,0.1593937863672716,0.10900004361298951,32.75,3.5,0.08837209302325581,0.0,0.40076335877862596,0.13953488372093023,0.0,11.625,0.3549618320610687,8.0,262.0,0.464091338695644
1865,691.5897575099531,3422.8691639522262,665.497195077814,26.09256243213906,590.8749547593196,2831.9942091929065,2676.882012305465,0.7820579414769671,0.0,,,30.0,False,True,691.5897575099531,691.5897575099531,0,2073.1894242820495,,,,,1.079121407985799,0.037728381817111495,0.9531347662478474,0.0,0.029942201268585007,0.0038071813121038274,36.333333333333336,4.333333333333333,0.07262569832402235,0.0,0.44036697247706424,0.11173184357541899,0.0223463687150838,14.833333333333334,0.40825688073394495,6.0,218.0,0.7882924856362288
1866,1748.2164623216463,4308.62819961282,252.50501900050187,1495.7114433211445,671.0986233598622,3637.5295762529577,1650.446780669678,0.3830562081959148,,1466.7625654262565,1.0,20.0,False,True,1748.2164623216463,1748.2164623216463,0,1702.931058015164,,,,,1.8810342383502567,0.855564213904511,0.7319378549128543,0.0,0.09964804223493183,0.024152948595040472,37.0,4.857142857142857,0.08173076923076923,0.0,0.42857142857142855,0.10576923076923077,0.0,14.285714285714286,0.3861003861003861,7.0,259.0,0.6497573009914934
1867,1069.3364230414093,4087.4107713616027,193.28654378862134,876.049879252788,868.1635769585907,3219.247194403012,883.9228638397612,0.216254962685169,0.0,0.19310675474110378,1.0,37.0,False,True,1069.3364230414093,1069.3364230414093,0,1089.396659732128,1755.1947204904757,,1755.1947204904757,-0.49554151189969264,1.4262448395829412,0.8192462730869343,0.7138094338800354,0.027427110420268172,0.01305299558564708,0.02509932207752311,35.57142857142857,4.857142857142857,0.06965174129353234,0.7142857142857143,0.43775100401606426,0.12935323383084577,0.009950248756218905,13.142857142857142,0.36947791164658633,7.0,249.0,0.7731558034703363
1868,1048.2746639926818,3535.8964886355643,266.4353317852368,781.839332207445,809.944761100556,2725.951727535008,465.60103089156297,0.13167835438283138,,2576.4790479206254,4.0,26.0,False,True,1048.2746639926818,1048.2746639926818,0,1251.3963527305395,1408.1085306067434,,1408.1085306067434,-0.2951017006387362,2.9809446385710636,0.745834425902812,0.8269241252984724,0.0,0.003508802479669842,0.2542201151655636,34.42857142857143,4.0,0.04926108374384237,0.0,0.48132780082987553,0.08374384236453201,0.0,13.714285714285714,0.3983402489626556,7.0,241.0,0.7287220545835831
1869,726.2580178484277,1546.0459806177228,225.49545074252248,500.7625671059052,590.7117147737572,955.3342658439656,627.8323921076483,0.4060890814235666,,1450.7261817611377,1.0,31.0,False,True,726.2580178484277,726.2580178484277,0,933.7417902036342,996.8385607347112,1437.4704826647576,996.8385607347112,-0.31668348363829146,2.234144542527981,0.6895105524472377,0.9746616556384063,0.0,0.0007934069712710578,0.23729281353593235,32.111111111111114,3.5555555555555554,0.13215859030837004,0.0,0.4532871972318339,0.07929515418502203,0.0,11.555555555555555,0.35986159169550175,9.0,289.0,0.18319879706538067
1870,6879.443005181347,4937.774179620034,284.6761658031088,6594.766839378238,597.5841968911917,4340.189982728843,574.2789291882556,0.11630319822208775,,1448.8881692573402,1.0,44.0,False,True,6879.443005181347,6879.443005181347,0,1736.626546390634,1578.2135737980911,1606.8486811760918,1578.2135737980911,1.472244132241057,1.698663884955849,0.9586193001978938,1.0,0.0,0.0070746601596640745,0.05882020663047715,30.666666666666668,3.0,0.09210526315789473,0.0,0.41304347826086957,0.10526315789473684,0.0,11.11111111111111,0.36231884057971014,9.0,276.0,0.8261201472382766
1871,5490.928697335973,6064.963877600639,344.53637855579865,5146.392318780175,1226.3988746483276,4838.565002952311,538.2367753811956,0.08874525656600077,,,,50.0,False,True,5490.928697335973,5490.928697335973,0,3015.9907627241705,1984.1563628487274,1676.223364073608,1984.1563628487274,1.0179035851660005,1.4019562680979127,0.9372535325904056,0.8875342115826734,0.0,0.004938683442489286,0.050106066417947834,31.77777777777778,2.7777777777777777,0.07407407407407407,0.0,0.45454545454545453,0.1111111111111111,0.00411522633744856,11.88888888888889,0.3741258741258741,9.0,286.0,0.7975769740953562
1872,6708.070297219894,6547.2395396758875,263.4257561469684,6444.644541072926,746.6405595138307,5800.598980162057,417.72535973735677,0.06380175296870774,,,,34.0,False,True,6708.070297219894,6708.070297219894,0,6327.986764118069,2864.6564328160616,2318.97485814549,2864.6564328160616,0.8508628992774314,1.270279748562038,0.9607300245114988,1.0009413536665726,0.0009413536665725312,0.005935248380576048,0.04406846949160402,30.666666666666668,3.0,0.11659192825112108,0.0,0.427536231884058,0.07623318385650224,0.0,11.333333333333334,0.3695652173913043,9.0,276.0,0.8770781454365901
1873,5117.107654620167,3671.1336178133674,334.47257050539105,4782.635084114776,2116.0595125206337,1555.0741052927337,967.6338109788221,0.2635790226440117,,,,83.0,False,True,5117.107654620167,5117.107654620167,0,5733.537461075396,3933.5297216012877,2703.5151285357715,3933.5297216012877,0.2630521974442104,2.910342770405402,0.9346364014438118,0.9845264251084195,0.0085169896199189,0.06865671998761098,0.2436060030272086,32.94117647058823,3.6470588235294117,0.08733624454148471,0.0,0.3875,0.10698689956331878,0.0,10.294117647058824,0.3125,17.0,560.0,0.44930583915462996
1874,4806.3257316222835,3801.468525606111,256.1226087981361,4550.203122824148,2263.09968953964,1538.3688360664707,1085.965433684886,0.28566997894892165,,,,,False,False,4806.3257316222835,4806.3257316222835,0,5484.602025778587,5740.198198841506,3350.9773756457585,5740.198198841506,-0.17756082809806095,,0.946711350187311,,0.0,0.0,0.0,,,,,,,,,,,,
1875,4495.543808624401,3931.803433398855,177.77264709088118,4317.77116153352,2410.139866558647,1521.663566840208,1204.29705639095,0.30629635402446687,,,,,False,False,4495.543808624401,4495.543808624401,0,4799.6178822868815,5271.966956284686,4125.73270503384,5271.966956284686,-0.1593168880144482,,0.9604558080938204,,0.0,0.0,0.0,,,,,,,,,,,,
1876,4184.761885626518,4062.1383411915986,99.42268538362623,4085.339200242892,2557.1800435776536,1504.958297613945,1322.628679097014,0.32559912243388306,,131.77998642663238,1.0,66.0,False,True,4184.761885626518,4184.761885626518,0,4488.370803407372,4993.185135691373,5298.5293771850365,4993.185135691373,-0.17662420465965312,2.0353730820942864,0.976241734153354,1.547347868532379,0.1561991539212496,0.12804892123338488,0.03767420260970159,37.0,4.1,0.09302325581395349,0.0,0.2810810810810811,0.19933554817275748,0.0,9.2,0.24864864864864866,10.0,370.0,0.7671833798825882
1877,2786.833845241944,4335.771634874447,24.24830261881668,2762.5855426231274,554.0389140352768,3781.7327208391703,741.0685418687358,0.17091964343970695,,31.23765132737005,1.0,23.0,False,True,2786.833845241944,2786.833845241944,0,3742.725883677714,4188.710671573901,4656.849204245545,4188.710671573901,-0.4074868420243254,1.175753783369223,0.9912989779924567,0.9538729929501771,0.0,0.014075266244734916,0.15787440477557205,33.0,3.5555555555555554,0.0728744939271255,0.0,0.35353535353535354,0.12955465587044535,0.012145748987854251,10.666666666666666,0.32323232323232326,9.0,297.0,0.7050032675372504
1878,3011.1787791747956,2443.1904400606977,351.3632216923188,2659.815557482477,1022.9175699111206,1420.272870149577,1075.138648023701,0.4400551960235203,,,,75.0,False,True,3011.1787791747956,3011.1787791747956,0,3274.7095749451323,3767.2354193454225,4273.851452474835,3767.2354193454225,-0.22400979885218497,3.0255239626089363,0.8833137294529524,1.0013608781010173,0.010708548991611637,0.049767921609076844,0.14995224952183905,36.625,3.875,0.09623430962343096,0.0,0.3822525597269625,0.04184100418410042,0.0,11.625,0.3174061433447099,8.0,293.0,0.39515158573036757
1879,2193.092726843272,1543.7243359133688,405.9093262836585,1787.1834005596133,713.1300192594208,830.594316653948,372.49491260583596,0.24129626251272607,,0.0,1.0,56.0,False,True,2193.092726843272,2193.092726843272,0,2640.1881086336466,3220.116020299659,3642.977415223871,3220.116020299659,-0.3841046384120599,1.9806859130713732,0.8149146539426435,0.9909071465672645,0.005120840844510984,0.013421940009533506,0.2031451051259414,35.333333333333336,4.0,0.10588235294117647,0.0,0.2893081761006289,0.12549019607843137,0.00392156862745098,8.222222222222221,0.23270440251572327,9.0,318.0,0.54827661289848
1880,1897.4198190789473,2341.4587902046783,136.46975511695905,1760.9500639619882,1490.8534356725145,850.6053545321638,593.672331871345,0.25354805916505124,,,,49.0,False,True,1897.4198190789473,1897.4198190789473,0,2322.6600822205805,2709.8656457271154,3161.5852013271688,2709.8656457271154,-0.3564040831301938,1.4207736435042737,0.9280761412183389,1.2731819410651528,0.28209739412532175,0.05071234354832258,0.02561176093121418,36.125,4.125,0.06224066390041494,0.0,0.4013840830449827,0.0995850622406639,0.0,12.375,0.34256055363321797,8.0,289.0,0.3723298702337665
1881,8107.636383399942,5723.520065497336,192.51637433392543,7915.120009066017,3605.816820233866,2117.70324526347,646.1894982238011,0.1129007133423322,,805.3402762359385,1.0,126.0,False,True,8107.636383399942,8107.636383399942,0,3231.2574621163617,3093.089320575349,3406.787474940405,3093.089320575349,0.963636009354973,3.000125924983933,0.9762549323588198,1.1087622806280963,0.11367453186665546,0.039925916003521154,0.1862268138753794,31.833333333333332,3.4166666666666665,0.07911392405063292,0.25,0.35602094240837695,0.07911392405063292,0.0,10.083333333333334,0.31675392670157065,12.0,382.0,0.7982708211730558
1882,7801.045296575239,3166.585871927458,654.6434727218225,7146.401823853417,706.3298579886091,2460.256013938849,401.843759367506,0.12690126704914184,,1120.142362672362,1.0,82.0,False,True,7801.045296575239,7801.045296575239,0,4932.534880466441,3800.15058361887,3685.8769873339547,3800.15058361887,0.7192170438828054,2.576112385418528,0.9160825956222535,0.778040459317435,0.0,0.014890277205133277,0.07409815125369293,38.0,5.6,0.13286713286713286,0.0,0.3473684210526316,0.038461538461538464,0.0034965034965034965,10.1,0.2657894736842105,10.0,380.0,0.441634203116131
1883,12080.005787037036,11486.02810033394,2918.2082953855493,9161.797491651487,6603.53815649666,4882.48994383728,1408.175850030358,0.12259902533143005,,1034.458959471767,7.0,52.0,False,True,12080.005787037036,12080.005787037036,0,9141.933720356923,5017.2636874516165,4288.562561366885,5017.2636874516165,0.8786669686545245,2.740570137780327,0.7584265813417856,1.0,0.0,0.015457960216623299,0.08211898061714988,56.0,9.8,0.34705882352941175,0.2,0.13214285714285715,0.0,0.0,7.4,0.13214285714285715,5.0,280.0,0.44919827614866126
1884,15233.221863468636,13904.390567343175,3875.6678582410823,11357.554005227554,2707.5597709102094,11196.830796432965,7035.838522447724,0.5060155990563576,,2324.622347785978,2.0,56.0,False,True,15233.221863468636,15233.221863468636,0,11280.730825406732,7392.8838151076225,5466.31564469683,7392.8838151076225,0.7229608007843868,4.089612097328536,0.745577928754818,1.0,0.0,0.2317324793971304,0.06448496432694309,59.6,10.2,0.5732484076433121,0.0,0.14093959731543623,0.050955414012738856,0.0,8.4,0.14093959731543623,5.0,298.0,0.7797048819704115
1885,9841.824863707165,7670.976927570094,2556.7294587227416,7285.095404984423,4339.578465732087,3331.3984618380064,991.6569314641746,0.1292738774770762,,,,28.0,False,True,9841.824863707165,9841.824863707165,0,12189.283575313173,10275.342834996003,6473.985447607284,10275.342834996003,-0.04310597826347795,3.881146613820144,0.7402179479792443,,0.0,0.0,0.025356291555807906,78.0,8.0,0.25925925925925924,0.0,0.24358974358974358,0.0,0.0,18.0,0.23076923076923078,1.0,78.0,0.2624457818596121
1886,8728.749901357323,9549.03774068813,2498.7250434027774,6230.024857954546,5761.124427872474,3787.9133128156564,1106.3811947601012,0.11586310838901054,,,,35.0,False,True,8728.749901357323,8728.749901357323,0,10938.047793005253,10428.164620610976,7886.258572445256,10428.164620610976,-0.17788811847248454,2.270653555374742,0.7137362083184186,,0.0,0.013301058604561315,0.030121685200603585,102.0,15.0,0.1780821917808219,0.0,0.20588235294117646,0.0,0.0,21.0,0.20588235294117646,1.0,102.0,0.3387676635315622
1887,9606.411663089848,11364.503923060112,2494.917616048926,7111.494047040922,6084.46948489767,5280.034438162443,2618.5277368420398,0.230412849920241,,,,,False,False,9606.411663089848,9606.411663089848,0,9379.85861142727,10871.502177121323,9942.583891051812,10871.502177121323,-0.12371412924046332,,0.74028620638495,,0.0,0.0,0.0,,,,,,,,,,,,
1888,10484.073424822373,13179.970105432094,2491.110188695074,7992.963236127298,6407.814541922865,6772.155563509228,4130.674278923978,0.31340543611866994,,,,,False,False,10484.073424822373,10484.073424822373,0,9579.608613869264,10567.740480678938,10314.477532174402,10567.740480678938,-0.0079487208801865,,0.762391001307082,,0.0,0.0,0.0,,,,,,,,,,,,
1889,11361.735186554897,14995.436287804076,2487.302761341223,8874.432425213674,6731.15959894806,8264.276688856015,5642.8208210059165,0.3763025438343047,,155.49237754766602,6.0,57.0,False,True,11361.735186554897,11361.735186554897,0,10459.525186310166,9965.812651055616,10883.651905996861,9965.812651055616,0.1310906460518364,3.7990675876796964,0.7810807310238479,1.0,0.0,0.15361740804673785,0.09052377414309762,56.8,7.8,0.4046242774566474,0.0,0.1443661971830986,0.005780346820809248,0.0,7.4,0.13028169014084506,5.0,284.0,0.530736035423335
1890,19997.97895978467,34305.14473477819,3538.2624365609436,16459.71652322372,11295.249665494615,23009.89506928357,18812.199325621717,0.5483783692231478,,,,,False,False,19997.97895978467,19997.97895978467,0,13355.29876637385,11484.043092654152,11696.307594566266,11484.043092654152,0.5546727017772888,,0.8230689989385284,,0.0,0.0,0.0,,,,,,,,,,,,
1891,28634.222733014434,53614.853181752296,4589.222111780664,24045.00062123377,15859.339732041168,37755.51344971113,31981.577830237522,0.5965059294636358,,4969.051557225985,10.0,100.0,False,True,28634.222733014434,28634.222733014434,0,18668.326572302154,14564.02726203995,12799.853945239123,14564.02726203995,0.6760479993381736,2.6573271546291393,0.839729467966685,1.0,0.0,0.4951842857107682,0.09602807831569159,73.375,10.75,0.5759493670886076,0.125,0.08347529812606473,0.0,0.0,5.25,0.07155025553662692,8.0,587.0,0.8430137731915043
1892,16627.84827713968,17725.605676999712,2494.118191922935,14133.730085216746,10505.686262401712,7219.919414598,3379.723971841423,0.19066902612117032,,1109.842637190729,11.0,65.0,False,True,16627.84827713968,16627.84827713968,0,21195.118694873956,16253.109269420163,13795.651568905907,16253.109269420163,0.022794666678933595,2.653072036000335,0.8500035512501096,1.0,0.0,0.04509851196727382,0.08636423632726155,91.75,14.75,0.5303030303030303,0.0,0.09536784741144415,0.0,0.0,7.0,0.07629427792915532,4.0,367.0,0.8554831697261336
1893,25396.53540809854,19920.56963967835,4146.353814989871,21250.18159310867,9933.08677592945,9987.482863748899,5558.715957686249,0.27904402626189173,,3826.683444846848,11.0,96.0,False,True,25396.53540809854,25396.53540809854,0,22952.604607743666,19399.267837702893,16069.50737705762,19399.267837702893,0.2693774384325245,3.1478453503229025,0.8367354543302129,1.0,0.0,0.0070950915078196106,0.09900390135029079,49.4,8.2,0.4117647058823529,0.0,0.08704453441295547,0.0,0.0,3.4,0.06882591093117409,10.0,494.0,0.6980144374667463
1894,9087.358127898462,8300.0798348385,2336.6792775201366,6750.6788503783255,3995.3217801643477,4304.758054674152,837.8106948173458,0.10094007666055753,,,,40.0,False,True,9087.358127898462,9087.358127898462,0,15656.068891478506,18551.70951292333,15942.496926770435,18551.70951292333,-0.7136777108859693,2.6216678382252456,0.7428648409545497,,0.0,0.022636399030669427,0.07865664922763821,24.666666666666668,5.666666666666667,0.25274725274725274,0.16666666666666666,0.11486486486486487,0.0,0.0,2.5,0.10135135135135136,6.0,148.0,0.7097130023056981
1895,8675.2906682843,9515.134971185927,1935.3073501162673,6739.983318168033,4381.1217268223645,5134.013244363563,1482.744414113841,0.15583009790233568,,,,27.0,False,True,8675.2906682843,8675.2906682843,0,12603.719162625,15697.970945956808,15516.969649015644,15697.970945956808,-0.5930526331890764,3.8704236033925716,0.7769172902538596,,0.0,0.0,0.05964177872978173,23.0,5.0,0.2413793103448276,0.0,0.2318840579710145,0.0,0.0,5.166666666666667,0.2246376811594203,6.0,138.0,0.7687955165107923
1896,8748.791360109357,5988.167390342943,1792.6717726048328,6956.119587504524,3348.6134563583005,2639.5539339846423,1057.8488722711375,0.17665653000567746,,,,28.0,False,True,8748.791360109357,8748.791360109357,0,8835.339582385848,12383.860555077748,14948.344918585019,12383.860555077748,-0.347478496141143,2.1322404430607804,0.795094922393666,1.0,0.0,0.0,0.05652003208741378,24.166666666666668,5.333333333333333,0.24175824175824176,0.0,0.13793103448275862,0.0,0.0,3.0,0.12413793103448276,6.0,145.0,0.5114063662483179
1897,7742.445590263205,3326.0237424306015,854.1779083478226,6888.267681915383,1498.2063273177848,1827.8174151128167,678.0532406019545,0.20386301876078752,,,,33.0,False,True,7742.445590263205,7742.445590263205,0,8376.001610932253,10628.316405829262,13053.306830395008,10628.316405829262,-0.3168041929920591,2.835285146186501,0.8896759559509175,,0.0,0.0,0.0,24.5,5.833333333333333,0.28735632183908044,0.0,0.12244897959183673,0.0,0.0,2.8333333333333335,0.11564625850340136,6.0,147.0,0.7087879320471626
1898,14121.483071053886,8801.236389286281,1371.7960181211254,12749.68705293276,3984.5339572405023,4816.702432045779,783.8280877443967,0.08905886094578125,,,,30.0,False,True,14121.483071053886,14121.483071053886,0,9853.00819071453,9451.171458731596,11799.474791194549,9451.171458731596,0.4015585622005311,2.3862066356403604,0.9028575107006273,,0.0,0.0,0.021178940377596364,23.333333333333332,5.166666666666667,0.23863636363636365,0.0,0.09285714285714286,0.011363636363636364,0.0,2.1666666666666665,0.09285714285714286,6.0,140.0,0.2952309085506247
1899,2413.0390762361963,2787.258736837947,582.7258539283669,1830.3132223078294,1419.7633299749107,1367.4954068630361,1033.0063810031806,0.37061732638968864,,,,27.0,False,True,2413.0390762361963,2413.0390762361963,0,6413.684742725782,7249.548910076491,8955.907039015543,7249.548910076491,-1.10005226707199,3.9315961878902197,0.7585095659381987,,0.0,0.0,0.0,22.833333333333332,4.666666666666667,0.26744186046511625,0.0,0.17518248175182483,0.0,0.0,3.6666666666666665,0.16058394160583941,6.0,137.0,0.9946841781650846
1900,3935.7002553525836,6703.378511098017,1908.3480652131213,2027.3521901394622,3230.1242388528776,3473.2542722451394,2433.802298173247,0.36307099384942665,,,,28.0,False,True,3935.7002553525836,3935.7002553525836,0,5118.651475701502,6189.542940620748,6861.683061056055,6189.542940620748,-0.452772423967426,3.377071228285906,0.5151185452658005,,0.0,0.0,0.08667678978272315,23.5,5.833333333333333,0.23255813953488372,0.0,0.1347517730496454,0.0,0.0,2.8333333333333335,0.12056737588652482,6.0,141.0,0.6462823315331894
