year,category,amount_real_w,total,share
1700,administrative,3.519107142857143,1708.0724851190478,0.002060279744282557
1700,domestic,9.0,1708.0724851190478,0.005269097230011715
1700,ecclesiastical,6.195684523809524,1708.0724851190478,0.003627296018047912
1700,educational,192.7485119047619,1708.0724851190478,0.11284562779625121
1700,financial,652.2265773809524,1708.0724851190478,0.3818494724686664
1700,land_rent,844.3584970238095,1708.0724851190478,0.49433411308944547
1700,other,0.024107142857142855,1708.0724851190478,1.4113653294674234e-05
1701,administrative,3.506134445409129,107.24443072536377,0.032692927937561546
1701,ecclesiastical,22.959691996754863,107.24443072536377,0.21408749938307794
1701,educational,0.3659080449954217,107.24443072536377,0.0034119071966772336
1701,financial,3.7989794901720777,107.24443072536377,0.03542355966157973
1701,land_rent,76.58969847279351,107.24443072536377,0.7141601475691336
1701,other,0.024018275238759445,107.24443072536377,0.00022395825196989944
1702,administrative,4.523135936923907,1254.5947340868054,0.0036052565932505752
1702,domestic,0.12408179471907883,1254.5947340868054,9.890189345437953e-05
1702,ecclesiastical,91.3850600792233,1254.5947340868054,0.07284030260635573
1702,educational,70.99915978899006,1254.5947340868054,0.056591310213547914
1702,financial,479.426736199741,1254.5947340868054,0.3821367356118438
1702,land_rent,588.2512709520975,1254.5947340868054,0.46887752273268857
1702,maintenance,19.86135927470055,1254.5947340868054,0.015830896412264348
1702,other,0.023930060410108058,1254.5947340868054,1.9073936594773192e-05
1703,administrative,3.4804738827585235,1307.7636008166496,0.002661393756933667
1703,charitable,0.0,1307.7636008166496,0.0
1703,domestic,0.11950680776711833,1307.7636008166496,9.138257686059682e-05
1703,ecclesiastical,138.95227263093943,1307.7636008166496,0.10625182758119962
1703,educational,0.5692762714817903,1307.7636008166496,0.0004353051813999858
1703,financial,644.1947654840792,1307.7636008166496,0.49259267124563155
1703,land_rent,520.4234632484188,1307.7636008166496,0.39794918815865016
1703,other,0.02384249120476991,1307.7636008166496,1.823149932440478e-05
1704,administrative,3.467783940537192,627.0853716190851,0.005530002927007604
1704,domestic,0.49270792274339764,627.0853716190851,0.0007857110770599935
1704,ecclesiastical,101.34474069485894,627.0853716190851,0.1616123502182722
1704,educational,0.36190570039604325,627.0853716190851,0.0005771234935071619
1704,financial,94.05847035306041,627.0853716190851,0.14999308644404963
1704,land_rent,375.7946528286127,627.0853716190851,0.5992719170889611
1704,other,51.56511017887643,627.0853716190851,0.0822298087511424
1705,administrative,3.4551861981906162,871.2164393248709,0.0039659331966556246
1705,domestic,7.241040746195386,871.2164393248709,0.008311414270151588
1705,ecclesiastical,64.96364868971644,871.2164393248709,0.07456660108486764
1705,educational,16.069967505902707,871.2164393248709,0.018445436496074108
1705,financial,152.34056852981743,871.2164393248709,0.17485961197870675
1705,land_rent,623.6859322766908,871.2164393248709,0.7158794349197564
1705,other,3.460095378357529,871.2164393248709,0.0039715680537879315
1706,administrative,3.442679654526651,756.8363432978357,0.004548776872322928
1706,domestic,0.0,756.8363432978357,0.0
1706,ecclesiastical,63.28146108766339,756.8363432978357,0.08361313730247281
1706,educational,48.45102416822726,756.8363432978357,0.0640178350277247
1706,financial,26.279627973278924,756.8363432978357,0.03472299950444792
1706,land_rent,615.3579668269186,756.8363432978357,0.8130660905441727
1706,other,0.023583587220840203,756.8363432978357,3.116074885896358e-05
1707,administrative,3.4302633227967076,1065.337534638575,0.003219884037935877
1707,ecclesiastical,436.68959078904004,1065.337534638575,0.4099072609294581
1707,educational,3.5919390175409274,1065.337534638575,0.0033716441041003247
1707,financial,61.23232678391563,1065.337534638575,0.05747692613185663
1707,land_rent,531.1272999549756,1065.337534638575,0.4985530713842398
1707,other,29.26611477030621,1065.337534638575,0.027471213412409233
1708,administrative,3.41793623043623,974.438481079106,0.003507595704401126
1708,domestic,0.0,974.438481079106,0.0
1708,ecclesiastical,280.1025652588152,974.438481079106,0.2874502297452641
1708,educational,34.35048747548747,974.438481079106,0.0352515711791752
1708,financial,52.23763505013504,974.438481079106,0.05360793530268467
1708,land_rent,604.3064429783179,974.438481079106,0.6201586397830893
1708,other,0.02341408591408591,974.438481079106,2.4028285385606735e-05
1709,administrative,3.405697418810745,1588.0024211610514,0.002144642459877804
1709,domestic,5.77437981870383,1588.0024211610514,0.0036362537876245505
1709,ecclesiastical,96.65922403026828,1588.0024211610514,0.06086843618260789
1709,educational,657.8484098565392,1588.0024211610514,0.41426159122324274
1709,financial,50.89732157258529,1588.0024211610514,0.032051161191160055
1709,land_rent,773.394058218468,1588.0024211610514,0.4870232235874105
1709,other,0.023330245676127803,1588.0024211610514,1.4691568076495838e-05
1710,administrative,3.393545942967351,1159.9401174404188,0.002925621669552836
1710,charitable,0.0,1159.9401174404188,0.0
1710,domestic,7.9556412729026045,1159.9401174404188,0.006858665506334858
1710,ecclesiastical,168.23655691784913,1159.9401174404188,0.14503900191769228
1710,educational,15.54220048675208,1159.9401174404188,0.013399140397909737
1710,financial,217.88162396105983,1159.9401174404188,0.18783868295015796
1710,land_rent,746.9073018551684,1159.9401174404188,0.6439188460033014
1710,other,0.023247003719520595,1159.9401174404188,2.0041555050978476e-05
1711,administrative,3.401418077379801,588.0479026861082,0.005784253394736501
1711,ecclesiastical,107.00880487513001,588.0479026861082,0.18197293857580482
1711,educational,43.12915964762088,588.0479026861082,0.07334293592514117
1711,financial,30.89409985915881,588.0479026861082,0.05253670613914196
1711,land_rent,403.19241448270776,588.0479026861082,0.6856455275854054
1711,other,0.42200574411090547,588.0479026861082,0.0007176383797701703
1712,administrative,12.503979018462644,284.95424993771974,0.04388065460050356
1712,domestic,0.0,284.95424993771974,0.0
1712,ecclesiastical,1.3026960445096465,284.95424993771974,0.004571597176720006
1712,educational,0.35580498426846036,284.95424993771974,0.001248638980981073
1712,financial,3.6940861405596923,284.95424993771974,0.012963786788114514
1712,land_rent,267.0743286415516,284.95424993771974,0.9372533615481221
1712,other,0.023355108367702822,284.95424993771974,8.19609055587252e-05
1713,administrative,3.417272424603945,201.48490171461864,0.01696043919679966
1713,domestic,0.0,201.48490171461864,0.0
1713,ecclesiastical,82.17499468227766,201.48490171461864,0.40784691052766603
1713,educational,30.823715192039135,201.48490171461864,0.15298275419017532
1713,financial,37.70201564797603,201.48490171461864,0.18712079826892847
1713,land_rent,47.343494229115215,201.48490171461864,0.23497291274048962
1713,other,0.023409538606664258,201.48490171461864,0.00011618507594093235
1714,administrative,3.425255151700548,225.5456590607822,0.015186526603810528
1714,ecclesiastical,85.0071145842024,225.5456590607822,0.37689536982529054
1714,educational,30.5307201720478,225.5456590607822,0.13536381191810076
1714,financial,5.8040059512222255,225.5456590607822,0.02573317516014842
1714,land_rent,100.75509897846622,225.5456590607822,0.44671708335257193
1714,other,0.023464223143024,225.5456590607822,0.00010403314007786174
1715,administrative,3.433275261324042,410.7119773519164,0.008359325879562207
1715,ecclesiastical,1.019163763066202,410.7119773519164,0.002481456152404674
1715,educational,0.3583042973286876,410.7119773519164,0.0008723979749479682
1715,financial,3.720034843205575,410.7119773519164,0.009057527046546497
1715,land_rent,402.15768002322886,410.7119773519164,0.9791720285737909
1715,other,0.023519163763066203,410.7119773519164,5.7264372747800175e-05
1716,administrative,15.754717200786045,1224.7086528969107,0.01286405314726897
1716,domestic,5.867396831605711,1224.7086528969107,0.00479085112832921
1716,ecclesiastical,79.45316792862266,1224.7086528969107,0.06487515846375799
1716,educational,10.252228213796766,1224.7086528969107,0.008371156837625236
1716,financial,275.0072469335866,1224.7086528969107,0.22454911728033264
1716,land_rent,784.7125353906475,1224.7086528969107,0.6407340501224501
1716,other,53.66136039786538,1224.7086528969107,0.043815613020235844
1717,administrative,47.65032066541575,949.5060054751169,0.05018432784063575
1717,domestic,0.09801999607920016,949.5060054751169,0.00010323262361058222
1717,ecclesiastical,23.56855798582911,949.5060054751169,0.024821915659223027
1717,educational,8.201589790984027,949.5060054751169,0.008637743988654488
1717,financial,13.539537065561374,949.5060054751169,0.014259559168123867
1717,land_rent,824.375895599369,949.5060054751169,0.8682155677223601
1717,other,32.07208437187853,949.5060054751169,0.03377765299739226
1718,administrative,3.4575625298262356,765.2192900888002,0.004518394366959831
1718,domestic,0.12281391235999213,765.2192900888002,0.00016049505540528144
1718,ecclesiastical,111.45245581038468,765.2192900888002,0.14564773425595573
1718,educational,8.220929362116236,765.2192900888002,0.010743233303962102
1718,financial,3.746350672318446,765.2192900888002,0.004895787025812821
1718,land_rent,638.1954922615538,765.2192900888002,0.8340034033740761
1718,other,0.023685540240855625,765.2192900888002,3.0952617828161425e-05
1719,administrative,3.465734826528603,812.1097450453493,0.004267569559007166
1719,domestic,0.2462083907819579,812.1097450453493,0.00030317132910184357
1719,ecclesiastical,4.968133599707365,812.1097450453493,0.006117564319376487
1719,educational,22.766655411425948,812.1097450453493,0.02803396406744833
1719,financial,25.42975088400537,812.1097450453493,0.03131319509358349
1719,land_rent,674.590634584541,812.1097450453493,0.8306643759666632
1719,other,80.6426273483591,812.1097450453493,0.09930015966481957
1720,administrative,3.473945846848118,835.2835901142294,0.004159001670765539
1720,domestic,6.16979269496545,835.2835901142294,0.007386464630679143
1720,ecclesiastical,4.979904103793542,835.2835901142294,0.005961932166191023
1720,educational,17.267780754947587,835.2835901142294,0.020672955819215997
1720,financial,102.48078550274998,835.2835901142294,0.12268981064112035
1720,land_rent,698.2427989705261,835.2835901142294,0.8359350132510538
1720,other,2.6685822403986275,835.2835901142294,0.0031948218209742214
1721,administrative,51.79459578519561,914.1659472652086,0.05665776103358779
1721,domestic,0.06217049636924301,914.1659472652086,6.800788910944495e-05
1721,ecclesiastical,185.6155678475508,914.1659472652086,0.2030436250692041
1721,educational,40.15288909257127,914.1659472652086,0.043922976143107764
1721,financial,50.84667334555427,914.1659472652086,0.055620835032923345
1721,land_rent,585.6700706493679,914.1659472652086,0.6406605632176968
1721,other,0.02398004859956516,914.1659472652086,2.6231614370785908e-05
1722,administrative,52.194373639592165,921.2219594884867,0.05665776103358778
1722,domestic,0.06265036086607859,921.2219594884867,6.800788910944494e-05
1722,ecclesiastical,187.04824614789783,921.2219594884867,0.2030436250692041
1722,educational,40.4628101491198,921.2219594884867,0.04392297614310777
1722,financial,51.23913463741551,921.2219594884867,0.055620835032923345
1722,land_rent,590.1905794144042,921.2219594884867,0.6406605632176968
1722,other,0.02416513919120174,921.2219594884867,2.6231614370785908e-05
1723,administrative,7.353797160848377,1083.8032731781468,0.006785177109941815
1723,domestic,0.12627538135165167,1083.8032731781468,0.00011651134894745381
1723,ecclesiastical,67.86339649507646,1083.8032731781468,0.06261597300409852
1723,educational,4.916922825297409,1083.8032731781468,0.004536730001634904
1723,financial,137.99322562644613,1083.8032731781468,0.12732313053622224
1723,land_rent,862.8188002395624,1083.8032731781468,0.7961027813741796
1723,other,2.73085544956441,1083.8032731781468,0.002519696624975531
1724,administrative,11.912397824126597,883.8328345744733,0.01347811187605617
1724,domestic,0.1272653227448585,883.8328345744733,0.00014399252637647386
1724,ecclesiastical,1.831408596833154,883.8328345744733,0.0020721210224271614
1724,educational,0.3739176387313223,883.8328345744733,0.00042306375606802074
1724,financial,12.027118422200891,883.8328345744733,0.013607910853404107
1724,land_rent,857.5361827433071,883.8328345744733,0.9702470299784384
1724,other,0.024544026529365562,883.8328345744733,2.7769987229748523e-05
1725,administrative,18.336692809499375,554.6750317623201,0.033058442798912034
1725,ecclesiastical,39.67297026558186,554.6750317623201,0.07152470905267257
1725,educational,10.638544797087638,554.6750317623201,0.0191797794886976
1725,financial,63.68705563292531,554.6750317623201,0.11481868118450912
1725,land_rent,422.31503029636684,554.6750317623201,0.761373788458771
1725,other,0.024737960859048592,554.6750317623201,4.4599016437518106e-05
1726,administrative,36.31648097799319,1869.084421237465,0.0194300913138793
1726,domestic,0.0,1869.084421237465,0.0
1726,ecclesiastical,122.43554460468509,1869.084421237465,0.06550562575639263
1726,educational,8.654594440175739,1869.084421237465,0.004630392475501877
1726,financial,111.43884710483286,1869.084421237465,0.05962215822817277
1726,land_rent,1400.4104575477274,1869.084421237465,0.7492494408682501
1726,other,189.8284965620506,1869.084421237465,0.10156229135780331
1727,administrative,3.6691764600741767,1191.9688007358088,0.0030782487409143377
1727,domestic,6.890140061863553,1191.9688007358088,0.005780470141173353
1727,ecclesiastical,155.9088133220132,1191.9688007358088,0.13079940785846897
1727,educational,0.38292347488468853,1191.9688007358088,0.0003212529343455196
1727,financial,197.3589761730988,1191.9688007358088,0.16557394459592234
1727,land_rent,759.0103538287383,1191.9688007358088,0.6367703192904017
1727,other,68.74841741513622,1191.9688007358088,0.05767635643877377
1728,administrative,3.6988723385086635,954.2675987517142,0.003876137409828428
1728,domestic,0.3941559806600799,954.2675987517142,0.0004130455452701934
1728,ecclesiastical,131.38845510876203,954.2675987517142,0.13768512656264598
1728,educational,0.38602260328137983,954.2675987517142,0.0004045223832249354
1728,financial,4.007815550016517,954.2675987517142,0.004199886441978304
1728,land_rent,807.5349015736208,954.2675987517142,0.8462352726111253
1728,other,6.857375596864771,954.2675987517142,0.007186009045926912
1729,administrative,15.96921565065573,1251.6199376062814,0.01275883770371763
1729,domestic,0.13245734873370776,1251.6199376062814,0.00010582873023502004
1729,ecclesiastical,317.00008073590783,1251.6199376062814,0.25327183693012223
1729,educational,0.3891723055652271,1251.6199376062814,0.00031093488835717793
1729,financial,77.1945028938777,1251.6199376062814,0.0616756737205001
1729,land_rent,800.2842944690858,1251.6199376062814,0.6393988066374419
1729,other,40.65021420245539,1251.6199376062814,0.03247808138962597
1730,administrative,12.3067384004884,3005.146663232601,0.004095220559801293
1730,domestic,3.703703703703704,3005.146663232601,0.0012324535600933611
1730,ecclesiastical,270.6139346764347,3005.146663232601,0.09005015894476794
1730,educational,21.27912596662597,3005.146663232601,0.007080894329375679
1730,financial,1139.1966193528694,3005.146663232601,0.37908187087529666
1730,land_rent,1558.0207856379732,3005.146663232601,0.5184508312689233
1730,other,0.025755494505494504,3005.146663232601,8.570461741720659e-06
1731,administrative,3.734196883337376,1989.9542675994423,0.0018765239704940958
1731,domestic,0.5305602716468591,1989.9542675994423,0.0002666193290396036
1731,ecclesiastical,340.2868309887623,1989.9542675994423,0.1710023373548495
1731,educational,19.198070781793195,1989.9542675994423,0.009647493459712799
1731,financial,444.35805996846966,1989.9542675994423,0.22330063921746088
1731,land_rent,1181.8209681209073,1989.9542675994423,0.5938935318079359
1731,other,0.025580584525830705,1989.9542675994423,1.28548605072666e-05
1732,administrative,38.173595218019756,1353.8050099624588,0.028197262483966073
1732,domestic,0.26349072512647553,1353.8050099624588,0.0001946297459290553
1732,ecclesiastical,153.46452662009153,1353.8050099624588,0.11335792487896548
1732,educational,0.3870804223881795,1353.8050099624588,0.0002859203648529217
1732,financial,25.888528366658637,1353.8050099624588,0.01912278960127096
1732,land_rent,1135.6023805759658,1353.8050099624588,0.8388227050566581
1732,other,0.025408034208624426,1353.8050099624588,1.8767868357444617e-05
1733,administrative,7.557691732471884,1394.327961110114,0.0054203113924895545
1733,domestic,0.26172529313232834,1394.327961110114,0.00018770712517588188
1733,ecclesiastical,65.04185112068278,1394.327961110114,0.046647455214839685
1733,educational,64.21928591369546,1394.327961110114,0.046057518535715485
1733,financial,188.13633519781447,1394.327961110114,0.1349297585971288
1733,land_rent,1069.0858340561938,1394.327961110114,0.766739148804723
1733,other,0.025237796123474515,1394.327961110114,1.8100329927674322e-05
1734,administrative,25.632564277790983,1863.1410601626258,0.013757715304472772
1734,domestic,5.4325689822518015,1863.1410601626258,0.002915811957779308
1734,ecclesiastical,38.673453470406464,1863.1410601626258,0.020757125854459362
1734,educational,38.07409897195151,1863.1410601626258,0.020435435505150736
1734,financial,338.2714077727597,1863.1410601626258,0.18155974070113262
1734,land_rent,1371.5239760369623,1863.1410601626258,0.7361353390586796
1734,other,0.03590246414705649,1863.1410601626258,1.926985825964391e-05
1734,salary_stipend,45.49708818635607,1863.1410601626258,0.024419561760065996
1735,administrative,6.536612062180244,1512.5479787731208,0.0043215898959332935
1735,domestic,0.6198347107438017,1512.5479787731208,0.0004097950739034214
1735,ecclesiastical,132.5831365604093,1512.5479787731208,0.08765549154212747
1735,educational,26.793400728059826,1512.5479787731208,0.017714083192119874
1735,financial,361.66119391971665,1512.5479787731208,0.23910725411373224
1735,land_rent,984.3288967188115,1512.5479787731208,0.6507753212015358
1735,other,0.024904073199527744,1512.5479787731208,1.646498064790532e-05
1736,administrative,3.6115631597466575,1308.6157568271562,0.0027598346886049895
1736,domestic,0.38485221674876846,1308.6157568271562,0.0002940910765753528
1736,ecclesiastical,66.28315837829385,1308.6157568271562,0.05065135279969628
1736,educational,25.007452693721167,1308.6157568271562,0.01910985143137336
1736,financial,182.41836245992653,1308.6157568271562,0.13939795658751233
1736,land_rent,1030.8856274190712,1308.6157568271562,0.787768007561315
1736,other,0.024740499648135114,1308.6157568271562,1.890585492270125e-05
1737,administrative,3.587996679095782,1859.5529857793445,0.0019294941884068129
1737,domestic,27.32463295269168,1859.5529857793445,0.014694194336839422
1737,ecclesiastical,83.39584304357957,1859.5529857793445,0.04484725290504595
1737,educational,756.290115454828,1859.5529857793445,0.4067053325387577
1737,financial,10.945055785364717,1859.5529857793445,0.005885853142699029
1737,land_rent,977.9847628029597,1859.5529857793445,0.5259246551628015
1737,other,0.02457906082498252,1859.5529857793445,1.3217725449582368e-05
1738,administrative,11.887939434282627,1259.1384151665125,0.009441328523608366
1738,domestic,0.2954484062668828,1259.1384151665125,0.00023464331062269413
1738,ecclesiastical,76.10841388824572,1259.1384151665125,0.06044483511225484
1738,educational,98.56535680520183,1259.1384151665125,0.07828000132310095
1738,financial,105.15907183375782,1259.1384151665125,0.08351668932271537
1738,land_rent,967.0977650835456,1259.1384151665125,0.7680631084197789
1738,other,0.024419715211854594,1259.1384151665125,1.9393987918814513e-05
1739,administrative,3.847900371903995,1168.5753255358102,0.0032928132982267717
1739,ecclesiastical,135.81594825933593,1168.5753255358102,0.11622352901988768
1739,educational,44.83126533624722,1168.5753255358102,0.03836403555388385
1739,financial,126.89810022237558,1168.5753255358102,0.10859214416853342
1739,land_rent,857.1578489235872,1168.5753255358102,0.7335067155645845
1739,other,0.024262422360248444,1168.5753255358102,2.0762394883807547e-05
1740,administrative,9.777440476190476,2546.558943452381,0.00383947149596905
1740,domestic,19.625,2546.558943452381,0.007706477814094616
1740,ecclesiastical,56.544642857142854,2546.558943452381,0.022204333028508282
1740,educational,58.80267857142857,2546.558943452381,0.023091033774270124
1740,financial,1338.2130357142858,2546.558943452381,0.5254985513510497
1740,land_rent,1063.5720386904761,2546.558943452381,0.4176506659801037
1740,other,0.024107142857142855,2546.558943452381,9.466556004574823e-06
1741,administrative,3.5026447127074185,1777.8519973979442,0.001970155399793612
1741,domestic,51.79199429348728,1777.8519973979442,0.02913178058088626
1741,ecclesiastical,276.7740133278354,1777.8519973979442,0.15567888313139708
1741,educational,0.36554384867314105,1777.8519973979442,0.00020560983096914103
1741,financial,280.03852133069813,1777.8519973979442,0.15751509222396531
1741,land_rent,1165.205987217222,1777.8519973979442,0.655401005776978
1741,other,0.1732926673207354,1777.8519973979442,9.747305601049229e-05
1742,administrative,137.73172063554964,1899.8947247068036,0.07249439605492075
1742,domestic,8.173172181493957,1899.8947247068036,0.004301907929532917
1742,ecclesiastical,167.5478183645164,1899.8947247068036,0.08818794861929667
1742,educational,56.888757583477215,1899.8947247068036,0.029943110449057342
1742,financial,565.7450324096351,1899.8947247068036,0.29777704261847576
1742,land_rent,963.7843408861463,1899.8947247068036,0.5072830238185329
1742,other,0.023882645984884935,1899.8947247068036,1.257051018370008e-05
1743,administrative,15.451244594080606,1359.7500099783529,0.011363298018528117
1743,ecclesiastical,162.16232080052217,1359.7500099783529,0.11925892230962644
1743,educational,8.867233906677749,1359.7500099783529,0.0065212236378795205
1743,financial,112.4206133986974,1359.7500099783529,0.08267741318162382
1743,land_rent,1060.824825320129,1359.7500099783529,0.780161660257695
1743,other,0.023771958245876003,1359.7500099783529,1.748259464712521e-05
1744,administrative,118.9577023388861,1524.024982121824,0.07805495561711018
1744,domestic,5.643894778170397,1524.024982121824,0.0037032823243571007
1744,ecclesiastical,162.66569446781463,1524.024982121824,0.1067342703538516
1744,educational,22.445290444407053,1524.024982121824,0.014727639446669433
1744,financial,101.89736524763028,1524.024982121824,0.06686069220844638
1744,land_rent,1102.575903373717,1524.024982121824,0.7234631428670254
1744,other,9.83913147119861,1524.024982121824,0.006456017182539933
1745,administrative,11.254623490822807,2191.752753739502,0.005134987726886853
1745,domestic,16.487542745481193,2191.752753739502,0.007522537712043772
1745,ecclesiastical,385.31474631865444,2191.752753739502,0.1758021043483313
1745,educational,15.388954800288458,2191.752753739502,0.007021300543153095
1745,financial,1162.2979912531694,2191.752753739502,0.5303052496546847
1745,land_rent,600.9853414985926,2191.752753739502,0.2742030735324546
1745,other,0.023553632493544557,2191.752753739502,1.0746482445776817e-05
1746,administrative,3.422590101981271,1526.1101375728272,0.002242688792713653
1746,domestic,2.674576930558257,1526.1101375728272,0.0017525451569386644
1746,ecclesiastical,58.15468085697613,1526.1101375728272,0.0381064770000592
1746,educational,35.14289882457554,1526.1101375728272,0.023027760552372645
1746,financial,308.84121349376164,1526.1101375728272,0.2023715103452181
1746,land_rent,1117.8507313983753,1526.1101375728272,0.732483654932166
1746,other,0.023445966599049656,1526.1101375728272,1.5363220531605176e-05
1747,administrative,11.15219977041063,1435.4170556546753,0.007769309781068649
1747,domestic,18.20723206505954,1435.4170556546753,0.012684280149336428
1747,ecclesiastical,103.39603820035128,1435.4170556546753,0.0720320535366592
1747,educational,23.123176078447642,1435.4170556546753,0.01610902976759006
1747,financial,253.86100853353244,1435.4170556546753,0.1768552265235205
1747,land_rent,1018.1347794466802,1435.4170556546753,0.7092954451362026
1747,other,7.542621560193444,1435.4170556546753,0.005254655105622492
1748,administrative,4.018029243308734,1364.0548558716084,0.0029456507749765536
1748,domestic,2.8310524286815726,1364.0548558716084,0.002075468165004682
1748,ecclesiastical,135.21071979292873,1364.0548558716084,0.09912410722406859
1748,educational,22.640961743216945,1364.0548558716084,0.01659827802801211
1748,financial,288.567080166685,1364.0548558716084,0.21155093501155087
1748,land_rent,910.7637789358225,1364.0548558716084,0.6676885280789236
1748,other,0.023233560964863967,1364.0548558716084,1.7032717463564256e-05
1749,administrative,6.00369261203474,2242.4821565630955,0.0026772532367598427
1749,domestic,0.1199270843327257,2242.4821565630955,5.347961587196307e-05
1749,ecclesiastical,4.83991447485643,2242.4821565630955,0.002158284497689938
1749,educational,14.791578149056804,2242.4821565630955,0.006596073955712932
1749,financial,1167.546645924992,2242.4821565630955,0.5206492468659879
1749,land_rent,1038.8915111041058,2242.4821565630955,0.46327749278341923
1749,other,10.288887213716915,2242.4821565630955,0.004588169044558202
1750,administrative,60.072770273343345,1663.4795703142768,0.036112718992992475
1750,domestic,11.855300859598854,1663.4795703142768,0.007126808811579852
1750,ecclesiastical,374.0318142538773,1663.4795703142768,0.22484905791972695
1750,educational,0.7328193932778461,1663.4795703142768,0.0004405340506462586
1750,financial,271.5501773775413,1663.4795703142768,0.1632422677281441
1750,land_rent,945.153968822486,1663.4795703142768,0.5681788858061663
1750,other,0.0827193341519989,1663.4795703142768,4.972669074401134e-05
1751,administrative,9.596864029165541,1338.8051214105678,0.007168230742241459
1751,domestic,3.071833648393194,1338.8051214105678,0.00229445914066769
1751,ecclesiastical,90.27533981456476,1338.8051214105678,0.06742978374586024
1751,educational,22.653366639661538,1338.8051214105678,0.01692058558589461
1751,financial,154.12385228193358,1338.8051214105678,0.11512045316912768
1751,land_rent,1059.0610794175893,1338.8051214105678,0.7910494682764287
1751,other,0.02278557926005941,1338.8051214105678,1.7019339779677922e-05
1752,administrative,4.979676154839859,1656.3752978974564,0.003006369487133068
1752,domestic,3.507951356407858,1656.3752978974564,0.0021178481476152936
1752,ecclesiastical,181.19236937057332,1656.3752978974564,0.10939089082080156
1752,educational,19.865305804267454,1656.3752978974564,0.011993239593396354
1752,financial,401.64144282596106,1656.3752978974564,0.24248214962864414
1752,land_rent,950.8781153948951,1656.3752978974564,0.5740716591233314
1752,other,94.31043699051183,1656.3752978974564,0.05693784319907821
1753,administrative,18.906580687830687,2406.6469769620808,0.00785598422569501
1753,domestic,13.82716049382716,2406.6469769620808,0.005745404550891479
1753,ecclesiastical,11.846891534391533,2406.6469769620808,0.004922571381593285
1753,educational,7.400242504409171,2406.6469769620808,0.0030749181642546193
1753,financial,355.6428571428571,2406.6469769620808,0.1477752493603305
1753,land_rent,1048.7308614417989,2406.6469769620808,0.4357643108777074
1753,maintenance,85.18518518518518,2406.6469769620808,0.035395795893885
1753,other,865.1071979717813,2406.6469769620808,0.35946576554564275
1754,administrative,6.895759678756928,1988.2347862380511,0.003468282381179151
1754,ecclesiastical,57.969425166950366,1988.2347862380511,0.029156227206261993
1754,educational,5.7215966129806635,1988.2347862380511,0.0028777268422139042
1754,financial,341.84283750163667,1988.2347862380511,0.17193283201147447
1754,land_rent,1114.6388607001002,1988.2347862380511,0.5606173216640645
1754,other,461.16630657762636,1988.2347862380511,0.23194760989480595
1755,administrative,3.4656144672024887,1292.331731807968,0.0026816755960593066
1755,domestic,2.49546279491833,1292.331731807968,0.0019309769569978642
1755,ecclesiastical,27.263741249675913,1292.331731807968,0.021096550195772123
1755,educational,0.3332685161178809,1292.331731807968,0.0002578815546466845
1755,financial,346.63161135597613,1292.331731807968,0.26822185265933196
1755,land_rent,911.6664371056952,1292.331731807968,0.7054430489223357
1755,other,0.47559631838216226,1292.331731807968,0.0003680141148564111
1756,administrative,3.1618213323065074,1656.740964467548,0.001908458473665296
1756,domestic,2.4707996406109616,1656.740964467548,0.0014913614702616108
1756,ecclesiastical,127.97980041073033,1656.740964467548,0.07724792418099057
1756,educational,0.7792110554913789,1656.740964467548,0.0004703276325045815
1756,financial,781.7296667094511,1656.740964467548,0.47184785278770924
1756,land_rent,740.5980057117187,1656.740964467548,0.4470210018315904
1756,other,0.021659607239122063,1656.740964467548,1.3073623278267365e-05
1757,administrative,32.57186281986104,2145.807000402474,0.015179306812659183
1757,domestic,2.4466192170818504,2145.807000402474,0.001140186054301694
1757,ecclesiastical,84.6705007625826,2145.807000402474,0.03945858166494077
1757,educational,0.32674546687002204,2145.807000402474,0.00015227160075847302
1757,financial,1114.892417598712,2145.807000402474,0.5195678909564557
1757,land_rent,910.8774069013726,2145.807000402474,0.42449176777339515
1757,other,0.021447635993899334,2145.807000402474,9.995137489008354e-06
1758,administrative,3.1005349276274385,3057.893342248794,0.0010139447588931555
1758,domestic,2.4229074889867843,3057.893342248794,0.0007923453233345814
1758,ecclesiastical,374.598804279421,3057.893342248794,0.12250224659697866
1758,educational,0.3235787707153346,3057.893342248794,0.0001058175464280166
1758,financial,296.0816026851269,3057.893342248794,0.09682535312607948
1758,land_rent,1006.1693806377176,3057.893342248794,0.32904005078796317
1758,other,1375.1965334591987,3057.893342248794,0.4497202418603229
1759,administrative,6.997475691847419,1752.5883378002159,0.003992652205269375
1759,charitable,0.5017452006980802,1752.5883378002159,0.00028628810877964197
1759,domestic,1.4179755671902265,1752.5883378002159,0.0008090750900294231
1759,ecclesiastical,100.80975234771046,1752.5883378002159,0.05752049706906251
1759,educational,0.32047286628438454,1752.5883378002159,0.00018285689763668646
1759,financial,765.6036524557467,1752.5883378002159,0.4368416906258227
1759,land_rent,584.5642062453253,1752.5883378002159,0.3335433619163806
1759,other,292.37305742541344,1752.5883378002159,0.16682357808701917
1760,administrative,6.930948265217928,1735.9258730501708,0.003992652205269375
1760,charitable,0.49697493517718233,1735.9258730501708,0.000286288108779642
1760,domestic,1.4044943820224718,1735.9258730501708,0.0008090750900294231
1760,ecclesiastical,99.85131909289213,1735.9258730501708,0.05752049706906251
1760,educational,0.31742601967321066,1735.9258730501708,0.00018285689763668646
1760,financial,758.3247931843438,1735.9258730501708,0.4368416906258226
1760,land_rent,579.0065517347821,1735.9258730501708,0.3335433619163806
1760,other,289.593365436062,1735.9258730501708,0.16682357808701911
1761,administrative,16.73018526001298,1808.3426060275826,0.009251667910852615
1761,ecclesiastical,213.97500887729737,1808.3426060275826,0.11832658709918911
1761,educational,3.7432603966417286,1808.3426060275826,0.002069995134862532
1761,financial,1124.4629745272584,1808.3426060275826,0.621819654516345
1761,land_rent,449.4105142914284,1808.3426060275826,0.24852066903331788
1761,other,0.02066267494398119,1808.3426060275826,1.1426305433001574e-05
1762,administrative,23.902675231942485,2136.60371482408,0.011187229089841091
1762,domestic,2.3376402584155045,2136.60371482408,0.0010940916381435653
1762,ecclesiastical,247.47274270980066,2136.60371482408,0.11582528898213428
1762,educational,0.3121913505286507,2136.60371482408,0.00014611570145770124
1762,financial,1134.9150606774501,2136.60371482408,0.5311771447382768
1762,land_rent,685.1403621419665,2136.60371482408,0.320667963548111
1762,other,42.523042453975805,2136.60371482408,0.019902166302035562
1763,administrative,11.046657513017854,1715.0092615454412,0.006441164931706207
1763,domestic,2.31852289014417,1715.0092615454412,0.0013519010900587712
1763,ecclesiastical,95.51862647090707,1715.0092615454412,0.055695691336869316
1763,educational,0.30963823013397246,1715.0092615454412,0.0001805460979580653
1763,financial,1027.5109552715783,1715.0092615454412,0.5991285168604048
1763,land_rent,578.2845364560123,1715.0092615454412,0.3371903286020185
1763,other,0.020324713647367723,1715.0092615454412,1.1851080984281434e-05
1764,administrative,2.9428893986094184,1377.3463944241353,0.00213663709472288
1764,ecclesiastical,240.67121831171002,1377.3463944241353,0.17473543277567005
1764,educational,0.30712653015713726,1377.3463944241353,0.00022298423359618698
1764,financial,419.4285156778885,1377.3463944241353,0.30451926790228423
1764,land_rent,696.4028240707556,1377.3463944241353,0.5056119701550602
1764,other,17.593820435014617,1377.3463944241353,0.0127737078386665
1765,administrative,23.235814026979522,1010.371375738184,0.022997300383735913
1765,ecclesiastical,0.8665639627895952,1010.371375738184,0.0008576687578431028
1765,educational,0.30465525073571526,1010.371375738184,0.00030152799064911363
1765,financial,301.5316209436906,1010.371375738184,0.29843642464968845
1765,land_rent,671.9697542019711,1010.371375738184,0.6650720421597708
1765,other,0.01999762991052912,1010.371375738184,1.979235595022545e-05
1765,salary_stipend,12.442969722107009,1010.371375738184,0.012315243702362502
1766,administrative,23.914395827455404,1498.5312651846452,0.015958556476636965
1766,ecclesiastical,255.87253910780902,1498.5312651846452,0.17074888262426813
1766,educational,0.3022234239317847,1498.5312651846452,0.00020167975867660357
1766,financial,389.8633920734192,1498.5312651846452,0.2601636690078543
1766,land_rent,812.100680566005,1498.5312651846452,0.5419310890827093
1766,other,16.47803418602464,1498.5312651846452,0.010996123049854591
1767,administrative,53.55908548414059,3088.322759097924,0.017342450793512525
1767,domestic,1.1225406155604538,3088.322759097924,0.0003634790477302118
1767,ecclesiastical,294.0617236975613,3088.322759097924,0.09521728997763645
1767,educational,13.732899478674643,3088.322759097924,0.00444671770080337
1767,financial,638.0848388012238,3088.322759097924,0.2066120961358338
1767,land_rent,2065.4612597141067,3088.322759097924,0.6687970852882659
1767,maintenance,8.299997278689416,3088.322759097924,0.0026875420498839904
1767,other,14.000414027967297,3088.322759097924,0.004533339006333882
1768,administrative,40.1786196416036,1772.686232479384,0.022665387086245603
1768,domestic,1.1137210432528752,1772.686232479384,0.0006282674411563287
1768,ecclesiastical,215.0463351345722,1772.686232479384,0.12131099751014349
1768,educational,13.625002892781929,1772.686232479384,0.007686077007393008
1768,financial,330.4347176259131,1772.686232479384,0.18640338688914368
1768,land_rent,1150.1626346107857,1772.686232479384,0.6488247122008164
1768,maintenance,8.234785895566715,1772.686232479384,0.004645371383095278
1768,other,13.890415634907777,1772.686232479384,0.007835800482006237
1769,administrative,2.8281822252327755,15.361369272453818,0.18411003440326795
1769,ecclesiastical,0.8395425999701496,15.361369272453818,0.0546528493052782
1769,educational,0.2951554325820982,15.361369272453818,0.019214135624704646
1769,financial,3.064402245668821,15.361369272453818,0.19948757114796675
1769,land_rent,8.314712709000663,15.361369272453818,0.5412741899194299
1769,other,0.019374059999311143,15.361369272453818,0.001261219599352574
1770,administrative,12.280701754385966,812.9103535353536,0.015107080013161472
1770,domestic,1.0964912280701755,812.9103535353536,0.0013488464297465599
1770,ecclesiastical,60.83864965443912,812.9103535353536,0.07484053978381669
1770,educational,0.5283094098883573,812.9103535353536,0.0006498987343324334
1770,financial,264.31294856459334,812.9103535353536,0.3251440302305097
1770,land_rent,322.10094364699626,812.9103535353536,0.3962318135648989
1770,other,151.75230927698033,812.9103535353536,0.1866777912435342
1771,administrative,28.866393032862366,2024.466298971242,0.014258766889590203
1771,domestic,1.085326387244455,2024.466298971242,0.0005361049417300635
1771,ecclesiastical,81.66258847054489,2024.466298971242,0.04033783546411356
1771,educational,0.5229299865814191,2024.466298971242,0.00025830510828812143
1771,financial,1100.8313435682899,2024.466298971242,0.5437637288048169
1771,land_rent,661.2906010734864,2024.466298971242,0.3266493502062887
1771,other,150.20711645223247,2024.466298971242,0.07419590858517236
1772,administrative,19.667786633328124,2626.1985108350264,0.00748907081935499
1772,ecclesiastical,134.1221121789863,2626.1985108350264,0.05107082028477002
1772,financial,2028.754085924884,2626.1985108350264,0.7725059920469688
1772,land_rent,443.6545260978277,2626.1985108350264,0.16893411684890616
1772,other,0.0,2626.1985108350264,0.0
1773,administrative,25.28138779299141,2599.097737938681,0.009726986185999235
1773,domestic,1.0636651968747581,2599.097737938681,0.0004092440162401667
1773,ecclesiastical,238.40886967845074,2599.097737938681,0.09172755075672163
1773,financial,1734.8028834996517,2599.097737938681,0.6674635040371767
1773,land_rent,558.2743482633248,2599.097737938681,0.21479544232379916
1773,other,41.26658350738764,2599.097737938681,0.015877272680063108
1774,administrative,26.052836499183005,2365.8447265625,0.011012065249538579
1774,domestic,2.1063112745098036,2365.8447265625,0.000890299879303664
1774,ecclesiastical,266.63946014603755,2365.8447265625,0.11270370246717608
1774,educational,5.572150735294118,2365.8447265625,0.0023552478625215112
1774,financial,784.3528199040032,2365.8447265625,0.3315318250169545
1774,land_rent,919.6494108711192,2365.8447265625,0.3887192597830973
1774,other,361.4717371323529,2365.8447265625,0.15278759974140835
1775,administrative,4.651750726836051,1822.726662242447,0.0025520835477948946
1775,domestic,1.042851725445582,1822.726662242447,0.0005721382953616272
1775,ecclesiastical,148.38476488433827,1822.726662242447,0.08140812770126754
1775,educational,5.517633674630261,1822.726662242447,0.003027131708186064
1775,financial,540.7115092908608,1822.726662242447,0.2966498052020808
1775,land_rent,802.8563866767792,1822.726662242447,0.4404699856033535
1775,other,319.56176526355705,1822.726662242447,0.17532072794195572
1776,administrative,9.947235992188673,2323.9513701116616,0.004280311593486884
1776,domestic,1.0327474838515847,2323.9513701116616,0.0004443928978608373
1776,ecclesiastical,81.1856879975965,2323.9513701116616,0.03493433169115569
1776,educational,15.522507636072305,2323.9513701116616,0.00667935991936289
1776,financial,1163.2636854689297,2323.9513701116616,0.5005542286425025
1776,land_rent,1050.9340105653196,2323.9513701116616,0.45221858945990945
1776,other,2.0654949677031693,2323.9513701116616,0.0008887857957216746
1777,administrative,9.256676337127129,1662.9019285129807,0.005566579831562731
1777,domestic,1.0228371643234397,1662.9019285129807,0.0006150916940953295
1777,ecclesiastical,72.05345409010886,1662.9019285129807,0.04332994799912303
1777,educational,15.373552530437156,1662.9019285129807,0.009245014553675256
1777,financial,855.848536413003,1662.9019285129807,0.5146716843237591
1777,land_rent,709.3468719779811,1662.9019285129807,0.4265716815977846
1778,administrative,1.5964240102171134,745.3465775125258,0.002141854619558222
1778,domestic,1.0131152372531682,745.3465775125258,0.0013592538931811791
1778,ecclesiastical,43.49334413989586,745.3465775125258,0.05835318152938717
1778,financial,342.82553234600647,745.3465775125258,0.4599545267788463
1778,land_rent,355.31294515669515,745.3465775125258,0.4767083607501022
1778,other,1.1052166224580018,745.3465775125258,0.0014828224289249229
1779,administrative,21.409629467435465,1467.2313304381673,0.014591856800823488
1779,domestic,1.0035763812860374,1467.2313304381673,0.0006839932875386009
1779,ecclesiastical,234.32292046809235,1467.2313304381673,0.1597041418125356
1779,financial,399.0710075906868,1467.2313304381673,0.2719891535246252
1779,land_rent,685.3385093545483,1467.2313304381673,0.4670964251764457
1779,other,126.08568717611853,1467.2313304381673,0.0859344293980315
1780,administrative,25.337430706194265,1651.331269583032,0.015343638900868189
1780,ecclesiastical,266.97735900216924,1651.331269583032,0.16167401654640873
1780,educational,3.2537960954446854,1651.331269583032,0.001970407849338602
1780,financial,107.0220233791275,1651.331269583032,0.06480954206490076
1780,land_rent,724.7860930344661,1651.331269583032,0.43891017289188594
1780,other,523.9545673656303,1651.331269583032,0.3172922217465978
1781,administrative,9.563038108257189,1899.6147054944,0.005034198819685532
1781,ecclesiastical,107.24729896635249,1899.6147054944,0.05645739562667786
1781,educational,4.316857327865313,1899.6147054944,0.0022724910032436256
1781,financial,190.87329424179194,1899.6147054944,0.100480004544982
1781,land_rent,741.459217689522,1899.6147054944,0.390320845350872
1781,other,846.1549991606109,1899.6147054944,0.4454350646545389
1782,administrative,10.225754104620083,2034.9809982340587,0.0050249875126568335
1782,ecclesiastical,70.75808693680794,2034.9809982340587,0.034770883363634
1782,educational,1.0738831615120275,2034.9809982340587,0.0005277116407690957
1782,financial,280.55495895379914,2034.9809982340587,0.13786613201659506
1782,land_rent,1021.9452498568155,2034.9809982340587,0.5021890871431487
1782,other,650.423065220504,2034.9809982340587,0.31962119832319624
1783,administrative,31.246289568046354,2239.599288190734,0.013951732228531268
1783,ecclesiastical,51.38465899646173,2239.599288190734,0.02294368428647473
1783,financial,274.39831635439674,2239.599288190734,0.12252116608595197
1783,land_rent,1163.8652905416639,2239.599288190734,0.5196756833593635
1783,other,718.7047327301656,2239.599288190734,0.3209077340396786
1784,administrative,31.08790880949005,1692.2796593648093,0.018370432237635462
1784,ecclesiastical,140.72543007703578,1692.2796593648093,0.08315731344892281
1784,educational,27.70097830710336,1692.2796593648093,0.016369031060445894
1784,financial,195.24714660428185,1692.2796593648093,0.11537522508399535
1784,land_rent,782.221070230162,1692.2796593648093,0.46222919828969977
1784,other,515.2971253367361,1692.2796593648093,0.3044987998793007
1785,administrative,69.61199294532628,2189.1655643738977,0.03179841400677035
1785,domestic,16.261022927689595,2189.1655643738977,0.007427954830058847
1785,ecclesiastical,248.424088771311,2189.1655643738977,0.11347889479631953
1785,educational,32.26925338036449,2189.1655643738977,0.014740435308095809
1785,financial,706.6369047619047,2189.1655643738977,0.32278824236119535
1785,land_rent,794.1916519694298,2189.1655643738977,0.3627828177521004
1785,other,321.77064961787187,2189.1655643738977,0.1469832409454597
1786,administrative,94.08603330057102,3194.8093641767296,0.029449654916989403
1786,domestic,16.182252176354957,3194.8093641767296,0.005065169883939213
1786,ecclesiastical,184.9261823691847,3194.8093641767296,0.057883323005984214
1786,educational,4.680333239726669,3194.8093641767296,0.0014649804436555932
1786,financial,1562.8696731957316,3194.8093641767296,0.4891902755513763
1786,land_rent,1013.5916145979594,3194.8093641767296,0.3172620019095104
1786,other,318.4732752972012,3194.8093641767296,0.09968459428854484
1787,administrative,37.221407112415285,2592.725290528424,0.014356093662676149
1787,domestic,0.9606651296024593,2592.725290528424,0.00037052329959980676
1787,ecclesiastical,83.81148256829455,2592.725290528424,0.03232563159485859
1787,financial,1136.2688930808822,2592.725290528424,0.4382527131708963
1787,land_rent,1044.8805281911548,2592.725290528424,0.4030047194001789
1787,other,289.5823144460747,2592.725290528424,0.11169031887179025
1788,administrative,50.98386872479489,2460.5999831965883,0.02072009634762383
1788,domestic,0.9560561813377834,2460.5999831965883,0.00038854595946788634
1788,ecclesiastical,17.610989431233488,2460.5999831965883,0.007157193185198225
1788,financial,995.6886936216567,2460.5999831965883,0.404652808429328
1788,land_rent,1108.1234355444305,2460.5999831965883,0.45034684349825
1788,other,287.23693969313496,2460.5999831965883,0.1167345125801321
1789,administrative,58.30046363573456,2617.2622857703045,0.022275361530522245
1789,domestic,0.9514912462805344,2617.2622857703045,0.0003635444760174254
1789,ecclesiastical,3.344635896016424,2617.2622857703045,0.0012779139156976166
1789,educational,0.5362950660853921,2617.2622857703045,0.00020490688648254886
1789,financial,1639.6349445251772,2617.2622857703045,0.6264694805100914
1789,land_rent,908.9585063317419,2617.2622857703045,0.3472936248207237
1789,other,5.535949069268564,2617.2622857703045,0.0021151678604650202
1790,administrative,26.170798898071624,2964.007618801653,0.008829531588266453
1790,domestic,0.946969696969697,2964.007618801653,0.0003194896298385888
1790,ecclesiastical,8.924471992653812,2964.007618801653,0.003010947723630337
1790,educational,0.5337465564738292,2964.007618801653,0.00018007597318175003
1790,financial,2034.908746556474,2964.007618801653,0.686539647755422
1790,land_rent,855.9813332185491,2964.007618801653,0.28879188021946517
1790,maintenance,31.031910009182734,2964.007618801653,0.010469578354771207
1790,other,5.5096418732782375,2964.007618801653,0.0018588487554245167
1791,administrative,28.820686001854064,2430.6145295325127,0.011857365967197287
1791,domestic,0.9104754337173886,2430.6145295325127,0.0003745865182055433
1791,ecclesiastical,5.380082108330024,2430.6145295325127,0.0022134657893963924
1791,financial,1662.147742572728,2430.6145295325127,0.6838384788609051
1791,land_rent,703.519539354611,2430.6145295325127,0.2894410161737661
1791,maintenance,29.83600406127224,2430.6145295325127,0.01227508669052953
1791,other,0.0,2430.6145295325127,0.0
1792,administrative,24.24445294567712,2141.4203301666244,0.011321669363151444
1792,domestic,0.8766896199948992,2141.4203301666244,0.0004093963280561009
1792,ecclesiastical,71.98418770721756,2141.4203301666244,0.0336151603182064
1792,financial,1280.7024010669047,2141.4203301666244,0.5980621286841211
1792,land_rent,467.1520339199184,2141.4203301666244,0.21815055518949386
1792,maintenance,0.23909716908951797,2141.4203301666244,0.00011165354401530024
1792,other,38.76263230043356,2141.4203301666244,0.018101365600380486
1792,salary_stipend,257.4588354373884,2141.4203301666244,0.12022807097257524
1793,administrative,17.508401983687854,3463.950558936842,0.005054460704849536
1793,ecclesiastical,75.57174474363703,3463.950558936842,0.02181663492530666
1793,educational,2.254190745522357,3463.950558936842,0.0006507571938943075
1793,financial,2310.3207354809624,3463.950558936842,0.6669612328964787
1793,land_rent,772.4423260174597,3463.950558936842,0.22299461637077703
1793,maintenance,0.23054223533751383,3463.950558936842,6.655471301191782e-05
1793,other,37.37569931144719,3463.950558936842,0.01078990553575296
1793,salary_stipend,248.24691841878763,3463.950558936842,0.07166583765992889
1794,administrative,38.052859884457106,4102.706305397278,0.009275063105150133
1794,ecclesiastical,13.072768281101617,4102.706305397278,0.003186376822514411
1794,educational,322.43008566793293,4102.706305397278,0.07858960931318992
1794,financial,2781.818193059513,4102.706305397278,0.6780446822137663
1794,land_rent,947.3323985042736,4102.706305397278,0.23090426854537918
1795,administrative,95.519578313253,3248.6045371964046,0.029403264453877746
1795,domestic,0.0,3248.6045371964046,0.0
1795,ecclesiastical,71.95926563396442,3248.6045371964046,0.022150823472058056
1795,educational,309.5602648689998,3248.6045371964046,0.09529022733439727
1795,financial,1997.919654809715,3248.6045371964046,0.6150085773548634
1795,land_rent,773.6457735704723,3248.6045371964046,0.23814710738480357
1796,administrative,75.26232511658894,2969.5524164445924,0.025344669688201555
1796,domestic,0.7633799689096158,2969.5524164445924,0.0002570690332597668
1796,ecclesiastical,80.40993504330444,2969.5524164445924,0.027078132919296383
1796,financial,1891.930553242283,2969.5524164445924,0.637109667694456
1796,land_rent,725.5226839514397,2969.5524164445924,0.2443205514520262
1796,other,195.66353912206677,2969.5524164445924,0.06588990921276017
1797,administrative,42.05545695744147,2984.433262521961,0.014091605761659081
1797,charitable,0.30923953963644185,2984.433262521961,0.00010361750873099523
1797,domestic,0.7798214477788534,2984.433262521961,0.0002612963263651184
1797,ecclesiastical,67.88648219855868,2984.433262521961,0.022746858859625494
1797,educational,1.6940948693126816,2984.433262521961,0.0005676437434828435
1797,financial,1926.404070757592,2984.433262521961,0.645484050506027
1797,land_rent,755.7111276935212,2984.433262521961,0.2532176333723463
1797,other,189.53918826861712,2984.433262521961,0.0635092734854621
1797,salary_stipend,0.0537807895019899,2984.433262521961,1.802043630104265e-05
1798,administrative,43.02796029759421,2526.072086636073,0.017033544103998162
1798,charitable,0.2998539841468502,2526.072086636073,0.00011870365288987483
1798,domestic,0.03911138923654568,2526.072086636073,1.548308515954889e-05
1798,ecclesiastical,76.9875104297038,2526.072086636073,0.030477162879475366
1798,educational,1.6426783479349187,2526.072086636073,0.0006502895767010534
1798,financial,1385.139356052705,2526.072086636073,0.5483372241752892
1798,land_rent,830.5403998922263,2526.072086636073,0.3287872916557353
1798,other,188.3430677235433,2526.072086636073,0.07455965675720543
1798,salary_stipend,0.05214851898206092,2526.072086636073,2.064411354606519e-05
1799,administrative,20.59081553463576,2923.9379829267464,0.007042151938539122
1799,domestic,7.591861524445793,2923.9379829267464,0.002596450940059488
1799,ecclesiastical,252.4652461450214,2923.9379829267464,0.08634425477530604
1799,educational,6.655531936430812,2923.9379829267464,0.002276221990785484
1799,financial,1492.4097201133716,2923.9379829267464,0.5104108667241732
1799,land_rent,665.0278262813374,2923.9379829267464,0.22744252106731444
1799,maintenance,2.5306205081485977,2923.9379829267464,0.0008654836466864959
1799,other,476.6663608833552,2923.9379829267464,0.16302204891713573
1800,administrative,19.255981645362176,4316.404201491314,0.004461116416926212
1800,domestic,15.568666011143884,4316.404201491314,0.003606860081770128
1800,ecclesiastical,392.39593575876756,4316.404201491314,0.0909080608398989
1800,educational,6.465093411996065,4316.404201491314,0.001497796107640332
1800,financial,2409.400094231399,4316.404201491314,0.5581961238474732
1800,land_rent,1185.397717961324,4316.404201491314,0.27462620797926435
1800,maintenance,2.4582104228121926,4316.404201491314,0.0005695042234373887
1800,other,285.46250204850867,4316.404201491314,0.06613433050358945
1801,administrative,36.51489172540801,2925.9129715183844,0.012479828375229778
1801,ecclesiastical,74.18426922588428,2925.9129715183844,0.025354229585094874
1801,educational,11.883215850638216,2925.9129715183844,0.004061370234286734
1801,financial,1629.3798025020637,2925.9129715183844,0.5568791069190644
1801,land_rent,1173.95079221439,2925.9129715183844,0.4012254648863242
1802,ecclesiastical,5.2920438450643505,1165.6366424964592,0.004540045887481978
1802,financial,50.803620912617774,1165.6366424964592,0.043584440519826996
1802,land_rent,1109.540977738777,1165.6366424964592,0.951875513592691
1803,administrative,42.925557348634264,2350.321820273743,0.018263693498635308
1803,domestic,0.07284382284382283,2350.321820273743,3.099312707539714e-05
1803,ecclesiastical,47.36716275177813,2350.321820273743,0.0201534795546685
1803,educational,14.953529376606298,2350.321820273743,0.006362332701682807
1803,financial,1473.31301177455,2350.321820273743,0.626855862489058
1803,land_rent,771.6897151993305,2350.321820273743,0.32833363862888
1804,administrative,68.1655707484178,1974.468642948383,0.034523501293304566
1804,ecclesiastical,83.77424084073621,1974.468642948383,0.042428752231608
1804,financial,1075.9064005980376,1974.468642948383,0.5449093377301937
1804,land_rent,746.6224307611914,1974.468642948383,0.3781384087448938
1805,administrative,16.93480101608806,2240.799640135478,0.0075574811387707054
1805,ecclesiastical,21.15615297770251,2240.799640135478,0.009441340760133029
1805,educational,21.73299463731301,2240.799640135478,0.009698767461422404
1805,financial,118.42718035563082,2240.799640135478,0.052850410288565894
1805,land_rent,1127.2178415184871,2240.799640135478,0.5030426733959739
1805,other,935.3306696302568,2240.799640135478,0.4174093269551342
1806,administrative,66.30004943153732,1839.4328932553412,0.03604374460989584
1806,domestic,1.1328060636019113,1839.4328932553412,0.0006158452791377047
1806,ecclesiastical,58.9677047289504,1839.4328932553412,0.03205754607584088
1806,financial,1109.2668685121107,1839.4328932553412,0.6030482941668955
1806,land_rent,603.765464519141,1839.4328932553412,0.32823456986823013
1807,administrative,4.010909674314135,1623.2051179207444,0.0024709814120423283
1807,ecclesiastical,55.55109898925077,1623.2051179207444,0.034223092556786246
1807,educational,15.107759773249906,1623.2051179207444,0.00930736331869277
1807,financial,510.87457885448424,1623.2051179207444,0.3147319911785964
1807,land_rent,575.8630140649233,1623.2051179207444,0.3547690970828005
1807,other,461.79775656452216,1623.2051179207444,0.28449747445108176
1808,ecclesiastical,67.80522119743631,1412.5766146891774,0.04800109282026882
1808,financial,881.5126556719297,1412.5766146891774,0.6240459076734024
1808,land_rent,463.2587378198114,1412.5766146891774,0.32795299950632884
1809,administrative,111.10158512421887,3058.227197962709,0.03632875451445567
1809,ecclesiastical,153.34695549458922,3058.227197962709,0.05014243402084186
1809,educational,27.047452116039224,3058.227197962709,0.008844160477696802
1809,financial,2101.711740461312,3058.227197962709,0.6872320479856446
1809,land_rent,536.9080392978713,3058.227197962709,0.17556185480775982
1809,other,128.11142546867856,3058.227197962709,0.04189074819360125
1810,administrative,30.73110285006196,4009.1782837670385,0.007665187396252906
1810,ecclesiastical,64.20074349442379,4009.1782837670385,0.01601344189515577
1810,educational,15.375619578686493,4009.1782837670385,0.003835104974239136
1810,financial,3332.53717472119,4009.1782837670385,0.8312269843958962
1810,land_rent,565.3609045848823,4009.1782837670385,0.1410166534309537
1810,maintenance,0.9727385377942999,4009.1782837670385,0.0002426279075023601
1811,administrative,44.128996343669726,2921.3873179742154,0.015105493226509316
1811,ecclesiastical,66.30735947166659,2921.3873179742154,0.022697216169763567
1811,educational,25.55635682746928,2921.3873179742154,0.008748020733242207
1811,financial,2084.717108842246,2921.3873179742154,0.7136051751904833
1811,land_rent,700.6774964891637,2921.3873179742154,0.2398440946800016
1812,administrative,64.93758238350003,2652.4534937065464,0.02448208141540535
1812,ecclesiastical,66.89540203148019,2652.4534937065464,0.025220197899869814
1812,financial,1698.0030885735698,2652.4534937065464,0.6401631895158226
1812,land_rent,818.7405501279367,2652.4534937065464,0.30867291436798244
1812,other,3.8768705900597036,2652.4534937065464,0.0014616168009197225
1813,administrative,68.17941708595804,2551.9933672728234,0.02671614196192746
1813,ecclesiastical,159.99432140829074,2551.9933672728234,0.06269386255469307
1813,educational,21.261703841633324,2551.9933672728234,0.008331410306271506
1813,financial,1628.181827185928,2551.9933672728234,0.6380039415721042
1813,land_rent,674.3760977510136,2551.9933672728234,0.26425464360500384
1814,administrative,44.51555411535969,1875.6058949017067,0.023733959376200712
1814,ecclesiastical,65.7412845647008,1875.6058949017067,0.035050692015523896
1814,educational,6.690159861741197,1875.6058949017067,0.003566932626905506
1814,financial,592.850018227479,1875.6058949017067,0.3160845355833924
1814,land_rent,682.1136112011234,1875.6058949017067,0.3636764061444104
1814,other,483.6952669313026,1875.6058949017067,0.2578874742535671
1815,administrative,296.7500517920033,1738.926438091292,0.17065129685285985
1815,ecclesiastical,294.5657240522063,1738.926438091292,0.16939516106013788
1815,financial,499.22743595055596,1738.926438091292,0.2870894507179532
1815,land_rent,648.3832262965265,1738.926438091292,0.372864091369049
1816,administrative,79.50626183812513,4309.742335255703,0.01844803137944624
1816,ecclesiastical,452.3705403839086,4309.742335255703,0.1049646371392801
1816,financial,1996.0580810222482,4309.742335255703,0.46315021310985616
1816,land_rent,529.7008841489271,4309.742335255703,0.1229077849540393
1816,other,1252.106567862494,4309.742335255703,0.29052933341737813
1817,administrative,156.03514409367898,4885.227141140881,0.03194020248918027
1817,ecclesiastical,406.14551218029453,4885.227141140881,0.08313748786826002
1817,educational,4.419246746855415,4885.227141140881,0.0009046143852020272
1817,financial,2891.857368245835,4885.227141140881,0.5919596540132378
1817,land_rent,879.6336503249527,4885.227141140881,0.1800599286197214
1817,other,547.136219549264,4885.227141140881,0.11199811262439835
1818,administrative,87.1633446046153,1661.0722733879102,0.05247414335972126
1818,ecclesiastical,219.76775226908705,1661.0722733879102,0.13230475024476235
1818,financial,268.7088449902118,1661.0722733879102,0.16176830430271122
1818,land_rent,971.636875630302,1661.0722733879102,0.5849455747332167
1818,salary_stipend,113.79545589369403,1661.0722733879102,0.06850722735958845
1819,ecclesiastical,432.7057580318995,2889.455898675668,0.1497533699096161
1819,financial,2008.0575575118978,2889.455898675668,0.6949604451247227
1819,land_rent,448.69258313187066,2889.455898675668,0.15528618496566124
1819,other,0.0,2889.455898675668,0.0
1820,administrative,3.275620028076743,3035.2792076119167,0.0010791824422155616
1820,ecclesiastical,161.62845109967242,3035.2792076119167,0.053249945077322135
1820,educational,16.245515520199657,3035.2792076119167,0.005352231016988131
1820,financial,596.6346903759163,3035.2792076119167,0.19656665814455135
1820,land_rent,606.8968374668539,3035.2792076119167,0.19994761468561748
1820,other,1650.598093121198,3035.2792076119167,0.5438043686333054
1821,administrative,8.227315322183575,3357.87183732787,0.002450157635775258
1821,domestic,1.3103349692666888,3357.87183732787,0.00039022780878659986
1821,ecclesiastical,486.6425247375359,3357.87183732787,0.1449258781492973
1821,educational,4.0977748129794636,3357.87183732787,0.0012203487838417307
1821,financial,916.6458204285193,3357.87183732787,0.2729841592637939
1821,land_rent,1066.743202141008,3357.87183732787,0.31768431131960706
1821,maintenance,56.69581169295278,3357.87183732787,0.016884447781089294
1821,other,817.509053223424,3357.87183732787,0.24346046925780884
1822,ecclesiastical,340.2166043810263,3072.611305248172,0.11072555900576149
1822,financial,1721.7025011324663,3072.611305248172,0.5603385297032897
1822,land_rent,797.8047345175694,3072.611305248172,0.25965039351215025
1822,maintenance,48.534265191225,3072.611305248172,0.015795771208784556
1822,other,164.35320002588495,3072.611305248172,0.053489746570014096
1823,administrative,90.98214727263735,4020.8966956794093,0.022627327722793966
1823,ecclesiastical,182.1909565962778,4020.8966956794093,0.04531102646632235
1823,educational,25.204820071542784,4020.8966956794093,0.006268457505666888
1823,financial,1419.5293053426306,4020.8966956794093,0.35303799445232287
1823,land_rent,1095.4329657286978,4020.8966956794093,0.2724349936435268
1823,maintenance,49.45353840067257,4020.8966956794093,0.01229913179659952
1823,other,1158.1029622669503,4020.8966956794093,0.2880210684127676
1824,administrative,9.67419430722183,3668.933990321605,0.0026367861435342495
1824,domestic,34.89515072083879,3668.933990321605,0.009510978069621801
1824,ecclesiastical,497.06791679268747,3668.933990321605,0.13548020163456698
1824,financial,1520.611221729341,3668.933990321605,0.41445586803703977
1824,land_rent,648.5790108209833,3668.933990321605,0.17677587346403342
1824,maintenance,25.204153644520616,3668.933990321605,0.006869612184631131
1824,other,932.9023423060121,3668.933990321605,0.25427068046657264
1825,administrative,29.915188897455664,4730.2669622205085,0.006324207309308544
1825,domestic,38.2934978154716,4730.2669622205085,0.008095420009338258
1825,ecclesiastical,134.3442131414375,4730.2669622205085,0.02840097910211243
1825,educational,0.10280133641737343,4730.2669622205085,2.1732671166008747e-05
1825,financial,2159.4454082069733,4730.2669622205085,0.45651660370417535
1825,land_rent,1008.8216396813159,4730.2669622205085,0.2132694936117832
1825,maintenance,2.8548787800908078,4730.2669622205085,0.0006035343888393679
1825,other,1356.489334361347,4730.2669622205085,0.28676802920327693
1826,administrative,39.547504194630875,4374.223337877517,0.009041034519700659
1826,ecclesiastical,196.83305369127515,4374.223337877517,0.0449984005130345
1826,educational,28.138982102908276,4374.223337877517,0.006432909325695751
1826,financial,2195.05033557047,4374.223337877517,0.5018148745545222
1826,land_rent,872.4673823755593,4374.223337877517,0.19945652404636988
1826,other,1042.1860799426734,4374.223337877517,0.23825625704067688
1827,administrative,408.2816095029162,4515.079057199423,0.09042623713352249
1827,ecclesiastical,203.00711648563328,4515.079057199423,0.04496202921672714
1827,educational,31.350883764067994,4515.079057199423,0.006943595752565641
1827,financial,1044.9952735120482,4515.079057199423,0.23144562039191172
1827,land_rent,1062.372362530544,4515.079057199423,0.23529429918542863
1827,other,1765.071811404213,4515.079057199423,0.3909282183198443
1828,administrative,46.658199497432534,9514.826081612586,0.004903736452692453
1828,charitable,27.57065078844823,9514.826081612586,0.0028976515757580213
1828,domestic,45.24472850431552,9514.826081612586,0.004755181872609424
1828,ecclesiastical,211.60411886813068,9514.826081612586,0.022239410058903328
1828,educational,16.38806948541462,9514.826081612586,0.0017223719429916417
1828,financial,7289.320555191376,9514.826081612586,0.7661012920959215
1828,land_rent,885.8172639207546,9514.826081612586,0.09309862905771843
1828,maintenance,10.925379656943079,9514.826081612586,0.0011482479619944277
1828,other,981.2971156997705,9514.826081612586,0.10313347898141076
1829,administrative,157.3118339563689,5298.633971247373,0.029689130219224313
1829,charitable,14.673882720526695,5298.633971247373,0.002769370898264229
1829,domestic,20.560174078000333,5298.633971247373,0.003880278235780869
1829,ecclesiastical,267.1311536387137,5298.633971247373,0.05041509851185801
1829,financial,2492.617725827149,5298.633971247373,0.4704264796083569
1829,land_rent,1419.7394176942103,5298.633971247373,0.2679444221658481
1829,other,926.5997833324034,5298.633971247373,0.17487522036066755
1830,administrative,393.78325731660965,4236.305112124667,0.09295441355004584
1830,charitable,46.45096921322691,4236.305112124667,0.01096497253710085
1830,ecclesiastical,497.57340364880275,4236.305112124667,0.11745457196288935
1830,educational,15.250855188141392,4236.305112124667,0.0036000370097262688
1830,financial,1304.7872719498291,4236.305112124667,0.3080012504801452
1830,land_rent,801.8689424173318,4236.305112124667,0.1892849833035667
1830,maintenance,53.449258836944125,4236.305112124667,0.012616952136891128
1830,other,1123.1411535537818,4236.305112124667,0.2651228190196348
1831,administrative,353.61751195989854,3512.442344711914,0.10067567727973675
1831,ecclesiastical,270.76543351058757,3512.442344711914,0.07708750975463924
1831,financial,1558.6636600148663,3512.442344711914,0.44375494514848923
1831,land_rent,1329.3957392265613,3512.442344711914,0.3784818678171347
1832,administrative,823.2882211262759,4852.33219119165,0.1696685611551443
1832,ecclesiastical,147.44738502121803,4852.33219119165,0.03038691070839638
1832,financial,1716.1598711625948,4852.33219119165,0.35367732536488505
1832,land_rent,1014.6238339641396,4852.33219119165,0.20910024169531669
1832,maintenance,14.336506480100928,4852.33219119165,0.002954559975536243
1832,other,1136.4763734373207,4852.33219119165,0.2342124011007213
1833,domestic,1.8871858284925518,7700.703111520101,0.00024506669081546056
1833,ecclesiastical,158.39659899158374,7700.703111520101,0.020569108651212063
1833,educational,23.15427234907306,7700.703111520101,0.0030067737989320385
1833,financial,4443.414380475834,7700.703111520101,0.5770141136630204
1833,land_rent,657.1336822530243,7700.703111520101,0.08533424451462948
1833,other,2416.716991622093,7700.703111520101,0.3138306926813906
1834,administrative,2.8553299492385786,11005.577867828028,0.0002594438914094098
1834,ecclesiastical,284.7182164282418,11005.577867828028,0.025870355909301427
1834,educational,51.30460698354099,11005.577867828028,0.004661691335038099
1834,financial,8954.917392516536,11005.577867828028,0.8136708040287399
1834,land_rent,1688.7089486232887,11005.577867828028,0.15344118854129363
1834,maintenance,23.073373327180434,11005.577867828028,0.002096516294217453
1835,ecclesiastical,504.55597338733,4145.826704271526,0.12170213792763604
1835,financial,176.10645067978015,4145.826704271526,0.042478005773452676
1835,land_rent,1722.3182431780929,4145.826704271526,0.4154342103599156
1835,maintenance,23.141452126120914,4145.826704271526,0.005581866724501008
1835,other,1719.7045849002025,4145.826704271526,0.41480377921449474
1836,administrative,15.845615256663185,4592.335040230551,0.0034504484358936667
1836,domestic,468.78022126803614,4592.335040230551,0.10207883727152924
1836,ecclesiastical,625.611074039689,4592.335040230551,0.136229405859787
1836,educational,151.9839658040308,4592.335040230551,0.033095138850409454
1836,financial,6.924296932420409,4592.335040230551,0.0015077943729629938
1836,land_rent,739.1191346562995,4592.335040230551,0.16094625679122773
1836,maintenance,23.209933851688522,4592.335040230551,0.005054059350713945
1836,other,2560.860798421724,4592.335040230551,0.5576380590674761
1837,administrative,47.06686841645812,4706.518918892703,0.010000356787587605
1837,ecclesiastical,325.96898096956295,4706.518918892703,0.06925903976738997
1837,educational,30.153349240528424,4706.518918892703,0.006406720074891904
1837,financial,1853.264612310617,4706.518918892703,0.3937654653572777
1837,land_rent,1316.7653591728258,4706.518918892703,0.2797747936138371
1837,maintenance,23.278822091602162,4706.518918892703,0.00494608063682849
1837,other,1110.0209266911093,4706.518918892703,0.23584754376218728
1838,administrative,18.99953303759047,3231.5525527278382,0.005879382348757555
1838,ecclesiastical,96.25505875943652,3231.5525527278382,0.02978601065242931
1838,financial,2527.1756313720907,3231.5525527278382,0.782031419925025
1838,land_rent,588.9277618880845,3231.5525527278382,0.18224297834517814
1838,other,0.1945676706358471,3231.5525527278382,6.020872860990839e-05
1839,administrative,61.0132115606034,4250.899513104229,0.01435301196194317
1839,domestic,0.8049879983607517,4250.899513104229,0.0001893688608444445
1839,ecclesiastical,151.20357902542787,4250.899513104229,0.03556978436194816
1839,educational,44.006010577054425,4250.899513104229,0.010352164392829632
1839,financial,1967.8358507503463,4250.899513104229,0.46292222262231963
1839,land_rent,897.3231709696935,4250.899513104229,0.21109018648959338
1839,maintenance,17.56337450968913,4250.899513104229,0.004131684236606062
1839,other,1111.1493277130535,4250.899513104229,0.26139157707391536
1840,ecclesiastical,222.29949598747308,2657.09776864357,0.08366252029218911
1840,land_rent,557.2953366607946,2657.09776864357,0.20973836312590413
1840,other,1877.5029359953023,2657.09776864357,0.7065991165819068
1841,administrative,7.3720408524706285,3859.6606450597237,0.0019100230643092082
1841,domestic,0.32223468524312726,3859.6606450597237,8.348782830313857e-05
1841,ecclesiastical,296.3741218489875,3859.6606450597237,0.07678761142597848
1841,educational,6.198713029104433,3859.6606450597237,0.0016060253994191543
1841,financial,1803.8919062518448,3859.6606450597237,0.4673705986459677
1841,land_rent,491.3900613967766,3859.6606450597237,0.12731431765270465
1841,maintenance,17.710608654584092,3859.6606450597237,0.00458864399834044
1841,other,1236.4009583407124,3859.6606450597237,0.32033929198497724
1842,administrative,14.247487337765115,3221.0172077793604,0.004423288178453304
1842,ecclesiastical,127.87744341563786,3221.0172077793604,0.03970095009327794
1842,financial,2072.4968591722063,3221.0172077793604,0.6434293036891383
1842,land_rent,1006.3954178537512,3221.0172077793604,0.31244645803913046
1843,administrative,53.89787352549183,6122.373610033618,0.008803427715871765
1843,ecclesiastical,667.3815420421316,6122.373610033618,0.10900699378234564
1843,educational,25.86729923812934,6122.373610033618,0.0042250442207148
1843,financial,3087.968212289392,6122.373610033618,0.5043743503710215
1843,land_rent,933.8877036462374,6122.373610033618,0.15253686937950678
1843,maintenance,17.90296592468819,6122.373610033618,0.002924187098831736
1843,other,1335.4680133675479,6122.373610033618,0.2181291274317078
1844,charitable,0.6825273010920437,1594.9806742269693,0.000427921988097342
1844,ecclesiastical,54.6771870874835,1594.9806742269693,0.034280783442083775
1844,land_rent,467.83746349854,1594.9806742269693,0.29331857812338963
1844,other,1071.7834963398536,1594.9806742269693,0.6719727164464292
1845,ecclesiastical,947.163147310206,3194.023378582202,0.29654233392951657
1845,educational,6.334841628959276,3194.023378582202,0.0019833422859200406
1845,financial,47.642659627953776,3194.023378582202,0.014916190015209569
1845,land_rent,1096.7665912518853,3194.023378582202,0.34338089026096297
1845,maintenance,0.0,3194.023378582202,0.0
1845,other,1096.1161387631976,3194.023378582202,0.34317724350839085
1846,administrative,14.400327590390681,5639.440138922591,0.0025535030491771206
1846,charitable,622.2953571139691,5639.440138922591,0.11034700994855456
1846,ecclesiastical,113.1248483377821,5639.440138922591,0.02005958846109757
1846,educational,76.39731456766157,5639.440138922591,0.013546967905622133
1846,financial,1111.4312869044732,5639.440138922591,0.19708184846817273
1846,land_rent,470.5396141713176,5639.440138922591,0.08343729210346999
1846,maintenance,42.16209657850036,5639.440138922591,0.007476291181371664
1846,other,3189.0892936584964,5639.440138922591,0.5654974988825342
1847,administrative,18.008194554586307,4441.013949043291,0.004054973652687071
1847,charitable,0.8387726468614652,4441.013949043291,0.00018886962673066103
1847,ecclesiastical,203.30959352569184,4441.013949043291,0.04577999435680448
1847,educational,6.405172939669371,4441.013949043291,0.0014422771495795933
1847,financial,3035.193502307896,4441.013949043291,0.6834460636994294
1847,land_rent,1146.0157028406434,4441.013949043291,0.25805271408515273
1847,maintenance,31.24301022794282,4441.013949043291,0.007035107429616015
1848,administrative,205.5921052631579,4686.909581646424,0.043865174200978976
1848,charitable,16.649286386128495,4686.909581646424,0.003552295194967237
1848,domestic,32.01038727354517,4686.909581646424,0.006829742864870996
1848,ecclesiastical,166.39829468776838,4686.909581646424,0.0355027746512054
1848,educational,0.3322700691121744,4686.909581646424,7.089321082986501e-05
1848,financial,2903.9637263321474,4686.909581646424,0.6195903026812902
1848,land_rent,1335.2911708174868,4686.909581646424,0.28489800102958757
1848,maintenance,26.67234081707766,4686.909581646424,0.005690816166269664
1848,other,0.0,4686.909581646424,0.0
1849,administrative,42.63951432155122,2547.6232702074726,0.01673697788059486
1849,charitable,0.6014434643143545,2547.6232702074726,0.00023608022086616217
1849,ecclesiastical,170.57090864227996,2547.6232702074726,0.06695295597154326
1849,educational,12.337301832089324,2547.6232702074726,0.004842671197254609
1849,financial,572.6654226553987,2547.6232702074726,0.22478418585364945
1849,land_rent,453.72997758723506,2547.6232702074726,0.17809932217736585
1849,other,1284.0368165648842,2547.6232702074726,0.504013615977183
1849,salary_stipend,11.041885139719945,2547.6232702074726,0.004334190721542875
1850,administrative,150.27527915632754,6256.548542183623,0.024018878482780757
1850,ecclesiastical,46.99906947890818,6256.548542183623,0.007511980313430902
1850,educational,0.33602150537634407,6256.548542183623,5.370716827509307e-05
1850,financial,2962.5232630272953,6256.548542183623,0.47350759656910346
1850,land_rent,519.3845636889992,6256.548542183623,0.08301455030471588
1850,maintenance,18.067617866004966,6256.548542183623,0.0028877931249453896
1850,other,2558.9627274607114,6256.548542183623,0.4090054940367485
1851,ecclesiastical,188.5870177919895,3510.5473394006476,0.05372011813524975
1851,educational,110.27753863813388,3510.5473394006476,0.03141320369061351
1851,financial,1046.8442534743574,3510.5473394006476,0.2981997256453702
1851,land_rent,937.6710275488869,3510.5473394006476,0.2671010919080711
1851,maintenance,6.477268068708235,3510.5473394006476,0.0018450878004152176
1851,other,1220.6902338785717,3510.5473394006476,0.3477207728202802
1852,ecclesiastical,146.68678371128993,4241.397550394213,0.034584540111703574
1852,educational,6.40087783467447,4241.397550394213,0.0015091435685107015
1852,financial,2526.38774587499,4241.397550394213,0.5956498337771183
1852,land_rent,1544.1673270746974,4241.397550394213,0.36407040573953653
1852,maintenance,17.75481589856133,4241.397550394213,0.004186076803130875
1853,charitable,12.717071598372216,4400.142657842783,0.0028901498399615294
1853,ecclesiastical,104.82140698658287,4400.142657842783,0.02382227467097003
1853,educational,0.483500543938112,4400.142657842783,0.00010988292460843835
1853,financial,3689.647422337726,4400.142657842783,0.8385290453620463
1853,land_rent,592.4732563761635,4400.142657842783,0.13464864720241362
1853,other,0.0,4400.142657842783,0.0
1854,administrative,77.63312959411952,5487.530960370726,0.01414718753384032
1854,ecclesiastical,49.63147171620326,5487.530960370726,0.009044408509879325
1854,financial,3411.65245985139,5487.530960370726,0.621709924643579
1854,land_rent,479.54118728028124,5487.530960370726,0.08738742263932202
1854,other,1469.0727119287312,5487.530960370726,0.26771105667337936
1855,administrative,72.60843731431967,5683.403272925332,0.012775520903155448
1855,domestic,0.014854426619132503,5683.403272925332,2.6136499392707548e-06
1855,ecclesiastical,44.92226183402654,5683.403272925332,0.007904113024677974
1855,financial,2925.7470538720536,5683.403272925332,0.5147878680032726
1855,land_rent,444.3194196870667,5683.403272925332,0.07817840796265878
1855,maintenance,5.241136858783918,5683.403272925332,0.0009221828202393645
1855,other,2170.4817785700143,5683.403272925332,0.38189825256810167
1855,salary_stipend,20.06833036244801,5683.403272925332,0.0035310410679547893
1856,administrative,62.93699426506403,3729.4250579385653,0.01687579004465969
1856,domestic,1.5245698798020269,3729.4250579385653,0.0004087948828886592
1856,ecclesiastical,69.59256422342682,3729.4250579385653,0.018660400233888604
1856,financial,3235.344120708618,3729.4250579385653,0.8675182019871316
1856,land_rent,356.34427292010366,3729.4250579385653,0.09554938559807728
1856,other,3.6825359415507894,3729.4250579385653,0.0009874272533542492
1857,domestic,3.7980600677807645,8500.949515016946,0.0004467806873892714
1857,ecclesiastical,25.515172763040006,8500.949515016946,0.0030014497460510024
1857,financial,4286.777881656344,8500.949515016946,0.5042704787369624
1857,other,4184.858400529781,8500.949515016946,0.49228129082959726
1858,administrative,332.97838433008803,9131.413228249112,0.0364651534222523
1858,charitable,12.727457116365322,9131.413228249112,0.0013938102239192747
1858,ecclesiastical,39.79292226858291,9131.413228249112,0.004357805443025925
1858,educational,42.924683201978056,9131.413228249112,0.004700771077710671
1858,financial,8241.626101066297,9131.413228249112,0.9025575663983585
1858,land_rent,461.3636802658013,9131.413228249112,0.0505248934347334
1859,administrative,1.207035291412806,31.62480361727401,0.03816736084816358
1859,ecclesiastical,2.215292945549297,31.62480361727401,0.07004922377887166
1859,land_rent,0.8190596620301182,31.62480361727401,0.025899280575539564
1859,maintenance,27.38341571828179,31.62480361727401,0.8658841347974252
1860,administrative,189.56670467502852,3830.603857848727,0.04948742070695075
1860,educational,54.285442797415435,3830.603857848727,0.014171510501193465
1860,financial,3159.1243823641203,3830.603857848727,0.824706625795101
1860,land_rent,427.5988217407829,3830.603857848727,0.11162700127935522
1860,other,0.028506271379703536,3830.603857848727,7.441717399541466e-06
1861,administrative,13.264845337547976,11848.992436215849,0.0011194914174309577
1861,educational,208.28394295175735,11848.992436215849,0.0175781986589128
1861,financial,11071.359693685556,11848.992436215849,0.9343714035841986
1861,land_rent,520.692217957402,11848.992436215849,0.04394400796188649
1861,maintenance,24.960958079325657,11848.992436215849,0.00210658908035368
1861,other,10.430778204259802,11848.992436215849,0.0008803092972174286
1862,administrative,29.74327446158432,986.9005700871897,0.030138065944127067
1862,charitable,0.9012407780013414,986.9005700871897,0.0009132032195722812
1862,ecclesiastical,33.06412549370296,986.9005700871897,0.03350299563691796
1862,educational,39.347194276771745,986.9005700871897,0.039869461493264244
1862,financial,440.6904389298755,986.9005700871897,0.4465398564831529
1862,land_rent,439.81947238989494,986.9005700871897,0.44565732934072394
1862,maintenance,0.0,986.9005700871897,0.0
1862,other,3.3348237573589685,986.9005700871897,0.003379087882241619
1863,administrative,50.67199837650358,3154.4304848350675,0.01606375496943405
1863,charitable,0.5834440262711239,3154.4304848350675,0.0001849601787314802
1863,ecclesiastical,14.210205888864289,3154.4304848350675,0.004504840400566723
1863,educational,107.9417570658992,3154.4304848350675,0.03421909520112409
1863,financial,2958.727676924212,3154.4304848350675,0.9379593847917407
1863,land_rent,22.2954025533171,3154.4304848350675,0.007067964458402968
1864,administrative,0.0,6932.281389315209,0.0
1864,charitable,13.657458159760285,6932.281389315209,0.0019701246087342407
1864,ecclesiastical,1.6991887743915808,6932.281389315209,0.0002451124931268019
1864,financial,6879.873748446978,6932.281389315209,0.992440058629327
1864,land_rent,37.05099393407878,6932.281389315209,0.005344704268811971
1865,educational,12.466069489685125,5168.0781758957655,0.0024121286608681037
1865,financial,4490.114911328266,5168.0781758957655,0.8688171421768421
1865,land_rent,665.497195077814,5168.0781758957655,0.12877072916228974
1866,administrative,107.8054420305442,6653.406646590665,0.0162030442083058
1866,educational,140.3930952893095,6653.406646590665,0.021100934114894308
1866,financial,6141.948089194809,6653.406646590665,0.9231283183843967
1866,land_rent,252.50501900050187,6653.406646590665,0.0379512379766973
1866,maintenance,10.755001075500108,6653.406646590665,0.0016164653157057789
1867,administrative,0.0,1121.8814368918247,0.0
1867,domestic,0.0,1121.8814368918247,0.0
1867,ecclesiastical,5.098462248739257,1121.8814368918247,0.0045445642303027665
1867,educational,0.2796718516940124,1121.8814368918247,0.0002492882424981056
1867,financial,927.9312273598978,1121.8814368918247,0.8271205823056789
1867,land_rent,188.1880815398821,1121.8814368918247,0.16774328850761416
1867,maintenance,0.3839938916116201,1121.8814368918247,0.0003422767139061291
1868,administrative,0.5277601857715855,1048.8024241784533,0.0005032026753608907
1868,charitable,136.34024699176695,1048.8024241784533,0.1299961211460441
1868,educational,134.701991415101,1048.8024241784533,0.12843409617461135
1868,financial,510.79709380057704,1048.8024241784533,0.48702890270366606
1868,land_rent,266.4353317852368,1048.8024241784533,0.2540376773003177
1869,administrative,426.7412675172558,726.2580178484277,0.5875890620546897
1869,educational,0.2723453949661856,726.2580178484277,0.000374998125009375
1869,financial,51.19875549048316,726.2580178484277,0.07049664751676242
1869,land_rent,225.49545074252248,726.2580178484277,0.31048944755276225
1869,maintenance,22.550198703200167,726.2580178484277,0.03104984475077625
1870,administrative,42.33160621761658,8799.736614853196,0.0048105537779579086
1870,domestic,1.0880829015544042,8799.736614853196,0.0001236494851127492
1870,educational,1481.2953367875648,8799.736614853196,0.16833405380420888
1870,financial,6978.350604490502,8799.736614853196,0.7930181220096574
1870,land_rent,284.6761658031088,8799.736614853196,0.03235053255146296
1870,maintenance,11.994818652849741,8799.736614853196,0.0013630883716000684
1871,administrative,124.13384390955505,7744.875785835851,0.016027867630437165
1871,charitable,55.095342294467024,7744.875785835851,0.0071137799776243875
1871,domestic,1.1049459900663403,7744.875785835851,0.00014266800664345207
1871,ecclesiastical,12.113160362613316,7744.875785835851,0.0015640225482720282
1871,educational,356.30492167691295,7744.875785835851,0.046005246763096974
1871,financial,6863.700353409052,7744.875785835851,0.8862247172461656
1871,land_rent,332.42321819318533,7744.875785835851,0.04292169782776047
1872,administrative,112.19527102542608,6708.070297219894,0.016725416707681868
1872,educational,401.0918727298128,6708.070297219894,0.059792437311821565
1872,financial,5931.357397317687,6708.070297219894,0.8842121704919954
1872,land_rent,263.4257561469684,6708.070297219894,0.03926997548850123
1873,administrative,1173.1245390369825,9331.890080075862,0.12571135418125776
1873,charitable,24.786639974712887,9331.890080075862,0.0026561221533924657
1873,domestic,19.281424507428092,9331.890080075862,0.0020661864147537568
1873,educational,1013.8727917676396,9331.890080075862,0.10864602808945618
1873,financial,6760.385935798828,9331.890080075862,0.7244390876648507
1873,land_rent,334.47257050539105,9331.890080075862,0.035841889224510884
1873,maintenance,5.966178484880414,9331.890080075862,0.0006393322717783141
1876,administrative,1.3394770681525932,4184.761885626518,0.00032008441693022504
1876,charitable,0.26789541363051866,4184.761885626518,6.401688338604502e-05
1876,domestic,1437.1852228889838,4184.761885626518,0.3434329747232003
1876,ecclesiastical,7.88282254607801,4184.761885626518,0.0018836967936343744
1876,educational,2553.9027896842404,4184.761885626518,0.6102862861698725
1876,financial,86.85727425346477,4184.761885626518,0.020755607278826332
1876,land_rent,91.53986283754821,4184.761885626518,0.021874569053011578
1876,maintenance,5.786540934419203,4184.761885626518,0.0013827646811385723
1877,administrative,0.0,2860.081680856414,0.0
1877,ecclesiastical,0.0,2860.081680856414,0.0
1877,educational,200.4088533247117,2860.081680856414,0.07007102442777155
1877,financial,2562.1766892984156,2860.081680856414,0.8958403903105331
1877,land_rent,24.24830261881668,2860.081680856414,0.008478185354327308
1877,other,73.24783561446995,2860.081680856414,0.025610399907367975
1878,administrative,1441.7181516005492,3014.5749783221327,0.4782492264972583
1878,ecclesiastical,0.5983994508273719,3014.5749783221327,0.00019850209569523863
1878,educational,782.6071247922537,3014.5749783221327,0.2596077823308416
1878,financial,438.88648023701126,3014.5749783221327,0.1455881785634965
1878,land_rent,350.7648222414914,3014.5749783221327,0.11635631051270845
1878,other,0.0,3014.5749783221327,0.0
1879,administrative,0.22711581089429123,2193.092726843272,0.00010355960243468626
1879,domestic,10.629019949852829,2193.092726843272,0.0048465893939433164
1879,ecclesiastical,51.33725789454559,2193.092726843272,0.02340861253433648
1879,educational,1491.603528471238,2193.092726843272,0.680137009354021
1879,financial,273.4974017951234,2193.092726843272,0.12470854444389788
1879,land_rent,354.5720683891129,2193.092726843272,0.16167673352301998
1879,maintenance,11.226334532504815,2193.092726843272,0.005118951148346542
1879,other,0.0,2193.092726843272,0.0
1880,domestic,16.11842105263158,1914.9636787280701,0.00841708969819079
1880,ecclesiastical,7.401315789473684,1914.9636787280701,0.0038649901675365875
1880,educational,167.15666118421052,1914.9636787280701,0.08728972932543395
1880,financial,1595.218841374269,1914.9636787280701,0.8330282496187199
1880,land_rent,129.06843932748538,1914.9636787280701,0.06739994119011875
1881,administrative,77.72720544701008,8164.863292813796,0.00951971915015659
1881,charitable,5.550621669626999,8164.863292813796,0.000679818077849792
1881,domestic,1905.538248408822,8164.863292813796,0.2333827499703465
1881,ecclesiastical,15.176324748371819,8164.863292813796,0.0018587359278543064
1881,educational,2330.1399913040264,8164.863292813796,0.2853862836080637
1881,financial,3634.953536671108,8164.863292813796,0.4451946598873698
1881,land_rent,178.9636064239195,8164.863292813796,0.021918751117539482
1881,maintenance,2.636545293072824,8164.863292813796,0.0003229135869786512
1881,other,0.0,8164.863292813796,0.0
1881,salary_stipend,14.177212847838959,8164.863292813796,0.001736368673841344
1882,administrative,389.4821642685851,8925.56579736211,0.04363669184800519
1882,ecclesiastical,89.46202413069544,8925.56579736211,0.010023120792760873
1882,educational,3871.1897669364507,8925.56579736211,0.43371925711203146
1882,financial,3978.17312556205,8925.56579736211,0.4457054281912046
1882,land_rent,567.6720342476019,8925.56579736211,0.06360067777612188
1882,maintenance,8.444806654676258,8925.56579736211,0.0009461368440275309
1882,other,21.14187556205036,8925.56579736211,0.002368687435848459
1883,administrative,169.98235428051,12562.22487856709,0.013531230010897483
1883,domestic,940.488387978142,12562.22487856709,0.07486638689160441
1883,ecclesiastical,1.8499544626593805,12562.22487856709,0.00014726328182642717
1883,educational,6414.835686095932,12562.22487856709,0.5106448696870995
1883,financial,2118.710154826958,12562.22487856709,0.1686572382923803
1883,land_rent,2916.35834092289,12562.22487856709,0.23215301183619189
1884,domestic,2705.2847286285364,20172.6966097786,0.13410625168065857
1884,ecclesiastical,455.0276752767528,20172.6966097786,0.022556611249295287
1884,educational,4531.442189421894,20172.6966097786,0.22463244637433863
1884,financial,9060.301833487085,20172.6966097786,0.4491368709275663
1884,land_rent,3420.6401829643296,20172.6966097786,0.16956781976814114
1885,administrative,2656.5444898753894,9841.824863707165,0.2699239751432375
1885,domestic,92.4722546728972,9841.824863707165,0.0093958443635691
1885,educational,3002.557924454829,9841.824863707165,0.30508142199594496
1885,financial,1529.3516355140187,9841.824863707165,0.1553930959647204
1885,land_rent,2556.7294587227416,9841.824863707165,0.2597820520207557
1885,other,4.169100467289719,9841.824863707165,0.0004236105117724403
1886,domestic,42.43854561237374,8728.749901357323,0.0048619270905876835
1886,educational,5114.455097853535,8728.749901357323,0.5859321386970012
1886,financial,1073.1312144886365,8728.749901357323,0.12294214253082955
1886,land_rent,2498.7250434027774,8728.749901357323,0.28626379168158145
1889,administrative,2343.9580251479288,12729.777901051939,0.18413188693215404
1889,domestic,105.25558842866536,12729.777901051939,0.008268454426056204
1889,ecclesiastical,437.916050295858,12729.777901051939,0.034400918358494716
1889,educational,4561.932425213675,12729.777901051939,0.35836700849562303
1889,financial,3175.760704306377,12729.777901051939,0.2494749499159718
1889,land_rent,2049.386711045365,12729.777901051939,0.16099155279653476
1889,other,55.56839661406969,12729.777901051939,0.0043652290751653835
1891,administrative,2325.125282143671,56686.41154666501,0.04101733058600114
1891,domestic,0.0,56686.41154666501,0.0
1891,ecclesiastical,546.2741504628192,56686.41154666501,0.009636774238445469
1891,educational,15901.019341078048,56686.41154666501,0.2805084835540898
1891,financial,33859.10159242924,56686.41154666501,0.5973054329705801
1891,land_rent,4042.947961317844,56686.41154666501,0.07132128937090391
1891,other,11.943219233397526,56686.41154666501,0.00021068927997965983
1892,administrative,2162.1639701947224,17559.808673994485,0.12313140822523984
1892,domestic,0.0,17559.808673994485,0.0
1892,educational,9276.565909184472,17559.808673994485,0.5282839967910795
1892,financial,3626.960602692355,17559.808673994485,0.20654898182710657
1892,land_rent,2494.118191922935,17559.808673994485,0.1420356131565741
1892,other,0.0,17559.808673994485,0.0
1893,administrative,4203.849773903792,34339.044564483454,0.12242186197142461
1893,domestic,0.0,34339.044564483454,0.0
1893,ecclesiastical,551.7156712295132,34339.044564483454,0.016066715839850344
1893,educational,12311.971845395208,34339.044564483454,0.3585414795765565
1893,financial,13676.869130194586,34339.044564483454,0.39828915753644584
1893,land_rent,3594.6381437603586,34339.044564483454,0.10468078507572277
1893,other,0.0,34339.044564483454,0.0
1894,administrative,148.1343055894557,9087.358127898462,0.01630114093717501
1894,domestic,23.1343055894557,9087.358127898462,0.002545768006923012
1894,ecclesiastical,544.0795093971199,9087.358127898462,0.05987213244372745
1894,educational,5073.109897485965,9087.358127898462,0.5582601484485755
1894,financial,1493.4987999349116,9087.358127898462,0.16434906371190824
1894,land_rent,1792.599768123017,9087.358127898462,0.19726302660172287
1894,other,12.801541778537139,9087.358127898462,0.0014087198499678384
1895,administrative,2535.4337276311803,8675.2906682843,0.29225922503097057
1895,ecclesiastical,292.6397735314933,8675.2906682843,0.03373256121565414
1895,educational,2937.0008088160953,8675.2906682843,0.33854782751584067
1895,financial,1267.5487817207563,8675.2906682843,0.14611023770704823
1895,land_rent,1642.6675765847742,8675.2906682843,0.18935014853048632
1896,administrative,66.24653238451333,8797.141981264826,0.007530460748001774
1896,ecclesiastical,202.64694648815984,8797.141981264826,0.023035543466245603
1896,educational,5634.495738350823,8797.141981264826,0.6404916222053191
1896,financial,1303.7279379246572,8797.141981264826,0.1481990333566506
1896,land_rent,1590.0248261166728,8797.141981264826,0.180743340223783
1897,administrative,2265.4085976377482,7742.8577852389235,0.29258042191560724
1897,ecclesiastical,379.1968942982193,7742.8577852389235,0.0489737645732206
1897,educational,3885.559685832484,7742.8577852389235,0.5018250100421529
1897,financial,737.7115934208686,7742.8577852389235,0.0952763971498031
1897,land_rent,474.9810140496033,7742.8577852389235,0.06134440631921624
1898,administrative,7.689556509298999,14121.483071053886,0.0005445289613426649
1898,ecclesiastical,24.34777857256398,14121.483071053886,0.0017241658294709767
1898,educational,5834.855845652519,14121.483071053886,0.41319001809468325
1898,financial,6907.141650770943,14121.483071053886,0.4891229636446013
1898,land_rent,1347.4482395485616,14121.483071053886,0.09541832346990177
1899,administrative,222.4757502123709,2413.0390762361963,0.09219732593778944
1899,domestic,79.54276062348131,2413.0390762361963,0.032963726699175674
1899,ecclesiastical,278.7935360240226,2413.0390762361963,0.11553627074240276
1899,educational,555.2806258519529,2413.0390762361963,0.2301167151913955
1899,financial,973.0140856200243,2413.0390762361963,0.40323179810983817
1899,land_rent,303.93231790434425,2413.0390762361963,0.12595416331939846
1900,administrative,244.99852681202128,3935.7002553525836,0.06225030132282593
1900,ecclesiastical,294.2300137497545,3935.7002553525836,0.07475925366765403
1900,educational,540.1983893144766,3935.7002553525836,0.13725597841954618
1900,financial,1242.1552740129641,3935.7002553525836,0.3156122655234283
1900,land_rent,1614.1180514633668,3935.7002553525836,0.4101222010665455
